%%%%%%%%%%%%%%%%%%%%%%%%%%%%%%%%%%%%%%%%%%%%%%%%%%%%%%%%%%%%%%%%%%%%%%%
%%%%%%                                                           %%%%%%
%%%%%%              Turbulent Plane Poiseuille flow              %%%%%%
%%%%%%                                                           %%%%%%
%%%%%%%%%%%%%%%%%%%%%%%%%%%%%%%%%%%%%%%%%%%%%%%%%%%%%%%%%%%%%%%%%%%%%%%

%%%%%%%%%%%%%%%%%%%%%%%%%%%%%%%%%%%%%%%%%%%%%%%%%%%%%%%%%%%%%%%%%%%%%%%
%%%%%%                                                           %%%%%%
%%%%%%      Supported by the German Science Foundation (DFG)     %%%%%%
%%%%%%                                                           %%%%%%
%%%%%%            Projects:   OB 96/39-1                         %%%%%%
%%%%%%                        OB 96/48-1                         %%%%%%
%%%%%%                                                           %%%%%%
%%%%%%                          and                              %%%%%%
%%%%%%                                                           %%%%%%
%%%%%%                      MINECO/FEDER                         %%%%%%
%%%%%%            Project: RTI2018-102256-B-I00                  %%%%%%
%%%%%%                                                           %%%%%%
%%%%%%                      2014 - 2021                          %%%%%%
%%%%%%                                                           %%%%%%
%%%%%%                                                           %%%%%%
%%%%%%                Chair of Fluid Dynamics                    %%%%%%
%%%%%%                                                           %%%%%%
%%%%%%         Department of Mechanical Engineering,             %%%%%%
%%%%%%            Technische Unversitaet Darmstadt,              %%%%%%
%%%%%%      Otto-Berndt-Str. 2, 64287 Darmstadt, Germany         %%%%%%
%%%%%%                                                           %%%%%%
%%%%%%                           &                               %%%%%%
%%%%%%                                                           %%%%%%
%%%%%%                         IUMPA                             %%%%%%
%%%%%%                                                           %%%%%%
%%%%%%          Universitat Politecnica de Valencia,             %%%%%%
%%%%%%       Camino de Vera, s/n 46022 Valencia, Spain           %%%%%%
%%%%%%                                                           %%%%%%
%%%%%%%%%%%%%%%%%%%%%%%%%%%%%%%%%%%%%%%%%%%%%%%%%%%%%%%%%%%%%%%%%%%%%%%


%%%%%%%%%%%%%%%%%%%%%%%%%%%%%%%%%%%%%%%%%%%%%%%%%%%%%%%%%%%%%%%%%%%%%%%
%%%%%%                                                           %%%%%%
%%%%%%                     <<< CAUTION >>>                       %%%%%%
%%%%%%                                                           %%%%%%
%%%%%%  All rights are reserved by the Chair of Fluid Dynamics.  %%%%%%
%%%%%%  No part of the data described herein may be represented  %%%%%%
%%%%%%  without reference. The data base may be used without     %%%%%%
%%%%%%  notification to the author's laboratory.                 %%%%%%
%%%%%%                                                           %%%%%%
%%%%%%%%%%%%%%%%%%%%%%%%%%%%%%%%%%%%%%%%%%%%%%%%%%%%%%%%%%%%%%%%%%%%%%%
%%                                                                   %%
%%  REFERENCES:                                                      %%
%%  1. Turbulence statistics of arbitrary moments of wall-bounded    %%
%%     shear flows: A symmetry approach                              %%
%%     M. Oberlack, S. Hoyas, S. Kraheberger, F. Alcantara-Avila and %%
%%     J. Laux                                                       %%
%%     Accepted in PRL. Please check final reference                                               %%
%%                                                                   %%
%%  2. Wall turbulence at high friction Reynolds numbers             %%
%%                                                                   %%
%%     S. Hoyas, M. Oberlack, S. Kraheberger, F. Alcantara-Avila and %%
%%     J. Laux                                                       %%
%%     Accepted in PRF. Please check final reference                                                %%
%%                                                                   %%
Please check the final references before citing these papers
%%                                                                   %%
%%  NOMENCLATURE:                                                    %%
%%   x = streamwise coordinate                                       %%
%%   y = wall-normal coordinate                                      %%
%%   z = spanwise coordinate                                         %%
%%   h = channel half-width                                          %%
%%   U = mean streamwise velocity                                    %%
%%   utau = friction velocity                                        %%
%%   nu = kinematic viscosity                                        %%
%%   Retau = Reynolds number utau*h/nu                               %%
%%   u',v',w' = rms values of streamwise, wall-normal and spanwise   %%
%%              velocity fluctuations                                %%
%%   uv',  = Reynolds shear stresses                                 %%
%%   dU/dy = viscous stress                                          %%
%%   (.)+ = normalized by utau and nu                                %%
%%                                                                   %%
%%                                                                   %%
%%  BOX SIZE in h (x,y,z): 2pi|2|1pi                                 %%
%%  FLOW CONDITIONS:  Retau = 10050 (Re = 290000),                   %%
%%                     utau = 0.034600                               %%
%%                                                                   %%
%% Data file created: October 06, 2021                               %%
%%%%%%%%%%%%%%%%%%%%%%%%%%%%%%%%%%%%%%%%%%%%%%%%%%%%%%%%%%%%%%%%%%%%%%%

%      y/h            y+         dissip        prod         p-strain       p-diff        T-diff        V-diff   
   0.00000000    0.00000000    0.00000000    0.00000000    0.17921952   -0.17921952    0.00000000   -0.00000000 
   0.00003027    0.30422051    0.00146903   -0.00000194    0.15395233   -0.15322070   -0.00000391   -0.00220146 
   0.00007219    0.72547606    0.00380679   -0.00004565    0.14246387   -0.14057381   -0.00010096   -0.00557979 
   0.00012539    1.26009548    0.00694490   -0.00034110    0.12186126   -0.11792045   -0.00075094   -0.00985405 
   0.00018953    1.90459822    0.01039262   -0.00144158    0.09546961   -0.08763476   -0.00298100   -0.01397464 
   0.00026427    2.65568260    0.01327025   -0.00428824    0.06974249   -0.05500895   -0.00785741   -0.01625713 
   0.00034930    3.51022321    0.01469199   -0.00997642    0.05136099   -0.02619017   -0.01518503   -0.01549846 
   0.00044433    4.46525090    0.01433560   -0.01927260    0.04491976   -0.00651708   -0.02294905   -0.01188906 
   0.00054909    5.51794500    0.01249936   -0.03214003    0.05068068    0.00198024   -0.02833542   -0.00673900 
   0.00066329    6.66561615    0.00987257   -0.04759051    0.06560877    0.00036778   -0.02938183   -0.00167173 
   0.00078669    7.90570435    0.00715642   -0.06396707    0.08470507   -0.00780364   -0.02577988    0.00222225 
   0.00091905    9.23577385    0.00483906   -0.07947083    0.10328496   -0.01850945   -0.01869521    0.00452090 
   0.00106012   10.65349956    0.00313436   -0.09264195    0.11800406   -0.02838038   -0.00993364    0.00542220 
   0.00120970   12.15666242    0.00204589   -0.10261346    0.12741979   -0.03553444   -0.00123161    0.00534265 
   0.00136757   13.74313765    0.00146819   -0.10912242    0.13149257   -0.03933996    0.00622188    0.00474326 
   0.00153353   15.41089442    0.00126629   -0.11237248    0.13111033   -0.04011261    0.01181808    0.00394348 
   0.00170738   17.15799316    0.00131788   -0.11284461    0.12742162   -0.03852946    0.01545719    0.00315094 
   0.00188894   18.98257425    0.00152791   -0.11113429    0.12158400   -0.03539067    0.01732566    0.00245194 
   0.00207804   20.88285772    0.00182727   -0.10783596    0.11451639   -0.03135794    0.01776477    0.00188192 
   0.00227450   22.85713273    0.00216734   -0.10347877    0.10691735   -0.02695012    0.01714116    0.00143215 
   0.00247816   24.90375677    0.00251399   -0.09849872    0.09925049   -0.02250771    0.01579837    0.00108897 
   0.00268886   27.02115562    0.00284414   -0.09323567    0.09182100   -0.01824980    0.01401711    0.00082732 
   0.00290645   29.20781652    0.00314226   -0.08793978    0.08480846   -0.01430444    0.01202458    0.00063125 
   0.00313079   31.46228566    0.00339864   -0.08278517    0.07831429   -0.01074733    0.00999100    0.00048287 
   0.00336174   33.78316407    0.00360840   -0.07788502    0.07237290   -0.00759867    0.00803515    0.00037181 
   0.00359917   36.16910254    0.00377014   -0.07330535    0.06699353   -0.00486822    0.00623906    0.00028636 
   0.00384293   38.61880161    0.00388521   -0.06907589    0.06215908   -0.00254604    0.00464741    0.00022151 
   0.00409292   41.13101158    0.00395678   -0.06520179    0.05783991   -0.00060848    0.00327842    0.00017147 
   0.00434901   43.70452728    0.00398875   -0.06167109    0.05399488    0.00098123    0.00212674    0.00013422 
   0.00461109   46.33818626    0.00398587   -0.05846229    0.05057907    0.00226042    0.00118031    0.00010564 
   0.00487903   49.03086709    0.00395321   -0.05554820    0.04754550    0.00327467    0.00040987    0.00008392 
   0.00515274   51.78148464    0.00389564   -0.05289939    0.04485327    0.00405995   -0.00020617    0.00006651 
   0.00543212   54.58899006    0.00381798   -0.05048528    0.04246009    0.00464761   -0.00068301    0.00005195 
   0.00571705   57.45237080    0.00372429   -0.04827665    0.04033367    0.00505947   -0.00103743    0.00004069 
   0.00600745   60.37064975    0.00361846   -0.04624921    0.03844088    0.00532080   -0.00129516    0.00003303 
   0.00630321   63.34287927    0.00350383   -0.04438206    0.03675229    0.00545481   -0.00147280    0.00002693 
   0.00660425   66.36814468    0.00338335   -0.04265519    0.03523867    0.00549167   -0.00158970    0.00002217 
   0.00691049   69.44555891    0.00325909   -0.04105158    0.03387984    0.00544735   -0.00165901    0.00001844 
   0.00722182   72.57426142    0.00313300   -0.03955674    0.03265081    0.00534121   -0.00168791    0.00001506 
   0.00753818   75.75341817    0.00300690   -0.03815896    0.03152447    0.00519477   -0.00168293    0.00001247 
   0.00785947   78.98222162    0.00288245   -0.03684975    0.03048193    0.00502298   -0.00165163    0.00001045 
   0.00818563   82.25989032    0.00276039   -0.03561972    0.02951507    0.00483288   -0.00160396    0.00000855 
   0.00851658   85.58566392    0.00264116   -0.03445881    0.02862147    0.00462175   -0.00154454    0.00000741 
   0.00885224   88.95880654    0.00252580   -0.03336219    0.02778378    0.00440373   -0.00147751    0.00000736 
   0.00919254   92.37860309    0.00241487   -0.03232591    0.02699230    0.00418609   -0.00140241    0.00000681 
   0.00953742   95.84435786    0.00230806   -0.03134246    0.02625020    0.00396256   -0.00131730    0.00000542 
   0.00988680   99.35539453    0.00220519   -0.03040497    0.02555708    0.00372948   -0.00122406    0.00000451 
   0.01024062  102.91105620    0.00210683   -0.02951193    0.02489613    0.00350429   -0.00113084    0.00000390 
   0.01059882  106.51070534    0.00201297   -0.02866113    0.02426174    0.00329179   -0.00104036    0.00000378 
   0.01096133  110.15372255    0.00192359   -0.02784972    0.02365747    0.00308441   -0.00095191    0.00000369 
   0.01132810  113.83950340    0.00183866   -0.02707516    0.02308141    0.00288423   -0.00086660    0.00000340 
   0.01169907  117.56746192    0.00175803   -0.02633460    0.02253144    0.00269364   -0.00078718    0.00000306 
   0.01207418  121.33702665    0.00168157   -0.02562528    0.02200614    0.00250972   -0.00070933    0.00000265 
   0.01245337  125.14764036    0.00160907   -0.02494621    0.02149715    0.00233716   -0.00063130    0.00000222 
   0.01283659  128.99876003    0.00154040   -0.02429695    0.02100451    0.00217357   -0.00055111    0.00000184 
   0.01322379  132.88985687    0.00147545   -0.02367507    0.02053461    0.00201243   -0.00047278    0.00000142 
   0.01361492  136.82041630    0.00141386   -0.02307815    0.02008508    0.00185945   -0.00040310    0.00000149 
   0.01400992  140.78993768    0.00135550   -0.02250422    0.01965005    0.00171851   -0.00034148    0.00000138 
   0.01440876  144.79793090    0.00130013   -0.02195123    0.01923416    0.00158171   -0.00028380    0.00000126 
   0.01481137  148.84391958    0.00124775   -0.02141897    0.01882645    0.00145983   -0.00023053    0.00000120 
   0.01521772  152.92743885    0.00119817   -0.02090721    0.01842510    0.00135189   -0.00017985    0.00000124 
   0.01562776  157.04803429    0.00115122   -0.02041565    0.01803343    0.00125205   -0.00013368    0.00000150 
   0.01604144  161.20526191    0.00110675   -0.01994358    0.01765075    0.00115924   -0.00008980    0.00000141 
   0.01645873  165.39868818    0.00106445   -0.01948844    0.01727864    0.00107439   -0.00004684    0.00000099 
   0.01687957  169.62789000    0.00102420   -0.01904891    0.01691704    0.00099915   -0.00000670    0.00000077 
   0.01730394  173.89245473    0.00098590   -0.01862386    0.01656625    0.00093236    0.00002791    0.00000067 
   0.01773178  178.19197995    0.00094960   -0.01821413    0.01622714    0.00087252    0.00005528    0.00000098 
   0.01816306  182.52607061    0.00091529   -0.01781947    0.01590107    0.00081296    0.00008112    0.00000116 
   0.01859775  186.89434201    0.00088270   -0.01743831    0.01558705    0.00075241    0.00011013    0.00000100 
   0.01903579  191.29641807    0.00085169   -0.01706984    0.01527806    0.00070145    0.00013836    0.00000074 
   0.01947717  195.73193042    0.00082208   -0.01671284    0.01497687    0.00065768    0.00016109    0.00000051 
   0.01992184  200.20051837    0.00079389   -0.01636692    0.01468522    0.00061634    0.00018043    0.00000027 
   0.02036976  204.70182890    0.00076702   -0.01603155    0.01440362    0.00057448    0.00019888   -0.00000004 
   0.02082090  209.23551672    0.00074141   -0.01570711    0.01413100    0.00053260    0.00021877    0.00000007 
   0.02127524  213.80124420    0.00071702   -0.01539384    0.01386203    0.00049667    0.00023944    0.00000009 
   0.02173272  218.39868140    0.00069368   -0.01509042    0.01360124    0.00046259    0.00025934    0.00000012 
   0.02219334  223.02750552    0.00067142   -0.01479587    0.01335165    0.00042694    0.00027625    0.00000023 
   0.02265704  227.68739888    0.00065017   -0.01451014    0.01311148    0.00039206    0.00028808    0.00000042 
   0.02312380  232.37805201    0.00062981   -0.01423247    0.01287918    0.00035905    0.00029534    0.00000059 
   0.02359360  237.09916142    0.00061040   -0.01396346    0.01265273    0.00032701    0.00030268    0.00000065 
   0.02406639  241.85042930    0.00059181   -0.01370279    0.01243000    0.00029770    0.00030938    0.00000048 
   0.02454216  246.63156353    0.00057396   -0.01344983    0.01221315    0.00026967    0.00031690    0.00000016 
   0.02502087  251.44227764    0.00055681   -0.01320388    0.01200032    0.00024537    0.00032459   -0.00000006 
   0.02550250  256.28229086    0.00054039   -0.01296474    0.01179114    0.00022576    0.00033189   -0.00000028 
   0.02598701  261.15132807    0.00052466   -0.01273104    0.01158774    0.00020920    0.00033879   -0.00000032 
   0.02647439  266.04911984    0.00050959   -0.01250283    0.01139297    0.00019128    0.00034392   -0.00000008 
   0.02696460  270.97540243    0.00049512   -0.01228085    0.01120433    0.00017576    0.00034256    0.00000008 
   0.02745762  275.92991613    0.00048123   -0.01206566    0.01101636    0.00016809    0.00033471    0.00000028 
   0.02795343  280.91240619    0.00046786   -0.01185801    0.01082981    0.00016596    0.00032467    0.00000056 
   0.02845199  285.92262355    0.00045504   -0.01165740    0.01064353    0.00017035    0.00031412    0.00000070 
   0.02895329  290.96032331    0.00044276   -0.01146238    0.01046195    0.00017390    0.00030680    0.00000049 
   0.02945730  296.02526478    0.00043100   -0.01127291    0.01028832    0.00017193    0.00030528    0.00000040 
   0.02996400  301.11721148    0.00041972   -0.01108893    0.01011926    0.00016890    0.00030447    0.00000027 
   0.03047336  306.23593112    0.00040879   -0.01090902    0.00995599    0.00016526    0.00030259    0.00000029 
   0.03098536  311.38119561    0.00039822   -0.01073312    0.00979740    0.00016220    0.00029797    0.00000020 
   0.03149998  316.55278106    0.00038803   -0.01056120    0.00963953    0.00016372    0.00029234    0.00000004 
   0.03201720  321.75046776    0.00037819   -0.01039293    0.00948552    0.00016588    0.00028423    0.00000008 
   0.03253699  326.97404024    0.00036869   -0.01022849    0.00933603    0.00016827    0.00027436    0.00000029 
   0.03305934  332.22328671    0.00035954   -0.01006766    0.00919431    0.00016501    0.00026730    0.00000026 
   0.03358423  337.49799787    0.00035070   -0.00991039    0.00905891    0.00015628    0.00026392    0.00000014 
   0.03411162  342.79796935    0.00034218   -0.00975766    0.00892812    0.00014470    0.00026134    0.00000019 
   0.03464151  348.12300007    0.00033398   -0.00960908    0.00879987    0.00013469    0.00025628    0.00000026 
   0.03517388  353.47289206    0.00032605   -0.00946446    0.00867294    0.00012723    0.00025014    0.00000025 
   0.03570870  358.84745050    0.00031833   -0.00932266    0.00854827    0.00012130    0.00024357   -0.00000000 
   0.03624595  364.24648364    0.00031088   -0.00918396    0.00842482    0.00011800    0.00023847   -0.00000010 
   0.03678562  369.66980288    0.00030370   -0.00904859    0.00830357    0.00011726    0.00023334    0.00000003 
   0.03732769  375.11722270    0.00029675   -0.00891660    0.00818264    0.00012184    0.00022443    0.00000026 
   0.03787214  380.58856074    0.00029000   -0.00878791    0.00806173    0.00012984    0.00021375    0.00000030 
   0.03841895  386.08363771    0.00028337   -0.00866237    0.00794789    0.00013282    0.00020156    0.00000045 
   0.03896811  391.60227747    0.00027696   -0.00854034    0.00783898    0.00013379    0.00018790    0.00000046 
   0.03951960  397.14430687    0.00027074   -0.00842178    0.00773411    0.00013447    0.00017329    0.00000038 
   0.04007339  402.70955438    0.00026473   -0.00830581    0.00762986    0.00013661    0.00016121    0.00000025 
   0.04062948  408.29785190    0.00025893   -0.00819206    0.00752459    0.00014135    0.00015170    0.00000021 
   0.04118784  413.90903427    0.00025334   -0.00808120    0.00741896    0.00014819    0.00014349    0.00000012 
   0.04174847  419.54293860    0.00024795   -0.00797231    0.00731534    0.00015493    0.00013633   -0.00000006 
   0.04231134  425.19940436    0.00024266   -0.00786502    0.00721447    0.00016055    0.00013137   -0.00000020 
   0.04287644  430.87827331    0.00023748   -0.00775902    0.00711848    0.00016259    0.00012729   -0.00000029 
   0.04344376  436.57938953    0.00023245   -0.00765467    0.00702535    0.00016225    0.00012344   -0.00000025 
   0.04401327  442.30259942    0.00022764   -0.00755313    0.00693283    0.00016140    0.00012081   -0.00000031 
   0.04458497  448.04775171    0.00022302   -0.00745415    0.00684366    0.00015872    0.00011840   -0.00000022 
   0.04515883  453.81469742    0.00021853   -0.00735738    0.00675639    0.00015652    0.00011485   -0.00000006 
   0.04573485  459.60328992    0.00021417   -0.00726255    0.00666985    0.00015595    0.00010900    0.00000014 
   0.04631301  465.41338488    0.00020987   -0.00716902    0.00658434    0.00015732    0.00010078    0.00000023 
   0.04689330  471.24484028    0.00020563   -0.00707702    0.00650341    0.00015790    0.00009389    0.00000005 
   0.04747569  477.09751554    0.00020151   -0.00698767    0.00642299    0.00016070    0.00008609    0.00000005 
   0.04806019  482.97127193    0.00019750   -0.00690044    0.00634173    0.00016646    0.00007805    0.00000001 
   0.04864676  488.86597348    0.00019355   -0.00681415    0.00626438    0.00017077    0.00006772   -0.00000006 
   0.04923541  494.78148595    0.00018978   -0.00672925    0.00619228    0.00017083    0.00005704   -0.00000007 
   0.04982612  500.71767681    0.00018617   -0.00664618    0.00612340    0.00016676    0.00004822   -0.00000008 
   0.05041887  506.67441529    0.00018264   -0.00656453    0.00605561    0.00016049    0.00004194   -0.00000017 
   0.05101365  512.65157233    0.00017919   -0.00648439    0.00598809    0.00015389    0.00003855   -0.00000019 
   0.05161046  518.64902060    0.00017585   -0.00640617    0.00591909    0.00015123    0.00003360    0.00000000 
   0.05220927  524.66663450    0.00017259   -0.00633052    0.00584726    0.00015258    0.00002820    0.00000011 
   0.05281007  530.70429017    0.00016939   -0.00625661    0.00577880    0.00015046    0.00002411    0.00000010 
   0.05341286  536.76186547    0.00016630   -0.00618431    0.00571150    0.00014789    0.00001995    0.00000010 
   0.05401761  542.83923998    0.00016328   -0.00611283    0.00564587    0.00014450    0.00001611    0.00000006 
   0.05462433  548.93629504    0.00016032   -0.00604245    0.00557936    0.00014392    0.00001188    0.00000006 
   0.05523299  555.05291368    0.00015739   -0.00597346    0.00551368    0.00014626    0.00000604    0.00000010 
   0.05584358  561.18898041    0.00015449   -0.00590587    0.00545031    0.00015041   -0.00000241    0.00000013 
   0.05645610  567.34438041    0.00015164   -0.00583932    0.00539050    0.00015313   -0.00001073    0.00000012 
   0.05707054  573.51900127    0.00014892   -0.00577444    0.00533103    0.00015613   -0.00001959    0.00000015 
   0.05768687  579.71273200    0.00014631   -0.00571121    0.00527014    0.00016025   -0.00002613    0.00000011 
   0.05830510  585.92546292    0.00014372   -0.00564822    0.00521105    0.00016397   -0.00003338   -0.00000002 
   0.05892520  592.15708563    0.00014118   -0.00558520    0.00515394    0.00016757   -0.00004046   -0.00000021 
   0.05954718  598.40749303    0.00013873   -0.00552297    0.00509851    0.00016990   -0.00004855   -0.00000011 
   0.06017101  604.67657933    0.00013640   -0.00546269    0.00504381    0.00017146   -0.00005576   -0.00000008 
   0.06079669  610.96424000    0.00013411   -0.00540372    0.00498981    0.00017192   -0.00006048   -0.00000006 
   0.06142421  617.27037185    0.00013187   -0.00534613    0.00493643    0.00017074   -0.00006180   -0.00000001 
   0.06205356  623.59487295    0.00012967   -0.00529026    0.00488380    0.00016876   -0.00006238    0.00000002 
   0.06268472  629.93764267    0.00012749   -0.00523596    0.00483310    0.00016677   -0.00006391   -0.00000006 
   0.06331770  636.29858170    0.00012538   -0.00518270    0.00478427    0.00016486   -0.00006638   -0.00000006 
   0.06395247  642.67759198    0.00012337   -0.00512984    0.00473652    0.00016275   -0.00006931    0.00000001 
   0.06458903  649.07457680    0.00012143   -0.00507731    0.00468865    0.00016098   -0.00007096    0.00000003 
   0.06522737  655.48944069    0.00011951   -0.00502558    0.00463926    0.00016098   -0.00007162    0.00000005 
   0.06586748  661.92208868    0.00011759   -0.00497461    0.00459184    0.00016002   -0.00007197    0.00000001 
   0.06650934  668.37242711    0.00011575   -0.00492526    0.00454747    0.00015713   -0.00007365    0.00000000 
   0.06715297  674.84036389    0.00011399   -0.00487662    0.00450612    0.00015175   -0.00007655    0.00000006 
   0.06779833  681.32580787    0.00011225   -0.00482824    0.00446595    0.00014608   -0.00008122    0.00000014 
   0.06844542  687.82866891    0.00011050   -0.00478011    0.00442456    0.00014363   -0.00008769    0.00000007 
   0.06909424  694.34885781    0.00010872   -0.00473137    0.00438364    0.00014286   -0.00009411   -0.00000002 
   0.06974478  700.88628637    0.00010701   -0.00468324    0.00434214    0.00014450   -0.00010150    0.00000006 
   0.07039702  707.44086735    0.00010539   -0.00463699    0.00429944    0.00014876   -0.00010943    0.00000004 
   0.07105096  714.01251449    0.00010380   -0.00459190    0.00425737    0.00015393   -0.00011665    0.00000008 
   0.07170659  720.60114248    0.00010226   -0.00454833    0.00421575    0.00015909   -0.00012127    0.00000013 
   0.07236391  727.20666702    0.00010076   -0.00450568    0.00417701    0.00016118   -0.00012396    0.00000014 
   0.07302289  733.82900475    0.00009929   -0.00446303    0.00414007    0.00016081   -0.00012588    0.00000006 
   0.07368354  740.46807331    0.00009785   -0.00442039    0.00410379    0.00015903   -0.00012845    0.00000007 
   0.07434585  747.12379128    0.00009643   -0.00437844    0.00406607    0.00015992   -0.00013276    0.00000021 
   0.07500980  753.79607825    0.00009503   -0.00433817    0.00402652    0.00016491   -0.00013872    0.00000032 
   0.07567540  760.48485475    0.00009365   -0.00429920    0.00398585    0.00017160   -0.00014406    0.00000008 
   0.07634263  767.19004223    0.00009230   -0.00426037    0.00394755    0.00017449   -0.00014651   -0.00000009 
   0.07701148  773.91156225    0.00009102   -0.00422181    0.00391212    0.00017270   -0.00014674    0.00000002 
   0.07768195  780.64933781    0.00008977   -0.00418411    0.00387486    0.00017400   -0.00014718    0.00000008 
   0.07835404  787.40329287    0.00008852   -0.00414718    0.00383688    0.00017758   -0.00014896    0.00000010 
   0.07902772  794.17335212    0.00008726   -0.00411084    0.00380017    0.00017980   -0.00015017    0.00000008 
   0.07970300  800.95944099    0.00008603   -0.00407478    0.00376373    0.00018191   -0.00015032    0.00000006 
   0.08037987  807.76148566    0.00008484   -0.00403908    0.00372720    0.00018434   -0.00015072    0.00000002 
   0.08105832  814.57941302    0.00008370   -0.00400394    0.00369188    0.00018663   -0.00015198    0.00000006 
   0.08173834  821.41315069    0.00008262   -0.00396895    0.00365918    0.00018663   -0.00015339   -0.00000000 
   0.08241992  828.26262705    0.00008154   -0.00393352    0.00362744    0.00018520   -0.00015384    0.00000000 
   0.08310307  835.12777120    0.00008042   -0.00389736    0.00359651    0.00018286   -0.00015573    0.00000001 
   0.08378777  842.00851296    0.00007928   -0.00386201    0.00356625    0.00018142   -0.00015788    0.00000003 
   0.08447401  848.90478291    0.00007819   -0.00382824    0.00353683    0.00018272   -0.00016377   -0.00000005 
   0.08516179  855.81651233    0.00007713   -0.00379596    0.00350657    0.00018633   -0.00017074    0.00000004 
   0.08585111  862.74363327    0.00007611   -0.00376419    0.00347610    0.00018977   -0.00017960    0.00000013 
   0.08654195  869.68607849    0.00007509   -0.00373221    0.00344760    0.00019140   -0.00018757    0.00000006 
   0.08723430  876.64378148    0.00007407   -0.00370020    0.00342185    0.00018971   -0.00019448    0.00000005 
   0.08792817  883.61667649    0.00007310   -0.00366865    0.00339558    0.00018833   -0.00019912    0.00000006 
   0.08862355  890.60469841    0.00007216   -0.00363797    0.00337009    0.00018648   -0.00020149    0.00000003 
   0.08932042  897.60778217    0.00007122   -0.00360825    0.00334437    0.00018525   -0.00020314    0.00000005 
   0.09001878  904.62586380    0.00007028   -0.00357927    0.00331837    0.00018435   -0.00020491    0.00000005 
   0.09071864  911.65888012    0.00006937   -0.00355133    0.00329066    0.00018397   -0.00020424   -0.00000003 
   0.09141997  918.70676851    0.00006851   -0.00352421    0.00326352    0.00018151   -0.00020089   -0.00000008 
   0.09212277  925.76946688    0.00006769   -0.00349793    0.00323622    0.00017961   -0.00019631   -0.00000005 
   0.09282704  932.84691373    0.00006688   -0.00347200    0.00320794    0.00018063   -0.00019454   -0.00000003 
   0.09353278  939.93904809    0.00006606   -0.00344586    0.00318308    0.00017942   -0.00019488   -0.00000001 
   0.09423997  947.04580955    0.00006523   -0.00341952    0.00316020    0.00017705   -0.00019705    0.00000002 
   0.09494861  954.16713826    0.00006441   -0.00339321    0.00313708    0.00017462   -0.00019978    0.00000008 
   0.09565869  961.30297493    0.00006362   -0.00336691    0.00311190    0.00017441   -0.00020396    0.00000003 
   0.09637021  968.45326081    0.00006285   -0.00334083    0.00308646    0.00017638   -0.00020932   -0.00000007 
   0.09708316  975.61793771    0.00006208   -0.00331501    0.00306074    0.00017948   -0.00021429   -0.00000018 
   0.09779754  982.79694801    0.00006132   -0.00328969    0.00303651    0.00018049   -0.00021567   -0.00000014 
   0.09851334  989.99023462    0.00006058   -0.00326408    0.00301460    0.00017868   -0.00021512   -0.00000008 
   0.09923056  997.19774103    0.00005983   -0.00323778    0.00299510    0.00017464   -0.00021404   -0.00000007 
   0.09994918  1004.41941126    0.00005912   -0.00321213    0.00297287    0.00017371   -0.00021274   -0.00000015 
   0.10066921  1011.65518991    0.00005842   -0.00318679    0.00294942    0.00017336   -0.00021094   -0.00000015 
   0.10139064  1018.90502213    0.00005776   -0.00316168    0.00292802    0.00017006   -0.00020939   -0.00000009 
   0.10211346  1026.16885360    0.00005712   -0.00313674    0.00290731    0.00016652   -0.00020787   -0.00000006 
   0.10283766  1033.44663017    0.00005646   -0.00311161    0.00288702    0.00016397   -0.00020704   -0.00000007 
   0.10356325  1040.73829809    0.00005582   -0.00308690    0.00286540    0.00016518   -0.00020981   -0.00000001 
   0.10429022  1048.04380449    0.00005518   -0.00306354    0.00284380    0.00016690   -0.00021276    0.00000013 
   0.10501856  1055.36309697    0.00005456   -0.00304131    0.00282471    0.00016441   -0.00021503    0.00000011 
   0.10574826  1062.69612352    0.00005394   -0.00301950    0.00280751    0.00015947   -0.00021424    0.00000005 
   0.10647933  1070.04283256    0.00005335   -0.00299808    0.00279086    0.00015576   -0.00021543    0.00000004 
   0.10721175  1077.40317293    0.00005280   -0.00297724    0.00277373    0.00015403   -0.00021733    0.00000008 
   0.10794553  1084.77709389    0.00005223   -0.00295638    0.00275761    0.00015047   -0.00021905    0.00000013 
   0.10868065  1092.16454513    0.00005166   -0.00293555    0.00274043    0.00014744   -0.00021900    0.00000013 
   0.10941711  1099.56547676    0.00005111   -0.00291509    0.00272098    0.00014675   -0.00021924    0.00000019 
   0.11015491  1106.97983931    0.00005056   -0.00289497    0.00269973    0.00014796   -0.00021878    0.00000007 
   0.11089404  1114.40758371    0.00004999   -0.00287453    0.00267947    0.00014884   -0.00021884   -0.00000002 
   0.11163450  1121.84866136    0.00004940   -0.00285356    0.00266053    0.00014880   -0.00022065    0.00000001 
   0.11237628  1129.30302403    0.00004886   -0.00283280    0.00264139    0.00014904   -0.00022206    0.00000005 
   0.11311937  1136.77062395    0.00004833   -0.00281270    0.00262226    0.00014973   -0.00022369    0.00000006 
   0.11386378  1144.25141376    0.00004782   -0.00279333    0.00260312    0.00015131   -0.00022525    0.00000006 
   0.11460950  1151.74534650    0.00004733   -0.00277422    0.00258477    0.00015244   -0.00022613    0.00000004 
   0.11535652  1159.25237567    0.00004684   -0.00275502    0.00256941    0.00015056   -0.00022700    0.00000015 
   0.11610484  1166.77245516    0.00004638   -0.00273633    0.00255279    0.00014975   -0.00022912    0.00000013 
   0.11685445  1174.30553930    0.00004592   -0.00271797    0.00253375    0.00015153   -0.00023119    0.00000002 
   0.11760535  1181.85158284    0.00004546   -0.00270043    0.00251433    0.00015404   -0.00023268   -0.00000001 
   0.11835754  1189.41054048    0.00004498   -0.00268308    0.00249561    0.00015582   -0.00023423   -0.00000007 
   0.11911101  1196.98236741    0.00004452   -0.00266524    0.00247655    0.00015826   -0.00023527   -0.00000012 
   0.11986575  1204.56701948    0.00004407   -0.00264689    0.00245704    0.00016135   -0.00023761   -0.00000017 
   0.12062177  1212.16445284    0.00004365   -0.00262893    0.00243799    0.00016374   -0.00023956   -0.00000004 
   0.12137905  1219.77462398    0.00004325   -0.00261184    0.00242081    0.00016451   -0.00024242   -0.00000003 
   0.12213760  1227.39748971    0.00004284   -0.00259473    0.00240686    0.00016291   -0.00024486    0.00000004 
   0.12289740  1235.03300715    0.00004241   -0.00257697    0.00239473    0.00015920   -0.00024656    0.00000013 
   0.12365846  1242.68113375    0.00004202   -0.00255968    0.00238037    0.00015681   -0.00024660    0.00000023 
   0.12442078  1250.34182728    0.00004164   -0.00254275    0.00236435    0.00015602   -0.00024681    0.00000017 
   0.12518433  1258.01504584    0.00004124   -0.00252585    0.00234657    0.00015667   -0.00024669    0.00000009 
   0.12594913  1265.70074783    0.00004083   -0.00250883    0.00232729    0.00015937   -0.00024572   -0.00000004 
   0.12671517  1273.39889199    0.00004041   -0.00249221    0.00230846    0.00016199   -0.00024373   -0.00000006 
   0.12748244  1281.10943738    0.00004002   -0.00247609    0.00229197    0.00016284   -0.00024140    0.00000000 
   0.12825094  1288.83234338    0.00003964   -0.00246063    0.00227711    0.00016354   -0.00023967    0.00000006 
   0.12902067  1296.56756969    0.00003928   -0.00244572    0.00226278    0.00016479   -0.00023945    0.00000014 
   0.12979162  1304.31507633    0.00003890   -0.00243090    0.00224700    0.00016737   -0.00023986    0.00000007 
   0.13056379  1312.07482364    0.00003852   -0.00241569    0.00223083    0.00016922   -0.00024047    0.00000004 
   0.13133717  1319.84677229    0.00003816   -0.00240036    0.00221402    0.00017132   -0.00024167    0.00000003 
   0.13211176  1327.63088327    0.00003781   -0.00238461    0.00219653    0.00017337   -0.00024321   -0.00000007 
   0.13288756  1335.42711788    0.00003746   -0.00236876    0.00217901    0.00017575   -0.00024457   -0.00000011 
   0.13366456  1343.23543776    0.00003709   -0.00235277    0.00216372    0.00017645   -0.00024803   -0.00000005 
   0.13444276  1351.05580485    0.00003672   -0.00233660    0.00215192    0.00017384   -0.00025136    0.00000001 
   0.13522216  1358.88818130    0.00003636   -0.00232028    0.00214331    0.00016769   -0.00025121    0.00000000 
   0.13600275  1366.73252917    0.00003602   -0.00230464    0.00213371    0.00016171   -0.00024655    0.00000003 
   0.13678452  1374.58881125    0.00003569   -0.00229037    0.00212148    0.00015831   -0.00024154    0.00000009 
   0.13756748  1382.45699059    0.00003534   -0.00227699    0.00210877    0.00015578   -0.00023996    0.00000011 
   0.13835162  1390.33703052    0.00003499   -0.00226347    0.00209709    0.00015238   -0.00023948    0.00000002 
   0.13913693  1398.22889460    0.00003463   -0.00224939    0.00208691    0.00014728   -0.00023766   -0.00000005 
   0.13992342  1406.13254663    0.00003428   -0.00223475    0.00207641    0.00014326   -0.00023728   -0.00000003 
   0.14071108  1414.04795066    0.00003394   -0.00221991    0.00206517    0.00014060   -0.00023827    0.00000002 
   0.14149990  1421.97507099    0.00003365   -0.00220573    0.00205183    0.00014047   -0.00023932   -0.00000008 
   0.14228988  1429.91387218    0.00003335   -0.00219166    0.00203707    0.00014202   -0.00023985   -0.00000011 
   0.14308103  1437.86431901    0.00003305   -0.00217790    0.00202115    0.00014497   -0.00024087   -0.00000009 
   0.14387333  1445.82637652    0.00003276   -0.00216394    0.00200801    0.00014516   -0.00024023   -0.00000013 
   0.14466678  1453.80000999    0.00003249   -0.00215002    0.00199835    0.00014203   -0.00023962   -0.00000013 
   0.14546138  1461.78518496    0.00003223   -0.00213565    0.00199039    0.00013719   -0.00023999   -0.00000017 
   0.14625712  1469.78186720    0.00003196   -0.00212094    0.00198119    0.00013333   -0.00023938   -0.00000019 
   0.14705401  1477.79002275    0.00003171   -0.00210680    0.00196869    0.00013208   -0.00023851   -0.00000006 
   0.14785204  1485.80961785    0.00003145   -0.00209352    0.00195581    0.00013074   -0.00023836   -0.00000001 
   0.14865120  1493.84061905    0.00003116   -0.00208071    0.00194193    0.00013062   -0.00023826   -0.00000000 
   0.14945149  1501.88299309    0.00003087   -0.00206875    0.00192684    0.00013186   -0.00023756   -0.00000003 
   0.15025291  1509.93670698    0.00003057   -0.00205673    0.00191288    0.00013215   -0.00023684   -0.00000011 
   0.15105545  1518.00172799    0.00003026   -0.00204482    0.00190198    0.00012978   -0.00023613   -0.00000007 
   0.15185912  1526.07802361    0.00002999   -0.00203357    0.00189166    0.00012763   -0.00023609    0.00000001 
   0.15266391  1534.16556159    0.00002972   -0.00202246    0.00188158    0.00012619   -0.00023671   -0.00000002 
   0.15346981  1542.26430993    0.00002946   -0.00201109    0.00187185    0.00012548   -0.00023898   -0.00000001 
   0.15427682  1550.37423679    0.00002919   -0.00199962    0.00186128    0.00012604   -0.00024229    0.00000007 
   0.15508495  1558.49531018    0.00002893   -0.00198753    0.00185091    0.00012634   -0.00024433    0.00000007 
   0.15589418  1566.62749872    0.00002866   -0.00197495    0.00184146    0.00012482   -0.00024614    0.00000021 
   0.15670451  1574.77077127    0.00002840   -0.00196248    0.00183361    0.00012069   -0.00024731    0.00000028 
   0.15751594  1582.92509686    0.00002814   -0.00195042    0.00182643    0.00011535   -0.00024725    0.00000021 
   0.15832847  1591.09044474    0.00002788   -0.00193854    0.00181893    0.00011092   -0.00024674    0.00000001 
   0.15914209  1599.26678432    0.00002760   -0.00192609    0.00181165    0.00010737   -0.00024615   -0.00000016 
   0.15995681  1607.45408523    0.00002732   -0.00191332    0.00180330    0.00010542   -0.00024715   -0.00000013 
   0.16077261  1615.65231727    0.00002706   -0.00190059    0.00179500    0.00010247   -0.00024863   -0.00000003 
   0.16158949  1623.86145042    0.00002682   -0.00188849    0.00178571    0.00009892   -0.00024875    0.00000008 
   0.16240746  1632.08145488    0.00002658   -0.00187675    0.00177623    0.00009472   -0.00024861    0.00000006 
   0.16322651  1640.31230101    0.00002633   -0.00186513    0.00176630    0.00009155   -0.00024839   -0.00000008 
   0.16404663  1648.55395938    0.00002609   -0.00185395    0.00175541    0.00009053   -0.00024790   -0.00000012 
   0.16486782  1656.80640074    0.00002586   -0.00184308    0.00174482    0.00009039   -0.00024859   -0.00000003 
   0.16569009  1665.06959602    0.00002564   -0.00183220    0.00173424    0.00009172   -0.00025036    0.00000001 
   0.16651342  1673.34351636    0.00002545   -0.00182186    0.00172270    0.00009528   -0.00025377   -0.00000006 
   0.16733782  1681.62813308    0.00002526   -0.00181218    0.00171118    0.00009894   -0.00025687   -0.00000012 
   0.16816328  1689.92341769    0.00002508   -0.00180296    0.00170195    0.00009920   -0.00025887   -0.00000007 
   0.16898980  1698.22934188    0.00002489   -0.00179392    0.00169496    0.00009626   -0.00025903    0.00000005 
   0.16981737  1706.54587754    0.00002471   -0.00178480    0.00168919    0.00009184   -0.00025818    0.00000018 
   0.17064600  1714.87299675    0.00002454   -0.00177568    0.00168084    0.00008981   -0.00025683    0.00000026 
   0.17147567  1723.21067178    0.00002434   -0.00176540    0.00167240    0.00008782   -0.00025505    0.00000019 
   0.17230640  1731.55887509    0.00002413   -0.00175450    0.00166536    0.00008370   -0.00025168    0.00000019 
   0.17313817  1739.91757931    0.00002393   -0.00174396    0.00165765    0.00007943   -0.00024900    0.00000011 
   0.17397098  1748.28675729    0.00002373   -0.00173463    0.00164681    0.00007915   -0.00024625   -0.00000003 
   0.17480483  1756.66638204    0.00002355   -0.00172586    0.00163552    0.00008097   -0.00024526   -0.00000014 
   0.17563972  1765.05642668    0.00002337   -0.00171724    0.00162353    0.00008453   -0.00024452   -0.00000008 
   0.17647564  1773.45686421    0.00002321   -0.00170890    0.00161025    0.00008987   -0.00024502   -0.00000003 
   0.17731260  1781.86766814    0.00002304   -0.00170050    0.00159842    0.00009402   -0.00024694   -0.00000002 
   0.17815058  1790.28881215    0.00002287   -0.00169160    0.00159010    0.00009475   -0.00024953   -0.00000005 
   0.17898959  1798.72027009    0.00002270   -0.00168207    0.00158345    0.00009366   -0.00025129   -0.00000010 
   0.17982962  1807.16201591    0.00002251   -0.00167174    0.00157653    0.00009260   -0.00025263   -0.00000013 
   0.18067068  1815.61402374    0.00002231   -0.00166115    0.00157036    0.00009049   -0.00025299   -0.00000008 
   0.18151275  1824.07626786    0.00002213   -0.00165098    0.00156580    0.00008640   -0.00025216    0.00000004 
   0.18235584  1832.54872267    0.00002197   -0.00164154    0.00156069    0.00008260   -0.00025075    0.00000008 
   0.18319994  1841.03136273    0.00002182   -0.00163245    0.00155445    0.00008033   -0.00025019    0.00000013 
   0.18404506  1849.52416276    0.00002167   -0.00162388    0.00154650    0.00008061   -0.00025032    0.00000001 
   0.18489118  1858.02709761    0.00002152   -0.00161581    0.00153773    0.00008276   -0.00025100   -0.00000019 
   0.18573831  1866.54014227    0.00002137   -0.00160791    0.00153071    0.00008371   -0.00025191   -0.00000015 
   0.18658644  1875.06327190    0.00002122   -0.00159982    0.00152599    0.00008213   -0.00025446   -0.00000005 
   0.18743557  1883.59646178    0.00002107   -0.00159151    0.00152121    0.00008001   -0.00025767    0.00000000 
   0.18828570  1892.13968736    0.00002092   -0.00158347    0.00151595    0.00007705   -0.00025864    0.00000005 
   0.18913683  1900.69292423    0.00002077   -0.00157596    0.00150975    0.00007447   -0.00025838    0.00000013 
   0.18998895  1909.25614810    0.00002063   -0.00156892    0.00150194    0.00007392   -0.00025907    0.00000011 
   0.19084206  1917.82933486    0.00002048   -0.00156199    0.00149201    0.00007670   -0.00025959    0.00000004 
   0.19169616  1926.41246054    0.00002034   -0.00155518    0.00148334    0.00007878   -0.00026060    0.00000005 
   0.19255125  1935.00550131    0.00002018   -0.00154824    0.00147567    0.00007994   -0.00026134    0.00000008 
   0.19340733  1943.60843347    0.00002000   -0.00154079    0.00146701    0.00008109   -0.00026219    0.00000012 
   0.19426438  1952.22123351    0.00001983   -0.00153308    0.00145803    0.00008153   -0.00026274    0.00000009 
   0.19512241  1960.84387802    0.00001967   -0.00152528    0.00144948    0.00008048   -0.00026193    0.00000002 
   0.19598143  1969.47634376    0.00001954   -0.00151730    0.00144170    0.00007731   -0.00025808   -0.00000003 
   0.19684141  1978.11860764    0.00001940   -0.00150887    0.00143409    0.00007390   -0.00025490    0.00000001 
   0.19770237  1986.77064670    0.00001925   -0.00150042    0.00142714    0.00007044   -0.00025190    0.00000003 
   0.19856430  1995.43243814    0.00001908   -0.00149206    0.00142180    0.00006626   -0.00024917   -0.00000003 
   0.19942720  2004.10395911    0.00001891   -0.00148404    0.00141712    0.00006225   -0.00024496   -0.00000008 
   0.20029106  2012.78518682    0.00001876   -0.00147612    0.00141226    0.00005924   -0.00024325   -0.00000002 
   0.20115589  2021.47609885    0.00001862   -0.00146822    0.00140663    0.00005726   -0.00024282    0.00000000 
   0.20202168  2030.17667289    0.00001847   -0.00146049    0.00140017    0.00005653   -0.00024438    0.00000006 
   0.20288843  2038.88688676    0.00001834   -0.00145375    0.00139299    0.00005668   -0.00024601    0.00000006 
   0.20375613  2047.60671838    0.00001820   -0.00144787    0.00138528    0.00005733   -0.00024599    0.00000006 
   0.20462479  2056.33614578    0.00001809   -0.00144251    0.00137780    0.00005761   -0.00024487    0.00000006 
   0.20549441  2065.07514712    0.00001798   -0.00143688    0.00137010    0.00005873   -0.00024436   -0.00000002 
   0.20636497  2073.82370066    0.00001788   -0.00143016    0.00136318    0.00005925   -0.00024339   -0.00000008 
   0.20723648  2082.58178477    0.00001778   -0.00142234    0.00135726    0.00005911   -0.00024291   -0.00000007 
   0.20810894  2091.34937795    0.00001765   -0.00141390    0.00135189    0.00005928   -0.00024366   -0.00000008 
   0.20898234  2100.12645880    0.00001752   -0.00140585    0.00134604    0.00006003   -0.00024382   -0.00000005 
   0.20985669  2108.91300604    0.00001742   -0.00139845    0.00133956    0.00006097   -0.00024402    0.00000005 
   0.21073197  2117.70899850    0.00001730   -0.00139150    0.00133227    0.00006214   -0.00024382    0.00000006 
   0.21160819  2126.51441513    0.00001717   -0.00138435    0.00132542    0.00006276   -0.00024356    0.00000004 
   0.21248535  2135.32923498    0.00001704   -0.00137727    0.00131985    0.00006211   -0.00024347    0.00000006 
   0.21336344  2144.15343722    0.00001691   -0.00137073    0.00131494    0.00006077   -0.00024359    0.00000002 
   0.21424246  2152.98700115    0.00001677   -0.00136467    0.00130947    0.00006012   -0.00024378   -0.00000007 
   0.21512242  2161.82990615    0.00001663   -0.00135874    0.00130250    0.00006167   -0.00024435   -0.00000006 
   0.21600329  2170.68213174    0.00001650   -0.00135284    0.00129616    0.00006244   -0.00024590   -0.00000004 
   0.21688510  2179.54365755    0.00001640   -0.00134680    0.00129169    0.00006040   -0.00024609   -0.00000007 
   0.21776783  2188.41446332    0.00001630   -0.00134064    0.00128718    0.00005796   -0.00024521   -0.00000016 
   0.21865148  2197.29452890    0.00001621   -0.00133457    0.00128197    0.00005650   -0.00024447   -0.00000011 
   0.21953605  2206.18383425    0.00001613   -0.00132911    0.00127518    0.00005683   -0.00024543   -0.00000004 
   0.22042154  2215.08235947    0.00001603   -0.00132358    0.00126951    0.00005568   -0.00024597   -0.00000002 
   0.22130794  2223.99008473    0.00001593   -0.00131833    0.00126456    0.00005430   -0.00024645   -0.00000003 
   0.22219525  2232.90699034    0.00001584   -0.00131327    0.00125979    0.00005392   -0.00024694   -0.00000003 
   0.22308348  2241.83305674    0.00001576   -0.00130797    0.00125492    0.00005438   -0.00024775    0.00000005 
   0.22397262  2250.76826444    0.00001566   -0.00130205    0.00124934    0.00005547   -0.00024977    0.00000015 
   0.22486266  2259.71259410    0.00001556   -0.00129576    0.00124328    0.00005649   -0.00025135    0.00000015 
   0.22575361  2268.66602620    0.00001545   -0.00128941    0.00123769    0.00005663   -0.00025191    0.00000008 
   0.22664547  2277.62854148    0.00001534   -0.00128306    0.00123325    0.00005539   -0.00025079   -0.00000001 
   0.22753823  2286.60012088    0.00001522   -0.00127638    0.00122939    0.00005373   -0.00024953   -0.00000006 
   0.22843188  2295.58074543    0.00001509   -0.00127003    0.00122574    0.00005206   -0.00024899   -0.00000006 
   0.22932644  2304.57039624    0.00001500   -0.00126436    0.00122099    0.00005072   -0.00024871   -0.00000008 
   0.23022189  2313.56905453    0.00001493   -0.00125871    0.00121528    0.00005011   -0.00024865   -0.00000006 
   0.23111823  2322.57670158    0.00001484   -0.00125247    0.00121118    0.00004768   -0.00024941   -0.00000003 
   0.23201547  2331.59331879    0.00001475   -0.00124630    0.00120773    0.00004454   -0.00025102   -0.00000000 
   0.23291360  2340.61888762    0.00001467   -0.00124037    0.00120439    0.00004155   -0.00025229   -0.00000001 
   0.23381262  2349.65338963    0.00001458   -0.00123472    0.00119938    0.00004089   -0.00025305   -0.00000000 
   0.23471252  2358.69680648    0.00001449   -0.00122941    0.00119339    0.00004180   -0.00025338   -0.00000000 
   0.23561331  2367.74911990    0.00001439   -0.00122389    0.00118716    0.00004337   -0.00025398    0.00000000 
   0.23651499  2376.81031171    0.00001429   -0.00121802    0.00118108    0.00004524   -0.00025443    0.00000000 
   0.23741754  2385.88036384    0.00001419   -0.00121210    0.00117495    0.00004707   -0.00025453   -0.00000001 
   0.23832098  2394.95925829    0.00001410   -0.00120591    0.00116989    0.00004735   -0.00025375   -0.00000001 
   0.23922529  2404.04697713    0.00001401   -0.00119991    0.00116664    0.00004515   -0.00025259    0.00000001 
   0.24013048  2413.14350257    0.00001392   -0.00119412    0.00116347    0.00004297   -0.00025138    0.00000004 
   0.24103655  2422.24881686    0.00001386   -0.00118856    0.00115793    0.00004345   -0.00025096    0.00000004 
   0.24194348  2431.36290236    0.00001380   -0.00118328    0.00115122    0.00004471   -0.00024923   -0.00000002 
   0.24285129  2440.48574151    0.00001373   -0.00117810    0.00114269    0.00004764   -0.00024848    0.00000004 
   0.24375997  2449.61731686    0.00001367   -0.00117325    0.00113395    0.00005114   -0.00024762    0.00000009 
   0.24466952  2458.75761101    0.00001361   -0.00116875    0.00112626    0.00005429   -0.00024858    0.00000011 
   0.24557993  2467.90660669    0.00001354   -0.00116442    0.00112066    0.00005663   -0.00025106    0.00000011 
   0.24649120  2477.06428669    0.00001346   -0.00115989    0.00111565    0.00005944   -0.00025494    0.00000007 
   0.24740334  2486.23063390    0.00001339   -0.00115545    0.00111021    0.00006254   -0.00025903    0.00000010 
   0.24831634  2495.40563129    0.00001331   -0.00115061    0.00110582    0.00006385   -0.00026204    0.00000010 
   0.24923020  2504.58926193    0.00001322   -0.00114584    0.00110148    0.00006461   -0.00026371    0.00000006 
   0.25014491  2513.78150898    0.00001313   -0.00114100    0.00109787    0.00006407   -0.00026378   -0.00000004 
   0.25106048  2522.98235566    0.00001302   -0.00113568    0.00109410    0.00006345   -0.00026267   -0.00000008 
   0.25197691  2532.19178532    0.00001291   -0.00112997    0.00109123    0.00006150   -0.00025994   -0.00000008 
   0.25289418  2541.40978137    0.00001281   -0.00112435    0.00108904    0.00005848   -0.00025692   -0.00000004 
   0.25381231  2550.63632729    0.00001273   -0.00111935    0.00108635    0.00005636   -0.00025492    0.00000001 
   0.25473129  2559.87140641    0.00001267   -0.00111474    0.00108321    0.00005438   -0.00025382    0.00000002 
   0.25565111  2569.11500234    0.00001262   -0.00111003    0.00108046    0.00005171   -0.00025319    0.00000002 
   0.25657178  2578.36709880    0.00001258   -0.00110517    0.00107851    0.00004863   -0.00025275    0.00000001 
   0.25749330  2587.62767961    0.00001251   -0.00110028    0.00107556    0.00004769   -0.00025397   -0.00000000 
   0.25841566  2596.89672862    0.00001243   -0.00109582    0.00107037    0.00005002   -0.00025626   -0.00000000 
   0.25933886  2606.17422979    0.00001236   -0.00109144    0.00106564    0.00005143   -0.00025825   -0.00000001 
   0.26026289  2615.46016711    0.00001228   -0.00108706    0.00106182    0.00005072   -0.00025937   -0.00000004 
   0.26118777  2624.75452468    0.00001221   -0.00108271    0.00105751    0.00004977   -0.00025896   -0.00000002 
   0.26211348  2634.05728662    0.00001215   -0.00107840    0.00105441    0.00004770   -0.00025798    0.00000001 
   0.26304003  2643.36843717    0.00001207   -0.00107370    0.00105198    0.00004527   -0.00025569    0.00000000 
   0.26396741  2652.68796061    0.00001199   -0.00106892    0.00104970    0.00004233   -0.00025222   -0.00000007 
   0.26489562  2662.01584129    0.00001191   -0.00106422    0.00104666    0.00004001   -0.00024884   -0.00000012 
   0.26582466  2671.35206364    0.00001183   -0.00105984    0.00104310    0.00003817   -0.00024644   -0.00000005 
   0.26675453  2680.69661215    0.00001177   -0.00105594    0.00103978    0.00003636   -0.00024506   -0.00000003 
   0.26768523  2690.04947138    0.00001169   -0.00105182    0.00103642    0.00003437   -0.00024353   -0.00000006 
   0.26861675  2699.41062598    0.00001164   -0.00104774    0.00103295    0.00003265   -0.00024161   -0.00000004 
   0.26954910  2708.78006063    0.00001160   -0.00104357    0.00102805    0.00003302   -0.00024065    0.00000001 
   0.27048227  2718.15776011    0.00001156   -0.00103909    0.00102310    0.00003336   -0.00023978    0.00000001 
   0.27141626  2727.54370925    0.00001150   -0.00103452    0.00101891    0.00003299   -0.00023834   -0.00000001 
   0.27235107  2736.93789298    0.00001144   -0.00103025    0.00101492    0.00003340   -0.00023680   -0.00000006 
   0.27328670  2746.34029626    0.00001139   -0.00102596    0.00101152    0.00003386   -0.00023557   -0.00000001 
   0.27422314  2755.75090415    0.00001135   -0.00102197    0.00100763    0.00003504   -0.00023574   -0.00000001 
   0.27516040  2765.16970175    0.00001131   -0.00101793    0.00100411    0.00003598   -0.00023623   -0.00000006 
   0.27609847  2774.59667426    0.00001129   -0.00101404    0.00100170    0.00003567   -0.00023612   -0.00000007 
   0.27703736  2784.03180694    0.00001126   -0.00101018    0.00099933    0.00003533   -0.00023644   -0.00000003 
   0.27797705  2793.47508510    0.00001120   -0.00100625    0.00099737    0.00003457   -0.00023776    0.00000004 
   0.27891756  2802.92649414    0.00001114   -0.00100230    0.00099409    0.00003508   -0.00023905    0.00000014 
   0.27985887  2812.38601953    0.00001108   -0.00099854    0.00098967    0.00003649   -0.00024077    0.00000013 
   0.28080099  2821.85364678    0.00001101   -0.00099468    0.00098624    0.00003648   -0.00024248    0.00000009 
   0.28174391  2831.32936152    0.00001095   -0.00099099    0.00098283    0.00003642   -0.00024442    0.00000008 
   0.28268764  2840.81314940    0.00001090   -0.00098744    0.00097877    0.00003694   -0.00024636    0.00000004 
   0.28363216  2850.30499617    0.00001085   -0.00098394    0.00097431    0.00003765   -0.00024699    0.00000000 
   0.28457749  2859.80488764    0.00001080   -0.00098040    0.00097087    0.00003683   -0.00024598    0.00000003 
   0.28552362  2869.31280966    0.00001075   -0.00097685    0.00096763    0.00003508   -0.00024378    0.00000003 
   0.28647055  2878.82874794    0.00001071   -0.00097313    0.00096498    0.00003236   -0.00024156   -0.00000000 
   0.28741827  2888.35268845    0.00001064   -0.00096902    0.00096241    0.00002968   -0.00023986   -0.00000008 
   0.28836678  2897.88461722    0.00001057   -0.00096487    0.00095949    0.00002710   -0.00023738   -0.00000014 
   0.28931609  2907.42452037    0.00001051   -0.00096096    0.00095639    0.00002413   -0.00023364   -0.00000019 
   0.29026620  2916.97238408    0.00001045   -0.00095715    0.00095298    0.00002188   -0.00023125   -0.00000015 
   0.29121709  2926.52819454    0.00001040   -0.00095359    0.00094916    0.00002083   -0.00023115   -0.00000005 
   0.29216877  2936.09193804    0.00001035   -0.00094999    0.00094547    0.00002019   -0.00023124   -0.00000006 
   0.29312124  2945.66360091    0.00001030   -0.00094623    0.00094240    0.00001960   -0.00023116   -0.00000007 
   0.29407450  2955.24316952    0.00001026   -0.00094304    0.00093898    0.00002007   -0.00023133   -0.00000006 
   0.29502854  2964.83063032    0.00001021   -0.00094014    0.00093570    0.00002068   -0.00023135   -0.00000002 
   0.29598337  2974.42596979    0.00001017   -0.00093766    0.00093148    0.00002163   -0.00023070    0.00000004 
   0.29693898  2984.02917448    0.00001012   -0.00093516    0.00092709    0.00002194   -0.00023003    0.00000008 
   0.29789537  2993.64023098    0.00001006   -0.00093270    0.00092346    0.00002163   -0.00022950    0.00000007 
   0.29885254  3003.25912596    0.00001001   -0.00093003    0.00092039    0.00002146   -0.00023000    0.00000006 
   0.29981049  3012.88584613    0.00000996   -0.00092679    0.00091773    0.00002110   -0.00022991    0.00000001 
   0.30076921  3022.52037823    0.00000989   -0.00092298    0.00091448    0.00002138   -0.00022898   -0.00000004 
   0.30172872  3032.16270910    0.00000982   -0.00091897    0.00091085    0.00002225   -0.00022878   -0.00000003 
   0.30268899  3041.81282560    0.00000975   -0.00091502    0.00090707    0.00002338   -0.00022941    0.00000003 
   0.30365005  3051.47071466    0.00000969   -0.00091145    0.00090266    0.00002528   -0.00023022    0.00000003 
   0.30461187  3061.13636326    0.00000963   -0.00090809    0.00089870    0.00002683   -0.00023127    0.00000005 
   0.30557446  3070.80975844    0.00000959   -0.00090504    0.00089475    0.00002779   -0.00023289    0.00000009 
   0.30653783  3080.49088728    0.00000954   -0.00090205    0.00089125    0.00002777   -0.00023411    0.00000016 
   0.30750196  3090.17973693    0.00000950   -0.00089903    0.00088802    0.00002751   -0.00023479    0.00000012 
   0.30846686  3099.87629458    0.00000945   -0.00089580    0.00088494    0.00002730   -0.00023410    0.00000006 
   0.30943252  3109.58054750    0.00000940   -0.00089239    0.00088232    0.00002681   -0.00023372   -0.00000002 
   0.31039895  3119.29248298    0.00000932   -0.00088867    0.00088009    0.00002602   -0.00023290   -0.00000006 
   0.31136614  3129.01208840    0.00000926   -0.00088502    0.00087710    0.00002544   -0.00023196   -0.00000004 
   0.31233410  3138.73935115    0.00000921   -0.00088189    0.00087295    0.00002546   -0.00023070    0.00000002 
   0.31330281  3148.47425873    0.00000917   -0.00087906    0.00086948    0.00002471   -0.00022801    0.00000001 
   0.31427229  3158.21679864    0.00000914   -0.00087577    0.00086666    0.00002330   -0.00022390   -0.00000005 
   0.31524252  3167.96695847    0.00000910   -0.00087190    0.00086415    0.00002163   -0.00022026   -0.00000004 
   0.31621351  3177.72472586    0.00000908   -0.00086808    0.00086206    0.00001986   -0.00021737   -0.00000006 
   0.31718525  3187.49008849    0.00000906   -0.00086446    0.00086002    0.00001850   -0.00021601   -0.00000003 
   0.31815775  3197.26303410    0.00000903   -0.00086099    0.00085794    0.00001746   -0.00021537    0.00000003 
   0.31913101  3207.04355049    0.00000901   -0.00085742    0.00085529    0.00001696   -0.00021541    0.00000008 
   0.32010501  3216.83162552    0.00000896   -0.00085387    0.00085250    0.00001632   -0.00021542    0.00000002 
   0.32107977  3226.62724693    0.00000893   -0.00085043    0.00084982    0.00001519   -0.00021469   -0.00000001 
   0.32205527  3236.43040256    0.00000891   -0.00084736    0.00084636    0.00001467   -0.00021442    0.00000001 
   0.32303153  3246.24108041    0.00000887   -0.00084436    0.00084215    0.00001508   -0.00021410   -0.00000002 
   0.32400853  3256.05926851    0.00000883   -0.00084185    0.00083682    0.00001706   -0.00021353   -0.00000004 
   0.32498628  3265.88495495    0.00000879   -0.00083918    0.00083250    0.00001801   -0.00021218   -0.00000000 
   0.32596477  3275.71812785    0.00000875   -0.00083628    0.00082914    0.00001799   -0.00021199    0.00000006 
   0.32694401  3285.55877538    0.00000871   -0.00083320    0.00082640    0.00001765   -0.00021253    0.00000004 
   0.32792399  3295.40688574    0.00000866   -0.00083009    0.00082287    0.00001873   -0.00021374   -0.00000002 
   0.32890471  3305.26244718    0.00000862   -0.00082706    0.00081790    0.00002158   -0.00021426   -0.00000005 
   0.32988617  3315.12544802    0.00000857   -0.00082393    0.00081301    0.00002401   -0.00021400   -0.00000009 
   0.33086837  3324.99587657    0.00000853   -0.00082089    0.00080827    0.00002609   -0.00021225   -0.00000014 
   0.33185131  3334.87372123    0.00000849   -0.00081779    0.00080468    0.00002698   -0.00020980   -0.00000015 
   0.33283499  3344.75897042    0.00000844   -0.00081472    0.00080315    0.00002565   -0.00020814   -0.00000008 
   0.33381940  3354.65161260    0.00000841   -0.00081198    0.00080229    0.00002359   -0.00020832   -0.00000003 
   0.33480454  3364.55163630    0.00000837   -0.00080948    0.00079996    0.00002285   -0.00020897    0.00000001 
   0.33579042  3374.45903005    0.00000832   -0.00080679    0.00079703    0.00002263   -0.00020882    0.00000004 
   0.33677703  3384.37378246    0.00000829   -0.00080390    0.00079347    0.00002289   -0.00020822    0.00000005 
   0.33776438  3394.29588217    0.00000826   -0.00080086    0.00078940    0.00002392   -0.00020843    0.00000003 
   0.33875245  3404.22531786    0.00000822   -0.00079741    0.00078543    0.00002479   -0.00020867    0.00000002 
   0.33974125  3414.16207826    0.00000818   -0.00079359    0.00078237    0.00002430   -0.00020881    0.00000002 
   0.34073078  3424.10615213    0.00000813   -0.00078959    0.00078052    0.00002256   -0.00020896    0.00000005 
   0.34172103  3434.05752829    0.00000810   -0.00078585    0.00077839    0.00002137   -0.00020967    0.00000004 
   0.34271201  3444.01619559    0.00000807   -0.00078235    0.00077673    0.00001963   -0.00020925   -0.00000002 
   0.34370372  3453.98214292    0.00000805   -0.00077916    0.00077502    0.00001775   -0.00020853   -0.00000002 
   0.34469615  3463.95535924    0.00000803   -0.00077628    0.00077233    0.00001697   -0.00020811    0.00000003 
   0.34568930  3473.93583352    0.00000802   -0.00077383    0.00076924    0.00001734   -0.00020873    0.00000004 
   0.34668317  3483.92355480    0.00000800   -0.00077146    0.00076664    0.00001770   -0.00020914   -0.00000002 
   0.34767776  3493.91851213    0.00000797   -0.00076848    0.00076395    0.00001765   -0.00020801   -0.00000010 
   0.34867308  3503.92069463    0.00000792   -0.00076483    0.00076193    0.00001645   -0.00020603   -0.00000009 
   0.34966910  3513.93009146    0.00000787   -0.00076106    0.00075965    0.00001525   -0.00020419   -0.00000006 
   0.35066585  3523.94669182    0.00000782   -0.00075715    0.00075700    0.00001431   -0.00020244   -0.00000007 
   0.35166331  3533.97048495    0.00000775   -0.00075313    0.00075485    0.00001309   -0.00020107   -0.00000008 
   0.35266149  3544.00146013    0.00000768   -0.00074966    0.00075171    0.00001314   -0.00020107   -0.00000004 
   0.35366038  3554.03960669    0.00000763   -0.00074670    0.00074789    0.00001409   -0.00020155   -0.00000003 
   0.35465998  3564.08491400    0.00000759   -0.00074401    0.00074355    0.00001592   -0.00020208    0.00000004 
   0.35566030  3574.13737148    0.00000756   -0.00074159    0.00073921    0.00001807   -0.00020238    0.00000005 
   0.35666132  3584.19696858    0.00000752   -0.00073903    0.00073576    0.00001944   -0.00020214    0.00000004 
   0.35766305  3594.26369481    0.00000747   -0.00073622    0.00073389    0.00001931   -0.00020235    0.00000006 
   0.35866550  3604.33753968    0.00000743   -0.00073348    0.00073234    0.00001918   -0.00020376    0.00000008 
   0.35966865  3614.41849263    0.00000738   -0.00073067    0.00073069    0.00001936   -0.00020612    0.00000009 
   0.36067250  3624.50654321    0.00000733   -0.00072780    0.00072918    0.00001900   -0.00020763    0.00000004 
   0.36167706  3634.60168107    0.00000730   -0.00072488    0.00072843    0.00001755   -0.00020805    0.00000000 
   0.36268233  3644.70389591    0.00000728   -0.00072196    0.00072798    0.00001550   -0.00020695   -0.00000005 
   0.36368830  3654.81317745    0.00000726   -0.00071922    0.00072680    0.00001374   -0.00020510   -0.00000002 
   0.36469497  3664.92951544    0.00000725   -0.00071669    0.00072492    0.00001214   -0.00020348    0.00000001 
   0.36570234  3675.05289968    0.00000722   -0.00071398    0.00072241    0.00001109   -0.00020285    0.00000001 
   0.36671041  3685.18331999    0.00000719   -0.00071120    0.00072023    0.00001001   -0.00020240   -0.00000001 
   0.36771918  3695.32076622    0.00000715   -0.00070868    0.00071763    0.00000973   -0.00020259   -0.00000002 
   0.36872865  3705.46522828    0.00000712   -0.00070649    0.00071435    0.00001031   -0.00020409    0.00000003 
   0.36973882  3715.61669609    0.00000709   -0.00070435    0.00071184    0.00000999   -0.00020500    0.00000006 
   0.37074968  3725.77515960    0.00000707   -0.00070203    0.00071018    0.00000873   -0.00020417    0.00000004 
   0.37176124  3735.94060882    0.00000704   -0.00069966    0.00070783    0.00000810   -0.00020286    0.00000004 
   0.37277349  3746.11303378    0.00000701   -0.00069716    0.00070433    0.00000896   -0.00020141    0.00000002 
   0.37378644  3756.29242454    0.00000697   -0.00069437    0.00070038    0.00001070   -0.00020098   -0.00000002 
   0.37480007  3766.47877119    0.00000693   -0.00069157    0.00069671    0.00001213   -0.00020150    0.00000001 
   0.37581440  3776.67206388    0.00000689   -0.00068905    0.00069347    0.00001260   -0.00020187   -0.00000000 
   0.37682942  3786.87229276    0.00000685   -0.00068657    0.00069170    0.00001140   -0.00020087   -0.00000003 
   0.37784513  3797.07944804    0.00000681   -0.00068411    0.00069015    0.00001058   -0.00019984   -0.00000003 
   0.37886153  3807.29351995    0.00000679   -0.00068164    0.00068839    0.00001050   -0.00019966    0.00000001 
   0.37987861  3817.51449876    0.00000677   -0.00067904    0.00068704    0.00000998   -0.00020036   -0.00000000 
   0.38089638  3827.74237477    0.00000675   -0.00067606    0.00068542    0.00000977   -0.00020069   -0.00000005 
   0.38191483  3837.97713833    0.00000672   -0.00067272    0.00068358    0.00000976   -0.00020071   -0.00000008 
   0.38293397  3848.21877979    0.00000669   -0.00066948    0.00068248    0.00000893   -0.00020102   -0.00000003 
   0.38395380  3858.46728958    0.00000666   -0.00066678    0.00068152    0.00000786   -0.00020089   -0.00000003 
   0.38497430  3868.72265812    0.00000663   -0.00066418    0.00068060    0.00000667   -0.00019980   -0.00000005 
   0.38599549  3878.98487590    0.00000660   -0.00066149    0.00067916    0.00000577   -0.00019828   -0.00000001 
   0.38701736  3889.25393342    0.00000657   -0.00065903    0.00067695    0.00000519   -0.00019682    0.00000005 
   0.38803991  3899.52982121    0.00000654   -0.00065668    0.00067501    0.00000434   -0.00019540    0.00000008 
   0.38906313  3909.81252987    0.00000651   -0.00065467    0.00067235    0.00000417   -0.00019411    0.00000009 
   0.39008704  3920.10205000    0.00000648   -0.00065283    0.00066967    0.00000390   -0.00019259    0.00000007 
   0.39111162  3930.39837224    0.00000645   -0.00065107    0.00066691    0.00000389   -0.00019121    0.00000004 
   0.39213687  3940.70148727    0.00000642   -0.00064935    0.00066370    0.00000514   -0.00019069    0.00000004 
   0.39316281  3951.01138581    0.00000640   -0.00064783    0.00065983    0.00000734   -0.00019080    0.00000003 
   0.39418941  3961.32805860    0.00000637   -0.00064624    0.00065634    0.00000923   -0.00019136    0.00000000 
   0.39521669  3971.65149643    0.00000634   -0.00064436    0.00065373    0.00001041   -0.00019141   -0.00000005 
   0.39624464  3981.98169010    0.00000630   -0.00064222    0.00065068    0.00001228   -0.00019164   -0.00000007 
   0.39727327  3992.31863048    0.00000626   -0.00063951    0.00064802    0.00001401   -0.00019191   -0.00000008 
   0.39830256  4002.66230844    0.00000624   -0.00063647    0.00064550    0.00001525   -0.00019189   -0.00000007 
   0.39933252  4013.01271491    0.00000623   -0.00063369    0.00064244    0.00001653   -0.00019101   -0.00000007 
   0.40036315  4023.36984082    0.00000622   -0.00063111    0.00063944    0.00001747   -0.00019002   -0.00000004 
   0.40139445  4033.73367709    0.00000621   -0.00062858    0.00063728    0.00001738   -0.00018881    0.00000001 
   0.40242642  4044.10421460    0.00000619   -0.00062584    0.00063513    0.00001721   -0.00018716   -0.00000002 
   0.40345905  4054.48144441    0.00000617   -0.00062277    0.00063305    0.00001698   -0.00018495   -0.00000007 
   0.40449235  4064.86535759    0.00000614   -0.00061956    0.00063170    0.00001570   -0.00018302   -0.00000006 
   0.40552631  4075.25594522    0.00000611   -0.00061638    0.00063094    0.00001353   -0.00018123   -0.00000006 
   0.40656093  4085.65319845    0.00000608   -0.00061319    0.00063058    0.00001073   -0.00017892   -0.00000003 
   0.40759622  4096.05710842    0.00000604   -0.00061005    0.00063052    0.00000757   -0.00017644   -0.00000000 
   0.40863217  4106.46766630    0.00000602   -0.00060709    0.00063005    0.00000503   -0.00017426    0.00000002 
   0.40966878  4116.88486332    0.00000600   -0.00060463    0.00062754    0.00000462   -0.00017254    0.00000003 
   0.41070605  4127.30869069    0.00000597   -0.00060249    0.00062417    0.00000497   -0.00017103    0.00000006 
   0.41174397  4137.73913970    0.00000593   -0.00060053    0.00062150    0.00000477   -0.00017048    0.00000005 
   0.41278256  4148.17620161    0.00000591   -0.00059857    0.00062011    0.00000338   -0.00016986    0.00000001 
   0.41382180  4158.61986776    0.00000590   -0.00059698    0.00061866    0.00000238   -0.00016938   -0.00000000 
   0.41486170  4169.07012949    0.00000589   -0.00059586    0.00061631    0.00000260   -0.00016861   -0.00000001 
   0.41590226  4179.52697816    0.00000588   -0.00059470    0.00061391    0.00000322   -0.00016753   -0.00000000 
   0.41694347  4189.99040518    0.00000585   -0.00059317    0.00061174    0.00000373   -0.00016659    0.00000003 
   0.41798533  4200.46040198    0.00000583   -0.00059139    0.00060935    0.00000436   -0.00016584    0.00000005 
   0.41902785  4210.93696000    0.00000580   -0.00058927    0.00060676    0.00000548   -0.00016534    0.00000003 
   0.42007101  4221.42007073    0.00000578   -0.00058702    0.00060411    0.00000742   -0.00016582    0.00000005 
   0.42111483  4231.90972568    0.00000577   -0.00058505    0.00060141    0.00000995   -0.00016679    0.00000002 
   0.42215930  4242.40591638    0.00000575   -0.00058314    0.00059941    0.00001165   -0.00016752   -0.00000002 
   0.42320442  4252.90863440    0.00000573   -0.00058138    0.00059819    0.00001202   -0.00016764   -0.00000005 
   0.42425019  4263.41787133    0.00000572   -0.00057985    0.00059712    0.00001176   -0.00016786   -0.00000002 
   0.42529661  4273.93361879    0.00000570   -0.00057841    0.00059636    0.00001073   -0.00016786    0.00000001 
   0.42634367  4284.45586842    0.00000569   -0.00057721    0.00059515    0.00000996   -0.00016760    0.00000001 
   0.42739138  4294.98461189    0.00000568   -0.00057623    0.00059268    0.00001039   -0.00016686    0.00000002 
   0.42843973  4305.51984091    0.00000566   -0.00057533    0.00058950    0.00001181   -0.00016580    0.00000000 
   0.42948873  4316.06154721    0.00000565   -0.00057425    0.00058627    0.00001369   -0.00016531    0.00000003 
   0.43053837  4326.60972253    0.00000563   -0.00057275    0.00058397    0.00001524   -0.00016626    0.00000003 
   0.43158866  4337.16435867    0.00000560   -0.00057088    0.00058259    0.00001605   -0.00016723    0.00000003 
   0.43263959  4347.72544743    0.00000558   -0.00056904    0.00058140    0.00001617   -0.00016777    0.00000003 
   0.43369116  4358.29298065    0.00000555   -0.00056717    0.00058089    0.00001522   -0.00016761    0.00000001 
   0.43474337  4368.86695019    0.00000552   -0.00056514    0.00058036    0.00001410   -0.00016658    0.00000002 
   0.43579621  4379.44734795    0.00000550   -0.00056321    0.00057943    0.00001306   -0.00016474   -0.00000003 
   0.43684970  4390.03416585    0.00000549   -0.00056140    0.00057808    0.00001260   -0.00016302   -0.00000004 
   0.43790383  4400.62739583    0.00000548   -0.00055981    0.00057631    0.00001299   -0.00016186   -0.00000002 
   0.43895859  4411.22702987    0.00000547   -0.00055856    0.00057384    0.00001411   -0.00016112    0.00000003 
   0.44001399  4421.83305997    0.00000546   -0.00055737    0.00057153    0.00001514   -0.00016058    0.00000003 
   0.44107003  4432.44547816    0.00000546   -0.00055603    0.00057005    0.00001549   -0.00016014   -0.00000001 
   0.44212670  4443.06427649    0.00000545   -0.00055467    0.00056971    0.00001468   -0.00016020   -0.00000004 
   0.44318400  4453.68944705    0.00000544   -0.00055314    0.00056959    0.00001321   -0.00016068   -0.00000004 
   0.44424194  4464.32098196    0.00000542   -0.00055137    0.00056908    0.00001157   -0.00016074   -0.00000005 
   0.44530051  4474.95887334    0.00000539   -0.00054936    0.00056855    0.00000966   -0.00015971   -0.00000004 
   0.44635971  4485.60311337    0.00000536   -0.00054743    0.00056745    0.00000825   -0.00015829    0.00000000 
   0.44741955  4496.25369418    0.00000534   -0.00054564    0.00056569    0.00000778   -0.00015668    0.00000000 
   0.44848001  4506.91060788    0.00000532   -0.00054415    0.00056338    0.00000797   -0.00015446    0.00000000 
   0.44954110  4517.57384670    0.00000530   -0.00054323    0.00056117    0.00000793   -0.00015222    0.00000005 
   0.45060282  4528.24340291    0.00000530   -0.00054258    0.00055926    0.00000799   -0.00015063    0.00000006 
   0.45166517  4538.91926879    0.00000528   -0.00054160    0.00055725    0.00000841   -0.00014976    0.00000005 
   0.45272815  4549.60143664    0.00000526   -0.00053994    0.00055578    0.00000813   -0.00014911   -0.00000000 
   0.45379175  4560.28989880    0.00000524   -0.00053772    0.00055537    0.00000654   -0.00014803   -0.00000002 
   0.45485598  4570.98464761    0.00000522   -0.00053534    0.00055531    0.00000465   -0.00014682   -0.00000001 
   0.45592083  4581.68567546    0.00000520   -0.00053325    0.00055407    0.00000406   -0.00014543    0.00000003 
   0.45698631  4592.39297473    0.00000519   -0.00053134    0.00055243    0.00000391   -0.00014436    0.00000003 
   0.45805241  4603.10653784    0.00000517   -0.00052939    0.00055117    0.00000361   -0.00014337    0.00000001 
   0.45911913  4613.82635724    0.00000515   -0.00052756    0.00055027    0.00000310   -0.00014276   -0.00000000 
   0.46018648  4624.55242538    0.00000514   -0.00052597    0.00054943    0.00000253   -0.00014253    0.00000000 
   0.46125444  4635.28473476    0.00000512   -0.00052469    0.00054794    0.00000280   -0.00014254    0.00000001 
   0.46232303  4646.02327789    0.00000510   -0.00052343    0.00054662    0.00000295   -0.00014274    0.00000002 
   0.46339223  4656.76804728    0.00000510   -0.00052216    0.00054570    0.00000239   -0.00014274    0.00000002 
   0.46446206  4667.51903550    0.00000509   -0.00052064    0.00054557    0.00000102   -0.00014303    0.00000002 
   0.46553250  4678.27623512    0.00000508   -0.00051912    0.00054551   -0.00000029   -0.00014300    0.00000003 
   0.46660356  4689.03963873    0.00000506   -0.00051781    0.00054511   -0.00000150   -0.00014218    0.00000004 
   0.46767524  4699.80923897    0.00000504   -0.00051667    0.00054368   -0.00000173   -0.00014104    0.00000007 
   0.46874753  4710.58502846    0.00000503   -0.00051565    0.00054137   -0.00000095   -0.00013971    0.00000007 
   0.46982044  4721.36699988    0.00000501   -0.00051481    0.00053898   -0.00000009   -0.00013812    0.00000003 
   0.47089396  4732.15514592    0.00000499   -0.00051402    0.00053723   -0.00000004   -0.00013692   -0.00000001 
   0.47196809  4742.94945927    0.00000497   -0.00051314    0.00053563   -0.00000049   -0.00013519   -0.00000004 
   0.47304284  4753.74993268    0.00000495   -0.00051231    0.00053451   -0.00000151   -0.00013289   -0.00000003 
   0.47411820  4764.55655890    0.00000494   -0.00051150    0.00053326   -0.00000228   -0.00013065    0.00000000 
   0.47519418  4775.36933071    0.00000492   -0.00051048    0.00053256   -0.00000368   -0.00012912    0.00000000 
   0.47627076  4786.18824090    0.00000491   -0.00050915    0.00053258   -0.00000552   -0.00012810   -0.00000001 
   0.47734795  4797.01328230    0.00000489   -0.00050746    0.00053299   -0.00000732   -0.00012761   -0.00000002 
   0.47842576  4807.84444775    0.00000488   -0.00050563    0.00053245   -0.00000782   -0.00012777   -0.00000001 
   0.47950417  4818.68173012    0.00000486   -0.00050395    0.00053067   -0.00000702   -0.00012900   -0.00000000 
   0.48058319  4829.52512230    0.00000485   -0.00050247    0.00052838   -0.00000592   -0.00013032    0.00000001 
   0.48166281  4840.37461720    0.00000483   -0.00050112    0.00052590   -0.00000481   -0.00013135    0.00000001 
   0.48274305  4851.23020775    0.00000481   -0.00049954    0.00052367   -0.00000413   -0.00013144   -0.00000001 
   0.48382389  4862.09188690    0.00000478   -0.00049758    0.00052203   -0.00000422   -0.00013063   -0.00000004 
   0.48490533  4872.95964765    0.00000475   -0.00049540    0.00052148   -0.00000566   -0.00012948    0.00000000 
   0.48598738  4883.83348299    0.00000472   -0.00049358    0.00051998   -0.00000606   -0.00012883    0.00000002 
   0.48707003  4894.71338594    0.00000471   -0.00049202    0.00051718   -0.00000518   -0.00012837   -0.00000001 
   0.48815329  4905.59934954    0.00000469   -0.00049051    0.00051339   -0.00000342   -0.00012738   -0.00000003 
   0.48923715  4916.49136688    0.00000467   -0.00048892    0.00050969   -0.00000148   -0.00012627   -0.00000003 
   0.49032161  4927.38943103    0.00000465   -0.00048711    0.00050674   -0.00000018   -0.00012488   -0.00000003 
   0.49140667  4938.29353511    0.00000464   -0.00048507    0.00050512   -0.00000023   -0.00012322    0.00000001 
   0.49249233  4949.20367226    0.00000463   -0.00048335    0.00050350   -0.00000031   -0.00012250    0.00000003 
   0.49357859  4960.11983563    0.00000463   -0.00048189    0.00050174    0.00000010   -0.00012268    0.00000001 
   0.49466545  4971.04201841    0.00000461   -0.00048057    0.00049935    0.00000138   -0.00012242   -0.00000002 
   0.49575291  4981.97021380    0.00000460   -0.00047912    0.00049677    0.00000287   -0.00012073   -0.00000007 
   0.49684096  4992.90441502    0.00000457   -0.00047749    0.00049461    0.00000383   -0.00011827   -0.00000008 
   0.49792962  5003.84461530    0.00000455   -0.00047585    0.00049291    0.00000436   -0.00011597   -0.00000006 
   0.49901887  5014.79080783    0.00000454   -0.00047426    0.00049207    0.00000428   -0.00011466   -0.00000005 
   0.50010871  5025.74298588    0.00000453   -0.00047267    0.00049147    0.00000394   -0.00011400   -0.00000006 
   0.50119915  5036.70114274    0.00000453   -0.00047108    0.00049032    0.00000392   -0.00011370   -0.00000007 
   0.50229019  5047.66527175    0.00000452   -0.00046946    0.00048837    0.00000468   -0.00011333   -0.00000003 
   0.50338181  5058.63536624    0.00000451   -0.00046787    0.00048627    0.00000527   -0.00011311    0.00000001 
   0.50447403  5069.61141957    0.00000450   -0.00046607    0.00048442    0.00000499   -0.00011248    0.00000002 
   0.50556685  5080.59342512    0.00000449   -0.00046409    0.00048211    0.00000520   -0.00011207    0.00000006 
   0.50666025  5091.58137630    0.00000447   -0.00046221    0.00047854    0.00000721   -0.00011211    0.00000007 
   0.50775425  5102.57526652    0.00000446   -0.00046033    0.00047470    0.00000991   -0.00011281    0.00000009 
   0.50884883  5113.57508922    0.00000444   -0.00045830    0.00047167    0.00001177   -0.00011389    0.00000007 
   0.50994401  5124.58083787    0.00000442   -0.00045601    0.00046983    0.00001226   -0.00011499    0.00000000 
   0.51103977  5135.59250593    0.00000440   -0.00045371    0.00046900    0.00001167   -0.00011568   -0.00000004 
   0.51213613  5146.61008690    0.00000438   -0.00045159    0.00046818    0.00001090   -0.00011603   -0.00000004 
   0.51323307  5157.63357431    0.00000437   -0.00044981    0.00046665    0.00001081   -0.00011588   -0.00000000 
   0.51433059  5168.66296169    0.00000435   -0.00044814    0.00046547    0.00001049   -0.00011575    0.00000003 
   0.51542871  5179.69824259    0.00000433   -0.00044672    0.00046395    0.00001065   -0.00011581    0.00000006 
   0.51652741  5190.73941058    0.00000432   -0.00044571    0.00046135    0.00001175   -0.00011609    0.00000005 
   0.51762669  5201.78645927    0.00000431   -0.00044472    0.00045874    0.00001294   -0.00011576    0.00000001 
   0.51872656  5212.83938227    0.00000429   -0.00044353    0.00045643    0.00001376   -0.00011532    0.00000002 
   0.51982702  5223.89817321    0.00000428   -0.00044226    0.00045428    0.00001413   -0.00011479    0.00000002 
   0.52092805  5234.96282574    0.00000428   -0.00044114    0.00045169    0.00001482   -0.00011435    0.00000002 
   0.52202967  5246.03333354    0.00000427   -0.00044013    0.00044938    0.00001538   -0.00011346   -0.00000000 
   0.52313188  5257.10969030    0.00000426   -0.00043898    0.00044713    0.00001607   -0.00011262    0.00000000 
   0.52423466  5268.19188973    0.00000425   -0.00043785    0.00044501    0.00001628   -0.00011133    0.00000001 
   0.52533802  5279.27992555    0.00000425   -0.00043671    0.00044346    0.00001549   -0.00010971   -0.00000001 
   0.52644197  5290.37379153    0.00000424   -0.00043546    0.00044229    0.00001469   -0.00010803   -0.00000002 
   0.52754649  5301.47348143    0.00000422   -0.00043418    0.00044118    0.00001443   -0.00010727    0.00000000 
   0.52865159  5312.57898904    0.00000420   -0.00043296    0.00043946    0.00001502   -0.00010692    0.00000003 
   0.52975727  5323.69030817    0.00000419   -0.00043182    0.00043755    0.00001532   -0.00010690    0.00000004 
   0.53086353  5334.80743265    0.00000417   -0.00043063    0.00043557    0.00001550   -0.00010605   -0.00000001 
   0.53197037  5345.93035633    0.00000414   -0.00042915    0.00043416    0.00001521   -0.00010455   -0.00000004 
   0.53307778  5357.05907306    0.00000412   -0.00042768    0.00043318    0.00001427   -0.00010226   -0.00000001 
   0.53418577  5368.19357675    0.00000410   -0.00042624    0.00043214    0.00001357   -0.00010058    0.00000002 
   0.53529433  5379.33386129    0.00000407   -0.00042482    0.00043044    0.00001385   -0.00009993    0.00000001 
   0.53640347  5390.47992062    0.00000406   -0.00042328    0.00042862    0.00001408   -0.00009967    0.00000000 
   0.53751318  5401.63174867    0.00000404   -0.00042172    0.00042675    0.00001421   -0.00009982    0.00000002 
   0.53862347  5412.78933941    0.00000402   -0.00042005    0.00042534    0.00001423   -0.00010041    0.00000001 
   0.53973432  5423.95268683    0.00000401   -0.00041857    0.00042396    0.00001450   -0.00010064   -0.00000001 
   0.54084575  5435.12178493    0.00000401   -0.00041735    0.00042194    0.00001558   -0.00010067   -0.00000004 
   0.54195776  5446.29662773    0.00000401   -0.00041599    0.00042015    0.00001658   -0.00010070   -0.00000004 
   0.54307033  5457.47720927    0.00000400   -0.00041445    0.00041845    0.00001756   -0.00010108   -0.00000002 
   0.54418347  5468.66352362    0.00000399   -0.00041300    0.00041635    0.00001904   -0.00010166    0.00000003 
   0.54529719  5479.85556486    0.00000398   -0.00041182    0.00041465    0.00002021   -0.00010290    0.00000004 
   0.54641147  5491.05332709    0.00000398   -0.00041064    0.00041397    0.00002050   -0.00010420    0.00000002 
   0.54752632  5502.25680443    0.00000398   -0.00040947    0.00041352    0.00002074   -0.00010553    0.00000003 
   0.54864174  5513.46599103    0.00000397   -0.00040846    0.00041215    0.00002168   -0.00010660    0.00000004 
   0.54975773  5524.68088103    0.00000396   -0.00040719    0.00041053    0.00002269   -0.00010729   -0.00000000 
   0.55087428  5535.90146862    0.00000395   -0.00040580    0.00040941    0.00002309   -0.00010780   -0.00000002 
   0.55199140  5547.12774799    0.00000394   -0.00040462    0.00040877    0.00002272   -0.00010855   -0.00000001 
   0.55310909  5558.35971337    0.00000392   -0.00040345    0.00040826    0.00002173   -0.00010909   -0.00000001 
   0.55422734  5569.59735900    0.00000390   -0.00040193    0.00040757    0.00002070   -0.00010954    0.00000000 
   0.55534615  5580.84067913    0.00000388   -0.00040021    0.00040623    0.00002027   -0.00010886   -0.00000000 
   0.55646553  5592.08966805    0.00000386   -0.00039867    0.00040423    0.00002059   -0.00010778   -0.00000001 
   0.55758548  5603.34432004    0.00000384   -0.00039722    0.00040197    0.00002152   -0.00010655   -0.00000000 
   0.55870599  5614.60462940    0.00000383   -0.00039600    0.00039982    0.00002274   -0.00010576    0.00000004 
   0.55982705  5625.87059045    0.00000382   -0.00039507    0.00039766    0.00002416   -0.00010598    0.00000006 
   0.56094869  5637.14219754    0.00000382   -0.00039426    0.00039504    0.00002613   -0.00010621    0.00000002 
   0.56207088  5648.41944501    0.00000381   -0.00039316    0.00039295    0.00002765   -0.00010598   -0.00000000 
   0.56319363  5659.70232725    0.00000379   -0.00039185    0.00039149    0.00002842   -0.00010610    0.00000004 
   0.56431694  5670.99083866    0.00000378   -0.00039066    0.00039019    0.00002898   -0.00010672    0.00000005 
   0.56544082  5682.28497367    0.00000377   -0.00038960    0.00038885    0.00002949   -0.00010753    0.00000005 
   0.56656525  5693.58472670    0.00000377   -0.00038861    0.00038721    0.00003000   -0.00010767    0.00000003 
   0.56769024  5704.89009223    0.00000376   -0.00038755    0.00038548    0.00003035   -0.00010739    0.00000002 
   0.56881579  5716.20106473    0.00000374   -0.00038645    0.00038396    0.00003041   -0.00010711    0.00000001 
   0.56994189  5727.51763870    0.00000372   -0.00038531    0.00038241    0.00003046   -0.00010698   -0.00000001 
   0.57106855  5738.83980867    0.00000371   -0.00038414    0.00038048    0.00003110   -0.00010700   -0.00000001 
   0.57219577  5750.16756918    0.00000370   -0.00038310    0.00037847    0.00003193   -0.00010665   -0.00000002 
   0.57332355  5761.50091478    0.00000369   -0.00038220    0.00037622    0.00003301   -0.00010603   -0.00000004 
   0.57445188  5772.83984006    0.00000368   -0.00038117    0.00037355    0.00003473   -0.00010535   -0.00000004 
   0.57558076  5784.18433961    0.00000366   -0.00037989    0.00037069    0.00003668   -0.00010525   -0.00000002 
   0.57671020  5795.53440807    0.00000363   -0.00037834    0.00036897    0.00003739   -0.00010501   -0.00000004 
   0.57784019  5806.89004007    0.00000361   -0.00037682    0.00036725    0.00003820   -0.00010495    0.00000000 
   0.57897074  5818.25123027    0.00000361   -0.00037556    0.00036502    0.00003976   -0.00010533    0.00000003 
   0.58010184  5829.61797336    0.00000360   -0.00037444    0.00036310    0.00004087   -0.00010634    0.00000004 
   0.58123349  5840.99026404    0.00000360   -0.00037323    0.00036156    0.00004159   -0.00010766    0.00000002 
   0.58236569  5852.36809702    0.00000360   -0.00037179    0.00035994    0.00004248   -0.00010888   -0.00000002 
   0.58349844  5863.75146706    0.00000359   -0.00037027    0.00035867    0.00004276   -0.00010910   -0.00000005 
   0.58463174  5875.14036891    0.00000358   -0.00036880    0.00035748    0.00004249   -0.00010878   -0.00000006 
   0.58576560  5886.53479735    0.00000357   -0.00036721    0.00035638    0.00004191   -0.00010820   -0.00000006 
   0.58690000  5897.93474719    0.00000356   -0.00036565    0.00035581    0.00004065   -0.00010720   -0.00000007 
   0.58803495  5909.34021326    0.00000355   -0.00036433    0.00035516    0.00003937   -0.00010618   -0.00000003 
   0.58917045  5920.75119038    0.00000355   -0.00036328    0.00035387    0.00003916   -0.00010576    0.00000000 
   0.59030650  5932.16767343    0.00000354   -0.00036233    0.00035246    0.00003948   -0.00010549    0.00000001 
   0.59144309  5943.58965729    0.00000354   -0.00036130    0.00035171    0.00003922   -0.00010464    0.00000001 
   0.59258023  5955.01713685    0.00000353   -0.00036022    0.00035108    0.00003884   -0.00010336   -0.00000001 
   0.59371792  5966.45010706    0.00000352   -0.00035902    0.00035026    0.00003884   -0.00010213    0.00000002 
   0.59485615  5977.88856283    0.00000351   -0.00035776    0.00034934    0.00003893   -0.00010109    0.00000004 
   0.59599493  5989.33249915    0.00000349   -0.00035657    0.00034750    0.00003978   -0.00010041    0.00000006 
   0.59713426  6000.78191099    0.00000348   -0.00035560    0.00034485    0.00004134   -0.00009969    0.00000007 
   0.59827413  6012.23679336    0.00000347   -0.00035479    0.00034292    0.00004225   -0.00009899    0.00000005 
   0.59941454  6023.69714128    0.00000346   -0.00035408    0.00034184    0.00004254   -0.00009873    0.00000001 
   0.60055549  6035.16294979    0.00000345   -0.00035347    0.00034078    0.00004281   -0.00009869    0.00000001 
   0.60169699  6046.63421396    0.00000344   -0.00035292    0.00033954    0.00004278   -0.00009849    0.00000002 
   0.60283903  6058.11092887    0.00000344   -0.00035240    0.00033818    0.00004268   -0.00009863    0.00000003 
   0.60398162  6069.59308962    0.00000343   -0.00035181    0.00033642    0.00004303   -0.00009866    0.00000001 
   0.60512474  6081.08069134    0.00000343   -0.00035120    0.00033437    0.00004379   -0.00009887    0.00000003 
   0.60626841  6092.57372917    0.00000343   -0.00035054    0.00033220    0.00004471   -0.00009883    0.00000000 
   0.60741261  6104.07219828    0.00000342   -0.00034941    0.00033117    0.00004448   -0.00009805   -0.00000005 
   0.60855736  6115.57609386    0.00000341   -0.00034779    0.00033173    0.00004276   -0.00009649   -0.00000005 
   0.60970264  6127.08541109    0.00000340   -0.00034628    0.00033229    0.00004140   -0.00009546   -0.00000002 
   0.61084847  6138.60014540    0.00000340   -0.00034487    0.00033173    0.00004150   -0.00009480   -0.00000004 
   0.61199483  6150.12029211    0.00000340   -0.00034352    0.00033009    0.00004269   -0.00009449   -0.00000006 
   0.61314173  6161.64584646    0.00000340   -0.00034213    0.00032776    0.00004445   -0.00009452   -0.00000005 
   0.61428917  6173.17680372    0.00000339   -0.00034061    0.00032509    0.00004641   -0.00009433   -0.00000006 
   0.61543715  6184.71315920    0.00000338   -0.00033891    0.00032335    0.00004713   -0.00009326   -0.00000004 
   0.61658566  6196.25490821    0.00000336   -0.00033733    0.00032237    0.00004683   -0.00009212   -0.00000001 
   0.61773471  6207.80204611    0.00000334   -0.00033607    0.00032144    0.00004620   -0.00009140    0.00000002 
   0.61888429  6219.35456827    0.00000333   -0.00033508    0.00031974    0.00004639   -0.00009119    0.00000002 
   0.62003441  6230.91247011    0.00000331   -0.00033401    0.00031852    0.00004609   -0.00009081    0.00000002 
   0.62118507  6242.47574706    0.00000329   -0.00033273    0.00031809    0.00004487   -0.00009022    0.00000006 
   0.62233626  6254.04439457    0.00000328   -0.00033153    0.00031780    0.00004356   -0.00009007    0.00000006 
   0.62348798  6265.61840815    0.00000327   -0.00033037    0.00031749    0.00004241   -0.00009004    0.00000004 
   0.62464024  6277.19778329    0.00000326   -0.00032935    0.00031654    0.00004207   -0.00008998    0.00000005 
   0.62579303  6288.78251555    0.00000325   -0.00032860    0.00031537    0.00004225   -0.00008970    0.00000004 
   0.62694635  6300.37260050    0.00000325   -0.00032794    0.00031407    0.00004262   -0.00008901    0.00000001 
   0.62810021  6311.96803373    0.00000325   -0.00032729    0.00031278    0.00004292   -0.00008810   -0.00000003 
   0.62925459  6323.56881087    0.00000325   -0.00032665    0.00031074    0.00004401   -0.00008701   -0.00000004 
   0.63040951  6335.17492757    0.00000324   -0.00032589    0.00030864    0.00004523   -0.00008651   -0.00000004 
   0.63156496  6346.78637952    0.00000323   -0.00032477    0.00030741    0.00004548   -0.00008579   -0.00000002 
   0.63272094  6358.40316240    0.00000322   -0.00032346    0.00030623    0.00004554   -0.00008483    0.00000001 
   0.63387745  6370.02527197    0.00000321   -0.00032204    0.00030502    0.00004566   -0.00008391   -0.00000001 
   0.63503449  6381.65270398    0.00000319   -0.00032050    0.00030395    0.00004592   -0.00008323   -0.00000003 
   0.63619205  6393.28545422    0.00000317   -0.00031902    0.00030314    0.00004632   -0.00008299   -0.00000003 
   0.63735015  6404.92351851    0.00000316   -0.00031773    0.00030226    0.00004693   -0.00008268   -0.00000003 
   0.63850878  6416.56689269    0.00000315   -0.00031660    0.00030107    0.00004764   -0.00008183   -0.00000003 
   0.63966793  6428.21557262    0.00000314   -0.00031564    0.00029906    0.00004875   -0.00008060   -0.00000002 
   0.64082761  6439.86955421    0.00000314   -0.00031469    0.00029713    0.00004951   -0.00007985    0.00000001 
   0.64198782  6451.52883339    0.00000314   -0.00031359    0.00029555    0.00004984   -0.00007965    0.00000001 
   0.64314855  6463.19340610    0.00000313   -0.00031234    0.00029405    0.00005017   -0.00007941   -0.00000001 
   0.64430981  6474.86326832    0.00000312   -0.00031098    0.00029268    0.00005044   -0.00007892    0.00000000 
   0.64547160  6486.53841607    0.00000311   -0.00030956    0.00029199    0.00005009   -0.00007817    0.00000004 
   0.64663391  6498.21884536    0.00000310   -0.00030815    0.00029119    0.00004966   -0.00007760    0.00000008 
   0.64779675  6509.90455228    0.00000308   -0.00030693    0.00029041    0.00004927   -0.00007725    0.00000008 
   0.64896011  6521.59553289    0.00000307   -0.00030584    0.00028938    0.00004928   -0.00007668    0.00000005 
   0.65012400  6533.29178333    0.00000306   -0.00030469    0.00028775    0.00004992   -0.00007565    0.00000000 
   0.65128841  6544.99329973    0.00000305   -0.00030320    0.00028642    0.00004991   -0.00007380   -0.00000004 
   0.65245335  6556.70007827    0.00000303   -0.00030146    0.00028537    0.00004943   -0.00007164   -0.00000007 
   0.65361880  6568.41211514    0.00000300   -0.00029971    0.00028389    0.00004946   -0.00006989   -0.00000007 
   0.65478478  6580.12940656    0.00000299   -0.00029815    0.00028202    0.00004991   -0.00006830   -0.00000007 
   0.65595129  6591.85194879    0.00000299   -0.00029664    0.00028012    0.00005049   -0.00006654   -0.00000006 
   0.65711831  6603.57973811    0.00000299   -0.00029502    0.00027875    0.00005077   -0.00006509   -0.00000005 
   0.65828586  6615.31277082    0.00000298   -0.00029332    0.00027771    0.00005066   -0.00006421   -0.00000002 
   0.65945393  6627.05104327    0.00000298   -0.00029171    0.00027644    0.00005050   -0.00006390    0.00000001 
   0.66062252  6638.79455180    0.00000297   -0.00029012    0.00027501    0.00005058   -0.00006364    0.00000002 
   0.66179163  6650.54329281    0.00000295   -0.00028862    0.00027357    0.00005087   -0.00006330    0.00000004 
   0.66296126  6662.29726272    0.00000294   -0.00028728    0.00027218    0.00005130   -0.00006316    0.00000004 
   0.66413141  6674.05645796    0.00000293   -0.00028597    0.00027090    0.00005171   -0.00006276    0.00000002 
   0.66530208  6685.82087502    0.00000292   -0.00028475    0.00026936    0.00005250   -0.00006279   -0.00000000 
   0.66647327  6697.59051043    0.00000290   -0.00028360    0.00026781    0.00005320   -0.00006252   -0.00000001 
   0.66764498  6709.36536115    0.00000289   -0.00028244    0.00026632    0.00005371   -0.00006217    0.00000000 
   0.66881721  6721.14542380    0.00000288   -0.00028127    0.00026537    0.00005377   -0.00006220    0.00000003 
   0.66998995  6732.93069497    0.00000287   -0.00028024    0.00026450    0.00005395   -0.00006255    0.00000003 
   0.67116321  6744.72117131    0.00000286   -0.00027946    0.00026339    0.00005464   -0.00006323    0.00000003 
   0.67233699  6756.51684949    0.00000286   -0.00027877    0.00026237    0.00005548   -0.00006421    0.00000002 
   0.67351129  6768.31772624    0.00000285   -0.00027794    0.00026163    0.00005605   -0.00006519    0.00000002 
   0.67468611  6780.12379834    0.00000284   -0.00027693    0.00026117    0.00005610   -0.00006595   -0.00000001 
   0.67586144  6791.93506260    0.00000284   -0.00027571    0.00026090    0.00005565   -0.00006600   -0.00000003 
   0.67703729  6803.75151589    0.00000283   -0.00027434    0.00026073    0.00005485   -0.00006559   -0.00000001 
   0.67821365  6815.57315510    0.00000282   -0.00027306    0.00026041    0.00005406   -0.00006539    0.00000001 
   0.67939053  6827.39997720    0.00000280   -0.00027196    0.00025987    0.00005337   -0.00006537    0.00000002 
   0.68056793  6839.23197917    0.00000279   -0.00027116    0.00025804    0.00005403   -0.00006584    0.00000002 
   0.68174584  6851.06915806    0.00000277   -0.00027048    0.00025528    0.00005556   -0.00006612   -0.00000001 
   0.68292426  6862.91151095    0.00000276   -0.00026970    0.00025265    0.00005682   -0.00006612   -0.00000002 
   0.68410320  6874.75903496    0.00000274   -0.00026875    0.00025066    0.00005750   -0.00006624   -0.00000001 
   0.68528266  6886.61172728    0.00000272   -0.00026768    0.00024927    0.00005773   -0.00006653    0.00000002 
   0.68646263  6898.46958511    0.00000271   -0.00026667    0.00024800    0.00005782   -0.00006660    0.00000001 
   0.68764311  6910.33260572    0.00000270   -0.00026569    0.00024683    0.00005773   -0.00006624    0.00000000 
   0.68882411  6922.20078642    0.00000268   -0.00026465    0.00024601    0.00005705   -0.00006591    0.00000001 
   0.69000561  6934.07412455    0.00000266   -0.00026359    0.00024545    0.00005585   -0.00006533    0.00000001 
   0.69118764  6945.95261751    0.00000265   -0.00026249    0.00024516    0.00005445   -0.00006470   -0.00000000 
   0.69237017  6957.83626275    0.00000264   -0.00026148    0.00024485    0.00005321   -0.00006411   -0.00000000 
   0.69355322  6969.72505774    0.00000263   -0.00026049    0.00024451    0.00005217   -0.00006395   -0.00000000 
   0.69473678  6981.61900002    0.00000263   -0.00025946    0.00024392    0.00005147   -0.00006379   -0.00000002 
   0.69592085  6993.51808715    0.00000262   -0.00025836    0.00024298    0.00005127   -0.00006352   -0.00000003 
   0.69710543  7005.42231676    0.00000261   -0.00025728    0.00024212    0.00005102   -0.00006323   -0.00000003 
   0.69829052  7017.33168651    0.00000260   -0.00025623    0.00024125    0.00005073   -0.00006319   -0.00000001 
   0.69947613  7029.24619410    0.00000259   -0.00025526    0.00024014    0.00005068   -0.00006361   -0.00000000 
   0.70066225  7041.16583729    0.00000259   -0.00025425    0.00023856    0.00005119   -0.00006447   -0.00000001 
   0.70184887  7053.09061387    0.00000258   -0.00025315    0.00023648    0.00005229   -0.00006537   -0.00000001 
   0.70303601  7065.02052168    0.00000257   -0.00025199    0.00023415    0.00005361   -0.00006590   -0.00000001 
   0.70422366  7076.95555860    0.00000257   -0.00025097    0.00023168    0.00005502   -0.00006666    0.00000001 
   0.70541182  7088.89572257    0.00000257   -0.00025003    0.00022916    0.00005652   -0.00006809    0.00000002 
   0.70660049  7100.84101156    0.00000257   -0.00024900    0.00022678    0.00005782   -0.00006939    0.00000003 
   0.70778967  7112.79142359    0.00000256   -0.00024774    0.00022526    0.00005813   -0.00006992    0.00000001 
   0.70897935  7124.74695672    0.00000255   -0.00024633    0.00022456    0.00005760   -0.00007012    0.00000001 
   0.71016955  7136.70760905    0.00000254   -0.00024502    0.00022369    0.00005729   -0.00007032    0.00000002 
   0.71136026  7148.67337874    0.00000253   -0.00024384    0.00022249    0.00005771   -0.00007112    0.00000001 
   0.71255147  7160.64426399    0.00000253   -0.00024267    0.00022116    0.00005854   -0.00007193   -0.00000000 
   0.71374320  7172.62026303    0.00000252   -0.00024161    0.00021964    0.00005969   -0.00007293    0.00000000 
   0.71493543  7184.60137436    0.00000251   -0.00024076    0.00021777    0.00006111   -0.00007400    0.00000002 
   0.71612817  7196.58759671    0.00000250   -0.00023999    0.00021590    0.00006228   -0.00007469    0.00000002 
   0.71732142  7208.57892847    0.00000249   -0.00023899    0.00021516    0.00006207   -0.00007522    0.00000001 
   0.71851518  7220.57536814    0.00000248   -0.00023774    0.00021513    0.00006107   -0.00007541   -0.00000001 
   0.71970945  7232.57691424    0.00000246   -0.00023637    0.00021518    0.00005983   -0.00007546   -0.00000003 
   0.72090423  7244.58356541    0.00000244   -0.00023499    0.00021454    0.00005922   -0.00007531   -0.00000005 
   0.72209951  7256.59532032    0.00000243   -0.00023360    0.00021311    0.00005951   -0.00007523   -0.00000004 
   0.72329530  7268.61217773    0.00000241   -0.00023233    0.00021180    0.00005986   -0.00007545   -0.00000002 
   0.72449160  7280.63413647    0.00000240   -0.00023132    0.00021037    0.00006066   -0.00007656    0.00000000 
   0.72568840  7292.66119543    0.00000240   -0.00023046    0.00020865    0.00006197   -0.00007866    0.00000001 
   0.72688571  7304.69335358    0.00000239   -0.00022946    0.00020719    0.00006279   -0.00008067   -0.00000001 
   0.72808353  7316.73060995    0.00000237   -0.00022828    0.00020623    0.00006276   -0.00008178   -0.00000002 
   0.72928186  7328.77296366    0.00000235   -0.00022697    0.00020546    0.00006258   -0.00008190   -0.00000002 
   0.73048070  7340.82041387    0.00000233   -0.00022554    0.00020455    0.00006285   -0.00008193   -0.00000003 
   0.73168004  7352.87295985    0.00000231   -0.00022397    0.00020373    0.00006315   -0.00008175   -0.00000005 
   0.73287989  7364.93060089    0.00000230   -0.00022240    0.00020308    0.00006303   -0.00008107   -0.00000005 
   0.73408024  7376.99333640    0.00000229   -0.00022107    0.00020224    0.00006298   -0.00008063   -0.00000002 
   0.73528111  7389.06116582    0.00000228   -0.00022000    0.00020089    0.00006345   -0.00008101    0.00000002 
   0.73648247  7401.13408869    0.00000228   -0.00021905    0.00019884    0.00006484   -0.00008266    0.00000005 
   0.73768435  7413.21210460    0.00000227   -0.00021799    0.00019752    0.00006544   -0.00008399    0.00000002 
   0.73888673  7425.29521322    0.00000226   -0.00021691    0.00019666    0.00006526   -0.00008515    0.00000001 
   0.74008962  7437.38341429    0.00000225   -0.00021586    0.00019594    0.00006465   -0.00008573   -0.00000002 
   0.74129302  7449.47670762    0.00000223   -0.00021484    0.00019550    0.00006363   -0.00008585   -0.00000002 
   0.74249692  7461.57509307    0.00000223   -0.00021389    0.00019489    0.00006283   -0.00008611    0.00000001 
   0.74370133  7473.67857062    0.00000222   -0.00021312    0.00019356    0.00006293   -0.00008698    0.00000003 
   0.74490625  7485.78714026    0.00000222   -0.00021253    0.00019166    0.00006379   -0.00008751    0.00000002 
   0.74611167  7497.90080209    0.00000222   -0.00021197    0.00018963    0.00006489   -0.00008754    0.00000000 
   0.74731760  7510.01955626    0.00000221   -0.00021125    0.00018746    0.00006612   -0.00008734   -0.00000003 
   0.74852404  7522.14340302    0.00000220   -0.00021034    0.00018506    0.00006754   -0.00008659   -0.00000002 
   0.74973098  7534.27234264    0.00000218   -0.00020924    0.00018295    0.00006853   -0.00008610   -0.00000002 
   0.75093843  7546.40637552    0.00000216   -0.00020804    0.00018202    0.00006833   -0.00008571   -0.00000001 
   0.75214639  7558.54550207    0.00000215   -0.00020687    0.00018174    0.00006755   -0.00008523   -0.00000000 
   0.75335486  7570.68972282    0.00000214   -0.00020594    0.00018093    0.00006744   -0.00008515    0.00000003 
   0.75456383  7582.83903833    0.00000214   -0.00020512    0.00017946    0.00006813   -0.00008533    0.00000001 
   0.75577331  7594.99344927    0.00000213   -0.00020420    0.00017812    0.00006889   -0.00008525   -0.00000001 
   0.75698329  7607.15295649    0.00000213   -0.00020336    0.00017667    0.00006996   -0.00008530   -0.00000001 
   0.75819378  7619.31756111    0.00000213   -0.00020263    0.00017469    0.00007177   -0.00008547   -0.00000001 
   0.75940478  7631.48726406    0.00000212   -0.00020191    0.00017291    0.00007336   -0.00008585    0.00000000 
   0.76061629  7643.66206636    0.00000212   -0.00020104    0.00017173    0.00007410   -0.00008603   -0.00000001 
   0.76182831  7655.84196912    0.00000211   -0.00020000    0.00017010    0.00007510   -0.00008642   -0.00000003 
   0.76304083  7668.02697354    0.00000210   -0.00019884    0.00016814    0.00007643   -0.00008682   -0.00000003 
   0.76425386  7680.21708092    0.00000209   -0.00019779    0.00016616    0.00007793   -0.00008805    0.00000000 
   0.76546740  7692.41229265    0.00000209   -0.00019696    0.00016390    0.00007995   -0.00008960    0.00000001 
   0.76668144  7704.61261023    0.00000209   -0.00019617    0.00016165    0.00008215   -0.00009085    0.00000000 
   0.76789600  7716.81803524    0.00000208   -0.00019528    0.00015968    0.00008382   -0.00009183    0.00000002 
   0.76911106  7729.02856934    0.00000207   -0.00019425    0.00015792    0.00008503   -0.00009277    0.00000004 
   0.77032663  7741.24421433    0.00000206   -0.00019318    0.00015628    0.00008611   -0.00009368    0.00000004 
   0.77154271  7753.46497205    0.00000205   -0.00019216    0.00015493    0.00008681   -0.00009450    0.00000004 
   0.77275930  7765.69084448    0.00000203   -0.00019117    0.00015405    0.00008702   -0.00009528    0.00000004 
   0.77397640  7777.92183366    0.00000202   -0.00019017    0.00015354    0.00008672   -0.00009548    0.00000003 
   0.77519401  7790.15794176    0.00000200   -0.00018918    0.00015285    0.00008660   -0.00009514   -0.00000000 
   0.77641213  7802.39917100    0.00000199   -0.00018817    0.00015170    0.00008690   -0.00009489   -0.00000000 
   0.77763075  7814.64552374    0.00000198   -0.00018720    0.00015023    0.00008740   -0.00009453    0.00000002 
   0.77884989  7826.89700241    0.00000197   -0.00018636    0.00014837    0.00008819   -0.00009393    0.00000000 
   0.78006954  7839.15360954    0.00000197   -0.00018552    0.00014696    0.00008863   -0.00009245   -0.00000002 
   0.78128970  7851.41534774    0.00000196   -0.00018454    0.00014622    0.00008843   -0.00009041   -0.00000005 
   0.78251037  7863.68221974    0.00000195   -0.00018347    0.00014571    0.00008799   -0.00008805   -0.00000005 
   0.78373155  7875.95422835    0.00000195   -0.00018249    0.00014517    0.00008761   -0.00008637   -0.00000002 
   0.78495324  7888.23137647    0.00000195   -0.00018159    0.00014461    0.00008731   -0.00008511   -0.00000002 
   0.78617544  7900.51366711    0.00000194   -0.00018065    0.00014404    0.00008706   -0.00008442   -0.00000001 
   0.78739816  7912.80110337    0.00000193   -0.00017967    0.00014318    0.00008693   -0.00008391    0.00000002 
   0.78862138  7925.09368843    0.00000192   -0.00017872    0.00014147    0.00008746   -0.00008330    0.00000001 
   0.78984513  7937.39142558    0.00000191   -0.00017781    0.00013926    0.00008840   -0.00008238   -0.00000001 
   0.79106938  7949.69431819    0.00000190   -0.00017693    0.00013707    0.00008936   -0.00008164    0.00000000 
   0.79229415  7962.00236975    0.00000189   -0.00017609    0.00013472    0.00009067   -0.00008127    0.00000001 
   0.79351943  7974.31558383    0.00000188   -0.00017529    0.00013291    0.00009148   -0.00008057   -0.00000000 
   0.79474522  7986.63396408    0.00000188   -0.00017449    0.00013206    0.00009125   -0.00007905   -0.00000002 
   0.79597153  7998.95751426    0.00000187   -0.00017350    0.00013162    0.00009055   -0.00007737   -0.00000002 
   0.79719835  8011.28623822    0.00000186   -0.00017233    0.00013095    0.00009005   -0.00007587   -0.00000004 
   0.79842569  8023.62013995    0.00000185   -0.00017106    0.00012987    0.00009002   -0.00007479   -0.00000002 
   0.79965355  8035.95922359    0.00000183   -0.00016981    0.00012882    0.00009008   -0.00007410    0.00000001 
   0.80088192  8048.30349335    0.00000182   -0.00016863    0.00012819    0.00008975   -0.00007358    0.00000002 
   0.80211081  8060.65295355    0.00000181   -0.00016755    0.00012767    0.00008928   -0.00007291   -0.00000000 
   0.80334021  8073.00760857    0.00000180   -0.00016656    0.00012683    0.00008907   -0.00007214   -0.00000001 
   0.80457013  8085.36746290    0.00000180   -0.00016565    0.00012575    0.00008907   -0.00007139   -0.00000002 
   0.80580057  8097.73252111    0.00000181   -0.00016469    0.00012436    0.00008942   -0.00007045   -0.00000001 
   0.80703153  8110.10278784    0.00000181   -0.00016367    0.00012306    0.00008943   -0.00006908   -0.00000000 
   0.80826301  8122.47826784    0.00000180   -0.00016257    0.00012197    0.00008898   -0.00006733   -0.00000001 
   0.80949500  8134.85896593    0.00000180   -0.00016145    0.00012077    0.00008864   -0.00006552   -0.00000002 
   0.81072752  8147.24488704    0.00000179   -0.00016031    0.00011916    0.00008878   -0.00006400   -0.00000002 
   0.81196056  8159.63603615    0.00000178   -0.00015916    0.00011722    0.00008937   -0.00006319   -0.00000001 
   0.81319411  8172.03241835    0.00000177   -0.00015801    0.00011563    0.00008969   -0.00006242   -0.00000000 
   0.81442819  8184.43403883    0.00000176   -0.00015683    0.00011437    0.00008965   -0.00006163   -0.00000000 
   0.81566279  8196.84090283    0.00000175   -0.00015561    0.00011331    0.00008938   -0.00006065    0.00000001 
   0.81689791  8209.25301571    0.00000174   -0.00015439    0.00011216    0.00008914   -0.00005936    0.00000002 
   0.81813356  8221.67038289    0.00000173   -0.00015328    0.00011121    0.00008877   -0.00005786    0.00000001 
   0.81936972  8234.09300991    0.00000172   -0.00015235    0.00011039    0.00008837   -0.00005649   -0.00000000 
   0.82060642  8246.52090236    0.00000171   -0.00015148    0.00010995    0.00008757   -0.00005527   -0.00000001 
   0.82184363  8258.95406594    0.00000170   -0.00015050    0.00010981    0.00008646   -0.00005459   -0.00000002 
   0.82308138  8271.39250643    0.00000169   -0.00014944    0.00010963    0.00008526   -0.00005395   -0.00000003 
   0.82431964  8283.83622969    0.00000168   -0.00014843    0.00010949    0.00008393   -0.00005335   -0.00000000 
   0.82555844  8296.28524168    0.00000168   -0.00014751    0.00010874    0.00008310   -0.00005316    0.00000002 
   0.82679776  8308.73954838    0.00000167   -0.00014648    0.00010731    0.00008283   -0.00005272    0.00000002 
   0.82803761  8321.19915523    0.00000165   -0.00014532    0.00010574    0.00008262   -0.00005249    0.00000001 
   0.82927798  8333.66406838    0.00000164   -0.00014419    0.00010415    0.00008249   -0.00005255   -0.00000000 
   0.83051889  8346.13429421    0.00000163   -0.00014307    0.00010257    0.00008236   -0.00005262   -0.00000001 
   0.83176032  8358.60983912    0.00000162   -0.00014195    0.00010142    0.00008177   -0.00005266   -0.00000002 
   0.83300228  8371.09070945    0.00000160   -0.00014085    0.00010081    0.00008061   -0.00005274   -0.00000003 
   0.83424478  8383.57691157    0.00000159   -0.00013971    0.00010040    0.00007932   -0.00005316   -0.00000001 
   0.83548780  8396.06845181    0.00000157   -0.00013850    0.00009992    0.00007819   -0.00005336   -0.00000002 
   0.83673136  8408.56533652    0.00000155   -0.00013720    0.00009940    0.00007726   -0.00005352   -0.00000001 
   0.83797545  8421.06757201    0.00000153   -0.00013590    0.00009869    0.00007665   -0.00005400    0.00000000 
   0.83922008  8433.57516459    0.00000151   -0.00013452    0.00009846    0.00007539   -0.00005410   -0.00000001 
   0.84046523  8446.08812055    0.00000149   -0.00013312    0.00009874    0.00007340   -0.00005390    0.00000002 
   0.84171092  8458.60644619    0.00000147   -0.00013191    0.00009867    0.00007167   -0.00005414    0.00000003 
   0.84295715  8471.13014778    0.00000146   -0.00013070    0.00009819    0.00007029   -0.00005423    0.00000002 
   0.84420391  8483.65923159    0.00000144   -0.00012936    0.00009754    0.00006894   -0.00005383   -0.00000000 
   0.84545121  8496.19370386    0.00000142   -0.00012801    0.00009671    0.00006772   -0.00005300   -0.00000001 
   0.84669904  8508.73357084    0.00000141   -0.00012672    0.00009559    0.00006693   -0.00005185   -0.00000001 
   0.84794742  8521.27883876    0.00000140   -0.00012538    0.00009478    0.00006601   -0.00005065   -0.00000004 
   0.84919633  8533.82951383    0.00000139   -0.00012394    0.00009441    0.00006473   -0.00004961   -0.00000005 
   0.85044578  8546.38560227    0.00000138   -0.00012257    0.00009404    0.00006345   -0.00004906   -0.00000002 
   0.85169576  8558.94711028    0.00000136   -0.00012131    0.00009365    0.00006214   -0.00004861    0.00000001 
   0.85294629  8571.51404403    0.00000135   -0.00012019    0.00009310    0.00006104   -0.00004822    0.00000001 
   0.85419736  8584.08640970    0.00000134   -0.00011921    0.00009224    0.00006047   -0.00004782   -0.00000001 
   0.85544897  8596.66421345    0.00000133   -0.00011817    0.00009141    0.00006008   -0.00004774   -0.00000002 
   0.85670112  8609.24746144    0.00000132   -0.00011711    0.00009011    0.00006021   -0.00004820    0.00000001 
   0.85795382  8621.83615918    0.00000132   -0.00011609    0.00008859    0.00006057   -0.00004916    0.00000002 
   0.85920705  8634.43031115    0.00000131   -0.00011512    0.00008700    0.00006089   -0.00004992    0.00000002 
   0.86046083  8647.02992329    0.00000130   -0.00011419    0.00008576    0.00006062   -0.00005000    0.00000001 
   0.86171516  8659.63500134    0.00000130   -0.00011326    0.00008447    0.00006023   -0.00004955    0.00000001 
   0.86297002  8672.24555073    0.00000129   -0.00011225    0.00008313    0.00005986   -0.00004875   -0.00000002 
   0.86422544  8684.86157655    0.00000128   -0.00011104    0.00008189    0.00005955   -0.00004800   -0.00000004 
   0.86548140  8697.48308360    0.00000127   -0.00010970    0.00008077    0.00005936   -0.00004786   -0.00000003 
   0.86673790  8710.11007636    0.00000126   -0.00010827    0.00007979    0.00005916   -0.00004810   -0.00000000 
   0.86799495  8722.74255899    0.00000125   -0.00010681    0.00007914    0.00005861   -0.00004825    0.00000001 
   0.86925255  8735.38053533    0.00000123   -0.00010542    0.00007855    0.00005795   -0.00004837    0.00000000 
   0.87051069  8748.02400891    0.00000122   -0.00010415    0.00007781    0.00005742   -0.00004826   -0.00000001 
   0.87176939  8760.67298295    0.00000120   -0.00010310    0.00007675    0.00005730   -0.00004836    0.00000000 
   0.87302863  8773.32746036    0.00000119   -0.00010218    0.00007579    0.00005710   -0.00004814    0.00000000 
   0.87428841  8785.98744372    0.00000118   -0.00010124    0.00007516    0.00005660   -0.00004754   -0.00000001 
   0.87554875  8798.65293529    0.00000117   -0.00010021    0.00007449    0.00005623   -0.00004676    0.00000000 
   0.87680963  8811.32393705    0.00000115   -0.00009914    0.00007357    0.00005616   -0.00004608   -0.00000000 
   0.87807106  8824.00045062    0.00000114   -0.00009820    0.00007236    0.00005628   -0.00004529   -0.00000002 
   0.87933305  8836.68247734    0.00000113   -0.00009740    0.00007110    0.00005632   -0.00004495   -0.00000001 
   0.88059558  8849.37001822    0.00000112   -0.00009664    0.00007012    0.00005599   -0.00004471   -0.00000001 
   0.88185865  8862.06307396    0.00000111   -0.00009587    0.00006879    0.00005600   -0.00004456    0.00000000 
   0.88312228  8874.76164485    0.00000110   -0.00009506    0.00006700    0.00005657   -0.00004477    0.00000000 
   0.88438646  8887.46572875    0.00000109   -0.00009414    0.00006539    0.00005704   -0.00004532    0.00000001 
   0.88565118  8900.17532411    0.00000108   -0.00009298    0.00006433    0.00005686   -0.00004578    0.00000001 
   0.88691645  8912.89042953    0.00000106   -0.00009164    0.00006379    0.00005594   -0.00004544   -0.00000000 
   0.88818227  8925.61104268    0.00000105   -0.00009027    0.00006289    0.00005518   -0.00004482    0.00000001 
   0.88944864  8938.33716035    0.00000104   -0.00008890    0.00006185    0.00005453   -0.00004390    0.00000001 
   0.89071556  8951.06877839    0.00000103   -0.00008753    0.00006110    0.00005366   -0.00004307    0.00000000 
   0.89198302  8963.80589175    0.00000102   -0.00008616    0.00006100    0.00005207   -0.00004198   -0.00000001 
   0.89325103  8976.54849447    0.00000100   -0.00008491    0.00006094    0.00005036   -0.00004104   -0.00000002 
   0.89451958  8989.29657969    0.00000098   -0.00008366    0.00006076    0.00004887   -0.00004021   -0.00000003 
   0.89578868  9002.05013962    0.00000096   -0.00008237    0.00006039    0.00004783   -0.00003960   -0.00000003 
   0.89705833  9014.80916556    0.00000095   -0.00008109    0.00005977    0.00004719   -0.00003920   -0.00000001 
   0.89832851  9027.57364792    0.00000095   -0.00007990    0.00005881    0.00004697   -0.00003896    0.00000000 
   0.89959924  9040.34357617    0.00000094   -0.00007877    0.00005791    0.00004678   -0.00003891    0.00000000 
   0.90087051  9053.11893889    0.00000093   -0.00007764    0.00005729    0.00004632   -0.00003875    0.00000002 
   0.90214232  9065.89972374    0.00000092   -0.00007655    0.00005681    0.00004562   -0.00003818    0.00000003 
   0.90341467  9078.68591748    0.00000091   -0.00007558    0.00005603    0.00004501   -0.00003719    0.00000003 
   0.90468755  9091.47750545    0.00000090   -0.00007463    0.00005514    0.00004433   -0.00003614    0.00000000 
   0.90596097  9104.27446985    0.00000088   -0.00007355    0.00005454    0.00004336   -0.00003510   -0.00000001 
   0.90723492  9117.07679349    0.00000087   -0.00007247    0.00005385    0.00004250   -0.00003435   -0.00000000 
   0.90850940  9129.88445779    0.00000085   -0.00007143    0.00005324    0.00004154   -0.00003368    0.00000002 
   0.90978441  9142.69744239    0.00000084   -0.00007041    0.00005283    0.00004043   -0.00003334    0.00000002 
   0.91105995  9155.51572516    0.00000082   -0.00006938    0.00005231    0.00003946   -0.00003339    0.00000002 
   0.91233602  9168.33928215    0.00000081   -0.00006842    0.00005152    0.00003874   -0.00003377   -0.00000001 
   0.91361261  9181.16808768    0.00000080   -0.00006749    0.00005049    0.00003831   -0.00003373   -0.00000004 
   0.91488971  9194.00211425    0.00000079   -0.00006646    0.00004908    0.00003843   -0.00003354   -0.00000003 
   0.91616733  9206.84133261    0.00000078   -0.00006545    0.00004751    0.00003883   -0.00003337   -0.00000001 
   0.91744547  9219.68571170    0.00000077   -0.00006446    0.00004614    0.00003908   -0.00003350    0.00000000 
   0.91872412  9232.53521870    0.00000075   -0.00006343    0.00004487    0.00003925   -0.00003373   -0.00000000 
   0.92000327  9245.38981900    0.00000074   -0.00006231    0.00004406    0.00003890   -0.00003409    0.00000001 
   0.92128293  9258.24947622    0.00000073   -0.00006121    0.00004340    0.00003833   -0.00003441    0.00000002 
   0.92256308  9271.11415219    0.00000073   -0.00006008    0.00004275    0.00003766   -0.00003430    0.00000001 
   0.92384374  9283.98380545    0.00000071   -0.00005883    0.00004224    0.00003684   -0.00003365    0.00000001 
   0.92512488  9296.85839215    0.00000070   -0.00005748    0.00004173    0.00003604   -0.00003274    0.00000002 
   0.92640651  9309.73786714    0.00000069   -0.00005620    0.00004073    0.00003578   -0.00003211    0.00000001 
   0.92768862  9322.62218261    0.00000067   -0.00005502    0.00003962    0.00003553   -0.00003166   -0.00000000 
   0.92897121  9335.51128809    0.00000066   -0.00005398    0.00003882    0.00003486   -0.00003131   -0.00000000 
   0.93025426  9348.40513045    0.00000065   -0.00005306    0.00003824    0.00003398   -0.00003141    0.00000002 
   0.93153779  9361.30365389    0.00000064   -0.00005220    0.00003745    0.00003339   -0.00003165    0.00000001 
   0.93282177  9374.20679996    0.00000062   -0.00005132    0.00003634    0.00003313   -0.00003178   -0.00000001 
   0.93410621  9387.11450754    0.00000061   -0.00005043    0.00003532    0.00003259   -0.00003134   -0.00000003 
   0.93539110  9400.02671287    0.00000060   -0.00004958    0.00003440    0.00003187   -0.00003108   -0.00000003 
   0.93667642  9412.94334950    0.00000059   -0.00004880    0.00003357    0.00003113   -0.00003110   -0.00000002 
   0.93796219  9425.86434833    0.00000058   -0.00004794    0.00003286    0.00003042   -0.00003098   -0.00000003 
   0.93924837  9438.78963761    0.00000057   -0.00004699    0.00003201    0.00003001   -0.00003050   -0.00000003 
   0.94053498  9451.71914297    0.00000056   -0.00004599    0.00003097    0.00002976   -0.00002973   -0.00000003 
   0.94182200  9464.65278710    0.00000055   -0.00004489    0.00002990    0.00002941   -0.00002904   -0.00000001 
   0.94310942  9477.59048858    0.00000054   -0.00004369    0.00002905    0.00002876   -0.00002869    0.00000001 
   0.94439724  9490.53216317    0.00000053   -0.00004257    0.00002815    0.00002821   -0.00002834    0.00000003 
   0.94568545  9503.47772410    0.00000052   -0.00004153    0.00002728    0.00002768   -0.00002792    0.00000003 
   0.94697403  9516.42708194    0.00000051   -0.00004058    0.00002659    0.00002694   -0.00002779    0.00000003 
   0.94826298  9529.38014470    0.00000050   -0.00003967    0.00002603    0.00002602   -0.00002798    0.00000003 
   0.94955229  9542.33681778    0.00000049   -0.00003873    0.00002569    0.00002482   -0.00002801    0.00000001 
   0.95084195  9555.29700400    0.00000048   -0.00003783    0.00002550    0.00002345   -0.00002788   -0.00000001 
   0.95213195  9568.26060357    0.00000047   -0.00003691    0.00002529    0.00002214   -0.00002757   -0.00000002 
   0.95342228  9581.22751411    0.00000046   -0.00003596    0.00002483    0.00002121   -0.00002731   -0.00000002 
   0.95471293  9594.19763063    0.00000045   -0.00003505    0.00002412    0.00002068   -0.00002732   -0.00000000 
   0.95600389  9607.17084556    0.00000044   -0.00003425    0.00002328    0.00002034   -0.00002730    0.00000000 
   0.95729514  9620.14704872    0.00000043   -0.00003339    0.00002250    0.00001996   -0.00002696    0.00000001 
   0.95858668  9633.12612736    0.00000042   -0.00003249    0.00002151    0.00001976   -0.00002646    0.00000001 
   0.95987850  9646.10796736    0.00000040   -0.00003155    0.00002055    0.00001951   -0.00002589    0.00000001 
   0.96117058  9659.09245492    0.00000039   -0.00003057    0.00001974    0.00001905   -0.00002517    0.00000002 
   0.96246291  9672.07947221    0.00000037   -0.00002954    0.00001933    0.00001820   -0.00002449    0.00000002 
   0.96375548  9685.06890087    0.00000036   -0.00002853    0.00001883    0.00001743   -0.00002381    0.00000003 
   0.96504828  9698.06062224    0.00000035   -0.00002753    0.00001836    0.00001663   -0.00002348    0.00000003 
   0.96634129  9711.05451740    0.00000034   -0.00002642    0.00001842    0.00001527   -0.00002275    0.00000003 
   0.96763451  9724.05046709    0.00000032   -0.00002527    0.00001829    0.00001408   -0.00002213    0.00000002 
   0.96892792  9737.04835179    0.00000030   -0.00002421    0.00001804    0.00001311   -0.00002158    0.00000000 
   0.97022151  9750.04805168    0.00000029   -0.00002330    0.00001781    0.00001229   -0.00002142   -0.00000002 
   0.97151528  9763.04944664    0.00000027   -0.00002245    0.00001742    0.00001171   -0.00002094   -0.00000002 
   0.97280919  9776.05241889    0.00000026   -0.00002158    0.00001690    0.00001121   -0.00002035   -0.00000001 
   0.97410326  9789.05685186    0.00000026   -0.00002069    0.00001647    0.00001046   -0.00001949   -0.00000003 
   0.97539745  9802.06262893    0.00000025   -0.00001982    0.00001587    0.00000975   -0.00001898   -0.00000003 
   0.97669177  9815.06963681    0.00000025   -0.00001887    0.00001554    0.00000872   -0.00001868   -0.00000002 
   0.97798620  9828.07776557    0.00000024   -0.00001779    0.00001502    0.00000786   -0.00001841    0.00000000 
   0.97928074  9841.08690860    0.00000023   -0.00001667    0.00001388    0.00000755   -0.00001789    0.00000001 
   0.98057536  9854.09696263    0.00000021   -0.00001547    0.00001258    0.00000740   -0.00001728    0.00000001 
   0.98187006  9867.10782773    0.00000019   -0.00001421    0.00001156    0.00000690   -0.00001632    0.00000000 
   0.98316484  9880.11940729    0.00000017   -0.00001300    0.00001079    0.00000625   -0.00001544   -0.00000001 
   0.98445967  9893.13160822    0.00000016   -0.00001199    0.00000980    0.00000596   -0.00001454   -0.00000001 
   0.98575456  9906.14434470    0.00000015   -0.00001113    0.00000852    0.00000599   -0.00001338   -0.00000001 
   0.98704950  9919.15753519    0.00000013   -0.00001033    0.00000739    0.00000581   -0.00001185   -0.00000000 
   0.98834447  9932.17110345    0.00000012   -0.00000949    0.00000641    0.00000542   -0.00001031    0.00000001 
   0.98963947  9945.18498003    0.00000012   -0.00000855    0.00000536    0.00000529   -0.00000906    0.00000002 
   0.99093450  9958.19910233    0.00000010   -0.00000748    0.00000473    0.00000497   -0.00000822    0.00000003 
   0.99222955  9971.21341451    0.00000009   -0.00000634    0.00000443    0.00000426   -0.00000727    0.00000004 
   0.99352461  9984.22786755    0.00000007   -0.00000515    0.00000430    0.00000300   -0.00000602    0.00000004 
   0.99481968  9997.24241924    0.00000005   -0.00000402    0.00000398    0.00000176   -0.00000461    0.00000003 
   0.99611476  10010.25703418    0.00000004   -0.00000292    0.00000345    0.00000086   -0.00000325    0.00000001 
   0.99740984  10023.27168446    0.00000002   -0.00000179    0.00000262    0.00000036   -0.00000182    0.00000000 
   0.99870492  10036.28635107    0.00000001   -0.00000081    0.00000139    0.00000019   -0.00000072    0.00000001 
   1.00000000  10049.30102226    0.00000000    0.00000000    0.00000000    0.00000000    0.00000000    0.00000000 
