1.200000000000000025e-02 1.000000000000000000e+00
1.200000000000000025e-02 1.075903596763563508e+00
1.846201572722645096e-02 8.771341833152113132e-01
2.509125999074540009e-02 7.735687631837226963e-01
2.779553114359437430e-02 8.199103808847277852e-01
2.755089436976330963e-02 9.168038879022312182e-01
2.769950809154864482e-02 9.554193790205730563e-01
2.974521772518088844e-02 9.272997267835711988e-01
3.273724496270171563e-02 8.895819605678556563e-01
3.533349290675748267e-02 8.806175597966244828e-01
3.724424556547671628e-02 8.932727415444221553e-01
3.893798924908024178e-02 9.050255567962136594e-01
4.078169199230335246e-02 9.071529879316198031e-01
4.282854599903404558e-02 9.031379219116333346e-01
4.491805181636086830e-02 9.000640936367368949e-01
4.700972197506108480e-02 8.984730709649537683e-01
4.905774272523139717e-02 8.987687948423098705e-01
5.107785332579888038e-02 8.996144105210587272e-01
5.308930573352461935e-02 9.002536731814766435e-01
5.510244545707992936e-02 9.005311216159463950e-01
5.712327978897106112e-02 9.004774806247857200e-01
5.915323260908925129e-02 9.002226979235289361e-01
6.118588526380666637e-02 9.000278107079198175e-01
6.321966978104649748e-02 8.999020705370548434e-01
6.524753380781546375e-02 8.999872127133938804e-01
6.726871841405075714e-02 9.001967693149054428e-01
6.928873263565171747e-02 9.003308072315197030e-01
7.130671695204914007e-02 9.004485738199150546e-01
7.332100229798217683e-02 9.005999313757222513e-01
7.533215281849445222e-02 9.007539807891451478e-01
7.734318438978182719e-02 9.008339792264790091e-01
7.935432632473898851e-02 9.008712193534011980e-01
8.136930858160708324e-02 9.007938313690890819e-01
8.338229319133938500e-02 9.008050785553278761e-01
8.539757401228054157e-02 9.007532968682259167e-01
8.741305740927612922e-02 9.007223416233138824e-01
8.942920172321215666e-02 9.006903410773470231e-01
9.144652792770999183e-02 9.006447935403183447e-01
9.346273978633204416e-02 9.006498784186987017e-01
9.547391353656901891e-02 9.007783735675156667e-01
9.748392115631822341e-02 9.008717744041185860e-01
9.948879433593822708e-02 9.010468358256499277e-01
1.014948130375371849e-01 9.011057284869417039e-01
1.035075811577688826e-01 9.009664393517693437e-01
1.055180427073028893e-01 9.009544590516254114e-01
1.075285666245824334e-01 9.009469097079149114e-01
1.095401986693432805e-01 9.009154318490268931e-01
1.115512350916569723e-01 9.009145834807618103e-01
1.135624891881817367e-01 9.009087174413525911e-01
1.155735994205159684e-01 9.009093810264112712e-01
1.175845193124436805e-01 9.009144713291035167e-01
1.195951723081180723e-01 9.009236888867827586e-01
1.216054956719110069e-01 9.009365384626586426e-01
1.236154498414577807e-01 9.009521931067506761e-01
1.256250062278894963e-01 9.009699650066733678e-01
1.276341247022118874e-01 9.009897987593677993e-01
1.296427847558152269e-01 9.010111761536910846e-01
1.316509614693111840e-01 9.010339483535372285e-01
1.336586242748327991e-01 9.010581821528188540e-01
1.356657406207423255e-01 9.010839605427622967e-01
1.376722787901210887e-01 9.011113041510028232e-01
1.396781987772853506e-01 9.011404305104859791e-01
1.416834543672937929e-01 9.011716036191228518e-01
1.436880186889625266e-01 9.012044718819336442e-01
1.456918468679612166e-01 9.012393095800902421e-01
1.476949058933414438e-01 9.012759572696302790e-01
1.496971647412554396e-01 9.013142855510563045e-01
1.516985879276434024e-01 9.013543412299195312e-01
1.536991503525991787e-01 9.013958881051562511e-01
1.556988189943069589e-01 9.014390061239745400e-01
1.576975639734283785e-01 9.014836566980424237e-01
1.596953659915890666e-01 9.015295560090946791e-01
1.616922042410193217e-01 9.015765998828815242e-01
1.636880596834597024e-01 9.016246919945221094e-01
1.656829133879062499e-01 9.016737815001878431e-01
1.676767462813301968e-01 9.017238465285862814e-01
1.696695393658141926e-01 9.017748742662841099e-01
1.716612680898607357e-01 9.018269971460690648e-01
1.736519140841388531e-01 9.018801268301721574e-01
1.756414546008036592e-01 9.019343286125567349e-01
1.776298643942537947e-01 9.019896975841160680e-01
1.796171274012477448e-01 9.020460517313001469e-01
1.816032190279990299e-01 9.021035133109586157e-01
1.835881199596046676e-01 9.021620114794290934e-01
1.855718155163800787e-01 9.022213949344202177e-01
1.875542811817149380e-01 9.022818339479292682e-01
1.895355052080274216e-01 9.023430944302435197e-01
1.915154677944750916e-01 9.024052606680206257e-01
1.934941605713946244e-01 9.024680890251124410e-01
1.954715546298270434e-01 9.025319711658366106e-01
1.974476600733327536e-01 9.025961276093663610e-01
1.994224537415180132e-01 9.026610002141421951e-01
2.013959276121808917e-01 9.027264314545901946e-01
2.033680712104924959e-01 9.027924038835954956e-01
2.053388641376049650e-01 9.028591568780770515e-01
2.073083040639445707e-01 9.029263583946391947e-01
2.092763763225245488e-01 9.029941508469105926e-01
2.112430532911470649e-01 9.030629293219829545e-01
2.132083239622342696e-01 9.031324759979021399e-01
2.151721734301206002e-01 9.032027794158834499e-01
2.171345814708048327e-01 9.032739668049266646e-01
2.190955206899268537e-01 9.033462810385036734e-01
2.210549805939757140e-01 9.034194210321214724e-01
2.230129366672845004e-01 9.034935867974320800e-01
2.249693656957146570e-01 9.035688458020529890e-01
2.269242479392515610e-01 9.036451449266944547e-01
2.288775611232615748e-01 9.037225209771877488e-01
2.308292799094372183e-01 9.038010689482938176e-01
2.327793836590251464e-01 9.038807188485395994e-01
2.347278486901642203e-01 9.039615117598837069e-01
2.366746485510336229e-01 9.040435374722974871e-01
2.386197588332702735e-01 9.041267897943232601e-01
2.405631599945977639e-01 9.042111439780651239e-01
2.425048230565589324e-01 9.042967735540942131e-01
2.444447287657133261e-01 9.043835221622777976e-01
2.463828460565164191e-01 9.044716069251521606e-01
2.483191568732170951e-01 9.045608111591496581e-01
2.502536351155314476e-01 9.046512276358065208e-01
2.521862517402588266e-01 9.047429763138097325e-01
2.541169873459579454e-01 9.048358761285174579e-01
2.560458155834947069e-01 9.049300102399310264e-01
2.579727147096735340e-01 9.050253050795851184e-01
2.598976463000359227e-01 9.051221408948242342e-01
2.618206014441135099e-01 9.052199699595635529e-01
2.637415621337088623e-01 9.053187458539890820e-01
2.656604832384619197e-01 9.054191234222587203e-01
2.675773465064081869e-01 9.055207581265640737e-01
2.694921380531736244e-01 9.056233685082369922e-01
2.714048300353638643e-01 9.057271628134534458e-01
2.733153806505483341e-01 9.058325941412063154e-01
2.752237914422955289e-01 9.059388053910145677e-01
2.771300177698557965e-01 9.060465226205909328e-01
2.790340482723381865e-01 9.061552768623259979e-01
2.809358551813044280e-01 9.062652438210978545e-01
2.828354072011644571e-01 9.063765995281396481e-01
2.847326898742387202e-01 9.064890110513044164e-01
2.866276796275188943e-01 9.066025398077385278e-01
2.885203546635137783e-01 9.067171721180884436e-01
2.904106878050098928e-01 9.068330356357319211e-01
2.922986652317426381e-01 9.069498602636376638e-01
2.941842681908394819e-01 9.070676342684882432e-01
2.960674653421836444e-01 9.071866664647303402e-01
2.979482352642854881e-01 9.073068632939100819e-01
2.998265557992849106e-01 9.074281963860605371e-01
3.017024010059317085e-01 9.075507461409513255e-01
3.035757472714598060e-01 9.076744945463637304e-01
3.054465714078501981e-01 9.077994219775129547e-01
3.073148490797174559e-01 9.079255473061658144e-01
3.091805542759126779e-01 9.080529218622926946e-01
3.110436663947643288e-01 9.081814360739455250e-01
3.129041630326150902e-01 9.083110802047948962e-01
3.147620218415521087e-01 9.084418479930633783e-01
3.166172171356914644e-01 9.085738197571386898e-01
3.184697187760682224e-01 9.087071469832410653e-01
3.203195115088033895e-01 9.088415332873321928e-01
3.221665675446004906e-01 9.089771438628286848e-01
3.240108656960509204e-01 9.091138962592444361e-01
3.258523773044810223e-01 9.092519360329600620e-01
3.276910805739498000e-01 9.093911643938510370e-01
3.295269523424954605e-01 9.095315660973752880e-01
3.313599693311048977e-01 9.096731364475429960e-01
3.331901081387325658e-01 9.098158761471708544e-01
3.350173403472771483e-01 9.099599109740618141e-01
3.368416571301857676e-01 9.101048140284063726e-01
3.386630261459828706e-01 9.102509597333666713e-01
3.404814098764595842e-01 9.103986647188564429e-01
3.422968003267535253e-01 9.105473492161707538e-01
3.441091682552698261e-01 9.106972545092684168e-01
3.459184819051729365e-01 9.108485641211467865e-01
3.477247339591057473e-01 9.110007588263432377e-01
3.495278870131974802e-01 9.111543311749694674e-01
3.513279198381761281e-01 9.113091230771092066e-01
3.531247934969981572e-01 9.114654981820942137e-01
3.549185050495635152e-01 9.116227383910040505e-01
3.567090029841504251e-01 9.117816989449204490e-01
3.584962837445068717e-01 9.119416085776400616e-01
3.602802834755478578e-01 9.121035891268867157e-01
3.620610267177967190e-01 9.122659916213127218e-01
3.638384280125147585e-01 9.124307415567957102e-01
3.656125143416674161e-01 9.125959906636729180e-01
3.673832232950817178e-01 9.127630496105697544e-01
3.691505046769985032e-01 9.129322683714562459e-01
3.709143848862650472e-01 9.131019070681549721e-01
3.726747833323063031e-01 9.132737704971374271e-01
3.744317312393463659e-01 9.134459656866584787e-01
3.761851368994398315e-01 9.136206194550833271e-01
3.779350229080479795e-01 9.137959376264294109e-01
3.796813225071984932e-01 9.139732569485432556e-01
3.814240264298658922e-01 9.141518085216773226e-01
3.831631051361954476e-01 9.143317147166908354e-01
3.848985386528571695e-01 9.145127975558937639e-01
3.866302973188421310e-01 9.146952102424129594e-01
3.883583588666363884e-01 9.148788445404406611e-01
3.900826995589050661e-01 9.150636830775940034e-01
3.918032948504410196e-01 9.152497373644892242e-01
3.935201197712206445e-01 9.154370237768453267e-01
3.952331550157249240e-01 9.156254088899060672e-01
3.969423792107121818e-01 9.158148776843622052e-01
3.986477671399616396e-01 9.160055187250357722e-01
4.003493040384654700e-01 9.161971150140131304e-01
4.020469592749550403e-01 9.163899547088580899e-01
4.037407160717962351e-01 9.165838355474900112e-01
4.054305509578309263e-01 9.167788237369687288e-01
4.071164411939083849e-01 9.169749340806380156e-01
4.087983639194513463e-01 9.171721770158364206e-01
4.104762937199911699e-01 9.173706216085129039e-01
4.121502156271673045e-01 9.175700412389433680e-01
4.138200990005188040e-01 9.177707143997756445e-01
4.154859246734587397e-01 9.179724934904801570e-01
4.171476823634276410e-01 9.181750826101080509e-01
4.188053323578822540e-01 9.183790695577791485e-01
4.204588698669149971e-01 9.185838751671617786e-01
4.221082789247547762e-01 9.187894892516772494e-01
4.237535361172836135e-01 9.189960929267081413e-01
4.253946292706045074e-01 9.192034957444221721e-01
4.270315469375471906e-01 9.194115843127346199e-01
4.286642657699094028e-01 9.196205994614030654e-01
4.302927895597832286e-01 9.198299830979466130e-01
4.319171127263861654e-01 9.200396904979907253e-01
4.335371832454768537e-01 9.202508603858190472e-01
4.351530171789171897e-01 9.204623599709917947e-01
4.367646363259299891e-01 9.206734794242670272e-01
4.383719504927628408e-01 9.208866636554033924e-01
4.399750225846945639e-01 9.210993076435000093e-01
4.415737865167673748e-01 9.213133336340207924e-01
4.431682579643846376e-01 9.215276587406697750e-01
4.447584179915891056e-01 9.217426068043135245e-01
4.463442313666702299e-01 9.219587471392198808e-01
4.479257121952383569e-01 9.221751309694972143e-01
4.495028327071059482e-01 9.223923308021495515e-01
4.510755745324693256e-01 9.226103978810813455e-01
4.526439280661823106e-01 9.228291387118066069e-01
4.542078723840576870e-01 9.230487395231092851e-01
4.557673926390371499e-01 9.232691415011589076e-01
4.573224760308819414e-01 9.234902640685509478e-01
4.588731014838302591e-01 9.237122738246587028e-01
4.604192450314879559e-01 9.239353263349776579e-01
4.619609074204310550e-01 9.241588815580024097e-01
4.634980535249531575e-01 9.243835662800390374e-01
4.650306900099726581e-01 9.246086491286222842e-01
4.665587703120104290e-01 9.248350951274582066e-01
4.680823133047497531e-01 9.250617508593366178e-01
4.696012672079278860e-01 9.252898059643053230e-01
4.711156477577623236e-01 9.255181673503829476e-01
4.726254167085273683e-01 9.257476380201562494e-01
4.741305707878590847e-01 9.259777451408763849e-01
4.756310903772004717e-01 9.262086609509938562e-01
4.771269592085119471e-01 9.264403878068009357e-01
4.786181471643803365e-01 9.266732731207816265e-01
4.801046660988272929e-01 9.269064413133081271e-01
4.815864647684700572e-01 9.271410320296755714e-01
4.830635514047411649e-01 9.273761282221508750e-01
4.845358890855137601e-01 9.276124002058514506e-01
4.860034690939225577e-01 9.278494780067971792e-01
4.874662613203328831e-01 9.280877114572314568e-01
4.889242510536120356e-01 9.283268905107272539e-01
4.903774134417708819e-01 9.285671636654838634e-01
4.918257233436442721e-01 9.288086123999985677e-01
4.932691595651307881e-01 9.290511787769276664e-01
4.947076962439818648e-01 9.292949505312775305e-01
4.961413079980482310e-01 9.295399595280706695e-01
4.975699698367562762e-01 9.297862119104254308e-01
4.989936555486098047e-01 9.300337412729656750e-01
5.004123403241925727e-01 9.302825293610057500e-01
5.018259907917047569e-01 9.305327811067892751e-01
5.032345923194485593e-01 9.307841304738889709e-01
5.046381088481435295e-01 9.310369301336618442e-01
5.060365130391195621e-01 9.312911384065210019e-01
5.074297885207865733e-01 9.315464602756772239e-01
5.088178970318618655e-01 9.318032954750476993e-01
5.102008160671176462e-01 9.320614499702195577e-01
5.115785209360318442e-01 9.323208813763459446e-01
5.129509830072495058e-01 9.325816670218212145e-01
5.143181727772186962e-01 9.328438673757728505e-01
5.156800701156337707e-01 9.331072783416012317e-01
5.170366442158288445e-01 9.333720647800143322e-01
5.183878684673288717e-01 9.336382042165962680e-01
5.197337149451096705e-01 9.339057182778681687e-01
5.210741659784714486e-01 9.341743614189793599e-01
5.224091803839137071e-01 9.344445986875240528e-01
5.237387491909796244e-01 9.347158572812035437e-01
5.250628345023632404e-01 9.349885739701033760e-01
5.263814143383921396e-01 9.352625691984196576e-01
5.276944695971470534e-01 9.355376812444270440e-01
5.290019655908726470e-01 9.358142188931640737e-01
5.303038872348984079e-01 9.360918464600276323e-01
5.316002034852790326e-01 9.363707950845886474e-01
5.328908971802304162e-01 9.366508332826009031e-01
5.341759455097729870e-01 9.369319865168261874e-01
5.354553240991375418e-01 9.372143066383898935e-01
5.367290111826654719e-01 9.374977543450874196e-01
5.379969908703403636e-01 9.377821630947633658e-01
5.392592378403194830e-01 9.380676854119935903e-01
5.405157337139218088e-01 9.383542239800296558e-01
5.417664593798359185e-01 9.386417484562530333e-01
5.430113963324693094e-01 9.389302285263824155e-01
5.442505259962495678e-01 9.392196507827745844e-01
5.454838278723332934e-01 9.395100566033847134e-01
5.467112939260071469e-01 9.398011550739365783e-01
5.479328876756882627e-01 9.400935119090325642e-01
5.491486102094573774e-01 9.403864707243797527e-01
5.503584444229758788e-01 9.406801581383169575e-01
5.515623500711446248e-01 9.409752159790303327e-01
5.527603485080285761e-01 9.412704251815064982e-01
5.539523882602499505e-01 9.415669968993084504e-01
5.551384768709622941e-01 9.418640612959368053e-01
5.563185910818326807e-01 9.421619534903007409e-01
5.574927117489393291e-01 9.424607381815744978e-01
5.586608225735454347e-01 9.427603765897247801e-01
5.598229152127741637e-01 9.430606504282348368e-01
5.609789536997951132e-01 9.433621411526841305e-01
5.621289432379357187e-01 9.436641102369183187e-01
5.632728477208217566e-01 9.439672211603999941e-01
5.644106556772215955e-01 9.442711897842943625e-01
5.655423483041115418e-01 9.445760573339894162e-01
5.666679022317945291e-01 9.448819585890114725e-01
5.677873049626416257e-01 9.451886891374198241e-01
5.689005260823846166e-01 9.454965946892257556e-01
5.700075544440245112e-01 9.458053664177076270e-01
5.711083691130055540e-01 9.461150945984171390e-01
5.722029499262215602e-01 9.464258050828988633e-01
5.732912771952328734e-01 9.467374989302563826e-01
5.743733314264195533e-01 9.470501717995523094e-01
5.754490936556218017e-01 9.473638082838100605e-01
5.765185476567498135e-01 9.476783322277952948e-01
5.775816727518907623e-01 9.479938168494659312e-01
5.786384549908648589e-01 9.483101305644701107e-01
5.796888735064162912e-01 9.486273805075402521e-01
5.807329152288237539e-01 9.489454253076743395e-01
5.817705739079190863e-01 9.492640237905440870e-01
5.828018075943602883e-01 9.495839478483338869e-01
5.838266551269030158e-01 9.499035637246902031e-01
5.848450379018340639e-01 9.502249906031593474e-01
5.858570079332334757e-01 9.505460226306846616e-01
5.868624929128786194e-01 9.508686649383053524e-01
5.878615397741148163e-01 9.511909390523372032e-01
5.888540870159426621e-01 9.515145665945630160e-01
5.898401538006462497e-01 9.518383917937820460e-01
5.908197117377606000e-01 9.521630255831239342e-01
5.917927737932529020e-01 9.524877395183442008e-01
5.927592858980880175e-01 9.528138452523841062e-01
5.937192809994092935e-01 9.531398232072512133e-01
5.946727177652245677e-01 9.534667705723336439e-01
5.956196097392428834e-01 9.537938640497996001e-01
5.965599192447678112e-01 9.541219725008686092e-01
5.974936626867868306e-01 9.544501783140498796e-01
5.984208168297647790e-01 9.547790136966670671e-01
5.993413710221053847e-01 9.551084301539078947e-01
6.002553163924781998e-01 9.554383589317250181e-01
6.011626495580668639e-01 9.557686284402364674e-01
6.020633495463951768e-01 9.560995926260016375e-01
6.029574230166686588e-01 9.564307376702536612e-01
6.038448222136322263e-01 9.567631670251292020e-01
6.047255842852859997e-01 9.570953098353114363e-01
6.055996434658293959e-01 9.574289535181610411e-01
6.064670235500041473e-01 9.577627527688030717e-01
6.073276763731516592e-01 9.580978339198041871e-01
6.081816063038272269e-01 9.584334468071027402e-01
6.090287820432487287e-01 9.587701080321048286e-01
6.098691877964014241e-01 9.591076883013248677e-01
6.107028042677752344e-01 9.594462104804066804e-01
6.115296091382587118e-01 9.597857615922076313e-01
6.123495906773924746e-01 9.601261204318495279e-01
6.131627222611235606e-01 9.604675487367371201e-01
6.139689845752562825e-01 9.608099946291426274e-01
6.147683656645310801e-01 9.611532481967930419e-01
6.155608429390981851e-01 9.614974703483090135e-01
6.163464003442851169e-01 9.618425781585708823e-01
6.171250233413481112e-01 9.621884922668006990e-01
6.178967013907541439e-01 9.625350730123395371e-01
6.186614152562478486e-01 9.628824679829171007e-01
6.194191498701999699e-01 9.632306467567450792e-01
6.201699203765661528e-01 9.635788388333077492e-01
6.209136802273377276e-01 9.639282012614556194e-01
6.216504588415644461e-01 9.642774133891499622e-01
6.223802132745165361e-01 9.646276239848626810e-01
6.231029729453840815e-01 9.649775983348333197e-01
6.238186841159788498e-01 9.653287980166371796e-01
6.245274018238576863e-01 9.656792344254379046e-01
6.252290448730143391e-01 9.660313190978927489e-01
6.259236907528705762e-01 9.663822906666317269e-01
6.266112416259589368e-01 9.667351516201965200e-01
6.272917883505193526e-01 9.670866858101794250e-01
6.279652263140823587e-01 9.674401719301043423e-01
6.286316358537221705e-01 9.677926255881466044e-01
6.292909398088839534e-01 9.681464920291187326e-01
6.299431831052285657e-01 9.684999417200350624e-01
6.305883122912745442e-01 9.688545193229578523e-01
6.312263633800956342e-01 9.692087605550425700e-01
6.318572771805747168e-01 9.695643133796362223e-01
6.324810772774909218e-01 9.699199323810040463e-01
6.330977348781718916e-01 9.702763042875672816e-01
6.337072440544738727e-01 9.706332008503255615e-01
6.343095813440292607e-01 9.709909463003678631e-01
6.349047379848631323e-01 9.713493352434281469e-01
6.354926926140267440e-01 9.717085800067137846e-01
6.360734257815630066e-01 9.720687389290418867e-01
6.366469286327615107e-01 9.724295762986479019e-01
6.372131705924143352e-01 9.727915172720951187e-01
6.377721385397211451e-01 9.731543380674672061e-01
6.383238176569302480e-01 9.735179692175965904e-01
6.388681784636758287e-01 9.738827425542483374e-01
6.394052108271766066e-01 9.742483403036965584e-01
6.399348872492572893e-01 9.746150377139211063e-01
6.404571925859979808e-01 9.749826635525327134e-01
6.409721018301117734e-01 9.753513787875116581e-01
6.414796068438121113e-01 9.757208421653382757e-01
6.419796645397142232e-01 9.760917567992064559e-01
6.424722870969662436e-01 9.764630925823927221e-01
6.429574210375382792e-01 9.768359758909856971e-01
6.434350769611806298e-01 9.772093679685245338e-01
6.439052171909165345e-01 9.775839563549559852e-01
6.443678183272159021e-01 9.779597278840856944e-01
6.448228873166570452e-01 9.783359173201046088e-01
6.452703656773806085e-01 9.787137777560548368e-01
6.457102796075445683e-01 9.790918187380196480e-01
6.461425729805825302e-01 9.794713531571523912e-01
6.465672582068701102e-01 9.798513240354778109e-01
6.469843026792506668e-01 9.802323283223144390e-01
6.473936921169357595e-01 9.806142063331203529e-01
6.477954176338401870e-01 9.809967433580404350e-01
6.481894602727282795e-01 9.813800838209079114e-01
6.485758124417082549e-01 9.817640158000455752e-01
6.489544595309069130e-01 9.821486087841474477e-01
6.493253880466487438e-01 9.825338696126180160e-01
6.496885923672863772e-01 9.829196049044586214e-01
6.500440610804958386e-01 9.833058627360840021e-01
6.503917897530065995e-01 9.836924926693640936e-01
6.507317656509248316e-01 9.840796270008183022e-01
6.510639880128231693e-01 9.844670325670408229e-01
6.513884504163665046e-01 9.848547343090281458e-01
6.517051404702065565e-01 9.852428939226046678e-01
6.520140622838648259e-01 9.856311797339374348e-01
6.523152115329972078e-01 9.860196367527500616e-01
6.526085685874277731e-01 9.864086701297025694e-01
6.528941524601724611e-01 9.867975163603250888e-01
6.531719441535364101e-01 9.871867439601539340e-01
6.534419406168691102e-01 9.875762385108501906e-01
6.537041503807989873e-01 9.879656532712687289e-01
6.539585570744609333e-01 9.883554374081753302e-01
6.542051589688675506e-01 9.887454494580127928e-01
6.544439645701142227e-01 9.891353628119300412e-01
6.546749528513025052e-01 9.895257524903491309e-01
6.548981366959395478e-01 9.899160582433389477e-01
6.551134898540967866e-01 9.903069782818298972e-01
6.553210448345286876e-01 9.906973927442088712e-01
6.555207523812154324e-01 9.910887858190262634e-01
6.557126466584374258e-01 9.914798140930547454e-01
6.558966957574752232e-01 9.918714576846742181e-01
6.560729197685917224e-01 9.922629066785156882e-01
6.562412889718133302e-01 9.926550013728077104e-01
6.564018194959455599e-01 9.930470156971888951e-01
6.565545051395437204e-01 9.934391448727305507e-01
6.566993267778924448e-01 9.938318095917367812e-01
6.568363056264154842e-01 9.942242116968841303e-01
6.569654094214834039e-01 9.946172890858350213e-01
6.570866606363677809e-01 9.950101422848974808e-01
6.572000438891122398e-01 9.954032679379277715e-01
6.573055505619253003e-01 9.957967452627289884e-01
6.574031919200081786e-01 9.961901167933833179e-01
6.574929640484484805e-01 9.965835332997762253e-01
6.575748478062445335e-01 9.969774508190762941e-01
6.576488631873477209e-01 9.973711189960482448e-01
6.577149957743552156e-01 9.977650229369285917e-01
6.577732451993745233e-01 9.981590539570714959e-01
6.578236103343211294e-01 9.985531767189602670e-01
6.578660959579267775e-01 9.989472258834297680e-01
6.579006871066699347e-01 9.993416123372254045e-01
6.579274049296850446e-01 9.997356387073255135e-01
6.579462190700772206e-01 1.000130243957947807e+00
6.579571578161215184e-01 1.000524431441956796e+00
6.579602041598330286e-01 1.000918835242281091e+00
6.579553565576289342e-01 1.001313385790333133e+00
6.579426312321426940e-01 1.001707604146413910e+00
6.579220044158191616e-01 1.002102250595385602e+00
6.578935062919593069e-01 1.002496356508278730e+00
6.578570989027109350e-01 1.002891141099440109e+00
6.578128290298258518e-01 1.003285095485938028e+00
6.577606483112787839e-01 1.003679843820737050e+00
6.577006104453153590e-01 1.004073646673544928e+00
6.576326602305748725e-01 1.004468356819374186e+00
6.575568618778682151e-01 1.004861915341445311e+00
6.574731527120978303e-01 1.005256464929072946e+00
6.573816007425031804e-01 1.005649809818493390e+00
6.572821466747433838e-01 1.006044034717333391e+00
6.571748435492434925e-01 1.006437373610255204e+00
6.570596702220183882e-01 1.006830798099846103e+00
6.569366280862908303e-01 1.007224230557203892e+00
6.568057430415671361e-01 1.007617019510786083e+00
6.566669864746189633e-01 1.008010202043189363e+00
6.565203933662541180e-01 1.008402706844806263e+00
6.563659324027358855e-01 1.008795655624448395e+00
6.562036367130035242e-01 1.009187998169624789e+00
6.560334778629931529e-01 1.009580748449162346e+00
6.558554750149818702e-01 1.009973223538953135e+00
6.556696153398687832e-01 1.010365881761394080e+00
6.554759012577460187e-01 1.010758571047856602e+00
6.552743289961853179e-01 1.011151370177035824e+00
6.550648903215834373e-01 1.011544430067654599e+00
6.548475882007509519e-01 1.011937546168731439e+00
6.546224052611846478e-01 1.012331124687614770e+00
6.543893486638806545e-01 1.012724755390497222e+00
6.541484012912289758e-01 1.013118840125631470e+00
6.538995579333667374e-01 1.013513282123462700e+00
6.536428140048614610e-01 1.013908017388454930e+00
6.533781608529500851e-01 1.014303115606103090e+00
6.531055885432581753e-01 1.014698643659440069e+00
6.528251005997711687e-01 1.015094298530986316e+00
6.525366673596773026e-01 1.015490758381930814e+00
6.522403160760771312e-01 1.015886939395061139e+00
6.519360028721242761e-01 1.016284077910442507e+00
6.516237599407743719e-01 1.016680890353060862e+00
6.513035494483163657e-01 1.017078485602071591e+00
6.509753949509855531e-01 1.017475883348396781e+00
6.506392730564625193e-01 1.017873767151364239e+00
6.502951981310381990e-01 1.018271534825381686e+00
6.499431544056945009e-01 1.018669638660373078e+00
6.495831568658094746e-01 1.019067535941403868e+00
6.492151935577650246e-01 1.019465628785904743e+00
6.488392753326587270e-01 1.019863548134700704e+00
6.484553984949273930e-01 1.020261473124724816e+00
6.480635694812515446e-01 1.020659240018349845e+00
6.476637916159948549e-01 1.021056844754683723e+00
6.472560671133421595e-01 1.021454313057749808e+00
6.468404028983902876e-01 1.021851540016761595e+00
6.464168020457843333e-01 1.022248569437621324e+00
6.459852680959040638e-01 1.022645411579908625e+00
6.455458080044944591e-01 1.023041986189285213e+00
6.450984266704877790e-01 1.023438304558900835e+00
6.446431286145474227e-01 1.023834381792050774e+00
6.441799193264783341e-01 1.024230201211844715e+00
6.437088045951669946e-01 1.024625747002796627e+00
6.432297880137748392e-01 1.025021066150293869e+00
6.427428777519929026e-01 1.025416067733786019e+00
6.422480755137246478e-01 1.025810867937691162e+00
6.417453891065766358e-01 1.026205372261636439e+00
6.412348220042437541e-01 1.026599641803231489e+00
6.407163800010849952e-01 1.026993649094675609e+00
6.401900681897516598e-01 1.027387397944761194e+00
6.396558917855836857e-01 1.027780887190670844e+00
6.391138555237546592e-01 1.028174128255152864e+00
6.385639652511726494e-01 1.028567099056216794e+00
6.380062253730133248e-01 1.028959824596183736e+00
6.374406433027477448e-01 1.029352242168823039e+00
6.368672220770298376e-01 1.029744429841450204e+00
6.362859708034247497e-01 1.030136274874943192e+00
6.356968929736261931e-01 1.030527861296526737e+00
6.350999963666003056e-01 1.030919123938002446e+00
6.344952874399998333e-01 1.031310063248103592e+00
6.338827729663981669e-01 1.031700671578184458e+00
6.332624602410650283e-01 1.032090932036510811e+00
6.326343566949613750e-01 1.032480832784938629e+00
6.319984701111819314e-01 1.032870359101045077e+00
6.313548090111745781e-01 1.033259485164797375e+00
6.307033815478421124e-01 1.033648207279800779e+00
6.300441978450028735e-01 1.034036474324971699e+00
6.293772652649097799e-01 1.034424329778905083e+00
6.287025956590126530e-01 1.034811683150972605e+00
6.280201972482980510e-01 1.035198579957442577e+00
6.273300819464778799e-01 1.035584950638317681e+00
6.266322602840129763e-01 1.035970794994871991e+00
6.259267426827488379e-01 1.036356115643130016e+00
6.252135428476548462e-01 1.036740831813005581e+00
6.244926725797050882e-01 1.037124950719336525e+00
6.237641405786337190e-01 1.037508553500542607e+00
6.230279656682548017e-01 1.037891427623836016e+00
6.222841580681941487e-01 1.038273681927525338e+00
6.215327307159951298e-01 1.038655302882828479e+00
6.207736968785351195e-01 1.039036275492005279e+00
6.200070733487892394e-01 1.039416504103741534e+00
6.192328703706877491e-01 1.039796104618499140e+00
6.184511056471340140e-01 1.040174948512184727e+00
6.176617880231330959e-01 1.040553192970205876e+00
6.168649330900172201e-01 1.040930747927090838e+00
6.160605556128593285e-01 1.041307589006584822e+00
6.152486639853655959e-01 1.041683863304725843e+00
6.144292730771089284e-01 1.042059482472870391e+00
6.136023934692425019e-01 1.042434509547186750e+00
6.127680353032891603e-01 1.042808987036516255e+00
6.119262087817876061e-01 1.043182934669886652e+00
6.110769234302835251e-01 1.043556379236635356e+00
6.102201851402120347e-01 1.043929424984194831e+00
6.093560021253323633e-01 1.044302065978179650e+00
6.084843789674291292e-01 1.044674390050761126e+00
6.076053306312836355e-01 1.045046181543107799e+00
6.067188517358499400e-01 1.045417841271485626e+00
6.058249457418594108e-01 1.045789348599596602e+00
6.049236368250456852e-01 1.046160175334231557e+00
6.040149124676740255e-01 1.046530974715498941e+00
6.030987737338188159e-01 1.046901733818221603e+00
6.021752532433510829e-01 1.047271657284895019e+00
6.012443285501537504e-01 1.047641724086472159e+00
6.003060131021871193e-01 1.048011526356491308e+00
5.993603262267915843e-01 1.048380713177225587e+00
5.984072555458748166e-01 1.048749901725623657e+00
5.974468287872680694e-01 1.049118397942072400e+00
5.964790279161025222e-01 1.049486998864265885e+00
5.955038953732735285e-01 1.049854591116949454e+00
5.945214139668804076e-01 1.050222108832392864e+00
5.935316064483850962e-01 1.050589020492670222e+00
5.925344852421422503e-01 1.050955318516496595e+00
5.915300642686510679e-01 1.051320961709617530e+00
5.905183557748354684e-01 1.051685971314288981e+00
5.894993815208674492e-01 1.052050120120434862e+00
5.884731561103975217e-01 1.052413473436057512e+00
5.874396987644884272e-01 1.052775948479846679e+00
5.863990277063896306e-01 1.053137528806485479e+00
5.853511659462528050e-01 1.053498086520753718e+00
5.842961302569406046e-01 1.053857713607271318e+00
5.832339414313189030e-01 1.054216355558268647e+00
5.821646251628318502e-01 1.054573862605400203e+00
5.810881924795763265e-01 1.054930526498179422e+00
5.800046757113234142e-01 1.055285960569503523e+00
5.789140883047979580e-01 1.055640443561979724e+00
5.778164517042753134e-01 1.055993914908146980e+00
5.767117902383563921e-01 1.056346272216137860e+00
5.756001247550373012e-01 1.056697551305138205e+00
5.744814707547725163e-01 1.057047903773279840e+00
5.733558530773112949e-01 1.057397171937261016e+00
5.722232907203551600e-01 1.057745423006625440e+00
5.710838012264948249e-01 1.058092726963911323e+00
5.699374051279900710e-01 1.058439044058665512e+00
5.687841205398361799e-01 1.058784414847271371e+00
5.676239665707746296e-01 1.059128834764266003e+00
5.664569567628456870e-01 1.059472440694446904e+00
5.652831162478347826e-01 1.059815011336585844e+00
5.641024463862651661e-01 1.060157030321623894e+00
5.629149857924197198e-01 1.060497808121038776e+00
5.617207231320302530e-01 1.060838248684347951e+00
5.605196956463364133e-01 1.061177589598611082e+00
5.593119038210574434e-01 1.061516368545369460e+00
5.580973659110632923e-01 1.061854410136629845e+00
5.568760955751710373e-01 1.062191741579712412e+00
5.556481086181938034e-01 1.062528322828377281e+00
5.544134162623346462e-01 1.062864248424759683e+00
5.531720267704111071e-01 1.063199639624558657e+00
5.519239495888836888e-01 1.063534527464556012e+00
5.506692103774443181e-01 1.063868522132352057e+00
5.494078183209408772e-01 1.064201840592852610e+00
5.481397824399849572e-01 1.064534595434415643e+00
5.468651155940236208e-01 1.064866746980332346e+00
5.455838105355413914e-01 1.065198778066312357e+00
5.442959409118933722e-01 1.065528907738447995e+00
5.430014910873612877e-01 1.065858477596617337e+00
5.417004689316298194e-01 1.066187570805687379e+00
5.403929005421518328e-01 1.066515773253883914e+00
5.390787836800766675e-01 1.066843586292912427e+00
5.377581807193577701e-01 1.067169645278518209e+00
5.364310839764814265e-01 1.067495019325259475e+00
5.350975086330070907e-01 1.067819671363577694e+00
5.337574601914467642e-01 1.068143824834888456e+00
5.324109991471945857e-01 1.068466216637839139e+00
5.310581205121913673e-01 1.068787852308089370e+00
5.296988374846449688e-01 1.069108779956795985e+00
5.283331675954884288e-01 1.069428915321400941e+00
5.269611310676886040e-01 1.069748148969787982e+00
5.255827697528634435e-01 1.070065885469613232e+00
5.241980830063209806e-01 1.070382889512457858e+00
5.228070798121566831e-01 1.070699302724426705e+00
5.214098077006650289e-01 1.071014232263595600e+00
5.200062702028140915e-01 1.071328331692162239e+00
5.185964818265426102e-01 1.071641653366958602e+00
5.171804650069909970e-01 1.071954025286361523e+00
5.157582620494092218e-01 1.072264864696816034e+00
5.143298671257430232e-01 1.072575083554153874e+00
5.128953058789675890e-01 1.072884351060554797e+00
5.114546166273622463e-01 1.073192184934502080e+00
5.100077955896975546e-01 1.073499396522960225e+00
5.085548891656692660e-01 1.073805136976277552e+00
5.070959066325407827e-01 1.074109909930442308e+00
5.056308689319978233e-01 1.074413675592886586e+00
5.041598117776423527e-01 1.074716044769420620e+00
5.026827443259735961e-01 1.075017486790519783e+00
5.011997056948024332e-01 1.075317487288629748e+00
4.997107081559931108e-01 1.075616460228639104e+00
4.982157872355146844e-01 1.075914031240371660e+00
4.967149598431302437e-01 1.076210478543887961e+00
4.952082601883271984e-01 1.076505508756111507e+00
4.936957087385010490e-01 1.076799318737800659e+00
4.921773363602469087e-01 1.077091746939344619e+00
4.906531671054176202e-01 1.077382882954494914e+00
4.891232309471247874e-01 1.077672623548659558e+00
4.875875530112309120e-01 1.077961038285767614e+00
4.860461612326838488e-01 1.078248091720650503e+00
4.844990837931044680e-01 1.078533759963901106e+00
4.829463452427491532e-01 1.078818121854924206e+00
4.813879754797888433e-01 1.079101083115560744e+00
4.798239989972101216e-01 1.079382731736339807e+00
4.782544424625597701e-01 1.079663057348519972e+00
4.766793323669148430e-01 1.079942059179474612e+00
4.750986938908398072e-01 1.080219769605703650e+00
4.735125504521096595e-01 1.080496248885197019e+00
4.719209231077194922e-01 1.080771586166443976e+00
4.703238393744139101e-01 1.081045664529952655e+00
4.687213266646884646e-01 1.081318428122203246e+00
4.671134030154890371e-01 1.081590083405178371e+00
4.655000863154132862e-01 1.081860737318573129e+00
4.638813867959466486e-01 1.082130634760043675e+00
4.622573700317458845e-01 1.082398514599132389e+00
4.606280282023190731e-01 1.082665581149326650e+00
4.589933752481509810e-01 1.082931892542956520e+00
4.573534407148276970e-01 1.083197087718650531e+00
4.557082579061319527e-01 1.083460892190809322e+00
4.540577794134711964e-01 1.083725186526014461e+00
4.524021401769615092e-01 1.083986352289840749e+00
4.507413127003130349e-01 1.084246641175222958e+00
4.490752611228519542e-01 1.084507388138228778e+00
4.474040650447984602e-01 1.084766374134542577e+00
4.457277554111311879e-01 1.085023706023043433e+00
4.440463336658788118e-01 1.085280174756921623e+00
4.423598183195684985e-01 1.085535749150309925e+00
4.406682339785459868e-01 1.085790261214807817e+00
4.389716151135868438e-01 1.086043380345473874e+00
4.372699920191066014e-01 1.086295045648834501e+00
4.355633825066494436e-01 1.086545538749936535e+00
4.338518088729987898e-01 1.086794888330324893e+00
4.321352991991863624e-01 1.087042964124564026e+00
4.304138909913906019e-01 1.087289465371266362e+00
4.286876067622199526e-01 1.087534616528990306e+00
4.269564544216647439e-01 1.087778894892465598e+00
4.252204758192032474e-01 1.088021690621861159e+00
4.234797215230313716e-01 1.088262480829318646e+00
4.217342031197062746e-01 1.088501978611877918e+00
4.199839447295136141e-01 1.088740227174846531e+00
4.182289714907783118e-01 1.088977222669896605e+00
4.164693266228308710e-01 1.089212511147725548e+00
4.147050415223558217e-01 1.089446161199830065e+00
4.129361205234512999e-01 1.089678883686618471e+00
4.111626406893101882e-01 1.089909215810928478e+00
4.093846062403782016e-01 1.090138247242854241e+00
4.076020488374863526e-01 1.090365836807813738e+00
4.058150015889697149e-01 1.090591877730913595e+00
4.040235015084187031e-01 1.090816218993323039e+00
4.022275666898003088e-01 1.091039258076211826e+00
4.004272602899147659e-01 1.091260067149335322e+00
3.986225977566371093e-01 1.091479375020699472e+00
3.968136092925276803e-01 1.091697177227175741e+00
3.950003266797698087e-01 1.091913432046625498e+00
3.931827760133875804e-01 1.092128260796959793e+00
3.913610153198073816e-01 1.092340925852076206e+00
3.895350648163148910e-01 1.092552003627441648e+00
3.877049494607536229e-01 1.092761663816843587e+00
3.858706994555521352e-01 1.092969860152549266e+00
3.840323480652758636e-01 1.093176492947272260e+00
3.821899260528182074e-01 1.093381574899167763e+00
3.803434685684422556e-01 1.093585002673072903e+00
3.784929987618980141e-01 1.093787024614234049e+00
3.766385372319884239e-01 1.093987828668947282e+00
3.747801142457090617e-01 1.094187267105549033e+00
3.729177606805264000e-01 1.094385250796431119e+00
3.710514993442365905e-01 1.094581936919551302e+00
3.691813417740050784e-01 1.094777685829653846e+00
3.673073250424818692e-01 1.094972039316997492e+00
3.654294652351942618e-01 1.095165292954779490e+00
3.635478004654744688e-01 1.095357043834475963e+00
3.616623454165983076e-01 1.095547676253233238e+00
3.597731184100430579e-01 1.095737291404589309e+00
3.578801537545835965e-01 1.095925540202872472e+00
3.559834806321536815e-01 1.096112376276275002e+00
3.540831283684441333e-01 1.096297772844966989e+00
3.521791040095344494e-01 1.096482273509316041e+00
3.502714249294005544e-01 1.096665891872096177e+00
3.483601826507914945e-01 1.096846781015365258e+00
3.464453708757572747e-01 1.097026462997629181e+00
3.445270098969510086e-01 1.097205034083061470e+00
3.426050969068418772e-01 1.097383119908349025e+00
3.406797437893220870e-01 1.097558166006259439e+00
3.387509487439872569e-01 1.097731737250591033e+00
3.368187315059017473e-01 1.097904077691524538e+00
3.348831062519400659e-01 1.098075448308895030e+00
3.329441594508283919e-01 1.098244172296330090e+00
3.310018990941357986e-01 1.098411373179570383e+00
3.290563568116676163e-01 1.098577021765580586e+00
3.271075726831637054e-01 1.098740892209478792e+00
3.251555737467486384e-01 1.098903197629206296e+00
3.232004008494015479e-01 1.099063699362370805e+00
3.212420932587257139e-01 1.099222317562171369e+00
3.192806868650002183e-01 1.099379096738313688e+00
3.173162068410935732e-01 1.099534327080913254e+00
3.153486946694719073e-01 1.099687745945088890e+00
3.133781846914517333e-01 1.099839400537140133e+00
3.114047100761198617e-01 1.099989343765957139e+00
3.094282858504263101e-01 1.100138055639407808e+00
3.074489830407201585e-01 1.100284376176448253e+00
3.054668186162159960e-01 1.100429076814918528e+00
3.034818146675964945e-01 1.100572415237037305e+00
3.014940044590309065e-01 1.100714240946748523e+00
2.995034267919096660e-01 1.100854340265496001e+00
2.975101059013407490e-01 1.100992970511061264e+00
2.955140407326203311e-01 1.101130892587631527e+00
2.935153436935688531e-01 1.101265650384193773e+00
2.915139955584098996e-01 1.101399306685161950e+00
2.895099833646031517e-01 1.101532736301840565e+00
2.875033886022846930e-01 1.101664015322972645e+00
2.854942420488022492e-01 1.101793449612638698e+00
2.834825431697319265e-01 1.101921974897168699e+00
2.814683296032934323e-01 1.102049104723637818e+00
2.794516455122987297e-01 1.102174432750777200e+00
2.774325128599064438e-01 1.102298310799286307e+00
2.754109658199060950e-01 1.102420609513742988e+00
2.733870356419320635e-01 1.102541337320312564e+00
2.713607618158432322e-01 1.102660292426468347e+00
2.693321722504565807e-01 1.102777663461991020e+00
2.673013113523624029e-01 1.102893132297440459e+00
2.652682100771224794e-01 1.103006876143809656e+00
2.632329062487940852e-01 1.103118811894204798e+00
2.611954351187078527e-01 1.103228962313349548e+00
2.591558403190177828e-01 1.103337129263017191e+00
2.571141543533833618e-01 1.103443491886459960e+00
2.550704186363585424e-01 1.103547916982941191e+00
2.530246683299488542e-01 1.103650494265803417e+00
2.509769420122484052e-01 1.103751183189503937e+00
2.489272764450146669e-01 1.103850008889686540e+00
2.468757131112008230e-01 1.103946865904280150e+00
2.448222869802681445e-01 1.104041864339547985e+00
2.427670354360079996e-01 1.104134998890368369e+00
2.407099932091105177e-01 1.104226333231712154e+00
2.386511960825904999e-01 1.104315872892947192e+00
2.365906819573771747e-01 1.104403567690897647e+00
2.345284848039254355e-01 1.104489490795832918e+00
2.324646417692900202e-01 1.104573599377892457e+00
2.303991895013534352e-01 1.104655884501451579e+00
2.283321290932544823e-01 1.104737230567290451e+00
2.262635525190358210e-01 1.104815807753202428e+00
2.241934681930638495e-01 1.104892790139991199e+00
2.221219039024315833e-01 1.104968280449892593e+00
2.200488867920616931e-01 1.105042346098284112e+00
2.179744424617162946e-01 1.105115059421867718e+00
2.158986453842802189e-01 1.105185234760926782e+00
2.138215063596477783e-01 1.105253871110365216e+00
2.117430481342858217e-01 1.105321169303322471e+00
2.096633087637326531e-01 1.105386847029580899e+00
2.075823361457560801e-01 1.105450517078295336e+00
2.055001038504394861e-01 1.105513844036153381e+00
2.034167451952027250e-01 1.105573666513086639e+00
2.013322400323022676e-01 1.105632240443145342e+00
1.992466200381079466e-01 1.105689398190521588e+00
1.971599246621649759e-01 1.105744861607925955e+00
1.950721931019898936e-01 1.105798497922430457e+00
1.929834345476984792e-01 1.105850990932591316e+00
1.908937302990630913e-01 1.105900879796271274e+00
1.888030990482981730e-01 1.105948999281349376e+00
1.867115692557648754e-01 1.105995522568097966e+00
1.846191728972636226e-01 1.106040448360670947e+00
1.825259489406974023e-01 1.106083601208581957e+00
1.804319371419289830e-01 1.106124873687592602e+00
1.783371686031361147e-01 1.106164428427708568e+00
1.762416524964581233e-01 1.106202894994895214e+00
1.741454884863803676e-01 1.106238325863482475e+00
1.720486719944689102e-01 1.106272353343618731e+00
1.699512222358113833e-01 1.106305198752338237e+00
1.678531836715325964e-01 1.106336341597229600e+00
1.657546038888114415e-01 1.106365443480734623e+00
1.636555081087928687e-01 1.106392894354922385e+00
1.615559221918333732e-01 1.106418873215539111e+00
1.594558829368829811e-01 1.106443196095620252e+00
1.573554231512799828e-01 1.106465870801975449e+00
1.552545762499441817e-01 1.106486886048473117e+00
1.531533409630737030e-01 1.106507103310089501e+00
1.510518305421452712e-01 1.106524090292346552e+00
1.489500304736695313e-01 1.106539824972157415e+00
1.468479422345710939e-01 1.106554896577630842e+00
1.447456531125838053e-01 1.106567454452588084e+00
1.426431771111461300e-01 1.106578405376326790e+00
1.405405492409549095e-01 1.106587677557034910e+00
1.384378036550103497e-01 1.106595256541222483e+00
1.363349757385872441e-01 1.106601104295279692e+00
1.342321123184700704e-01 1.106604915764659802e+00
1.321292455180007874e-01 1.106606906008152480e+00
1.300264105188151387e-01 1.106607106097807991e+00
1.279236454871597040e-01 1.106605456954380395e+00
1.258209966739448904e-01 1.106601726921651041e+00
1.237185009279354042e-01 1.106596035225153374e+00
1.216161952796489948e-01 1.106588436933827690e+00
1.195141211241510931e-01 1.106578850468452391e+00
1.174123185536718461e-01 1.106567267610298222e+00
1.153108269058907565e-01 1.106553703113767106e+00
1.132096898688871450e-01 1.106538055596064662e+00
1.111089434318212610e-01 1.106520466838770478e+00
1.090086275119890452e-01 1.106500909529281484e+00
1.069087815899745497e-01 1.106479380929093814e+00
1.048094447185153599e-01 1.106455890365117378e+00
1.027106584794401228e-01 1.106430379273530384e+00
1.006124579494957760e-01 1.106402980999464436e+00
9.851488406792981156e-02 1.106373615652972209e+00
9.641797230526726048e-02 1.106342380007140802e+00
9.432176060897089209e-02 1.106309260525070393e+00
9.222628913920689897e-02 1.106274195120725778e+00
9.013159426320850598e-02 1.106237247574413551e+00
8.803770983456025989e-02 1.106198512617503571e+00
8.594467430288772747e-02 1.106157922714655850e+00
8.385252642968700487e-02 1.106115436301436716e+00
8.176130167759100564e-02 1.106071115067209121e+00
7.967103494549628018e-02 1.106025003950063423e+00
7.758176206999745084e-02 1.105977101976593380e+00
7.549352234762507496e-02 1.105927322161696980e+00
7.340634806715830296e-02 1.105875796206608586e+00
7.132027897767716229e-02 1.105822403454423508e+00
6.923534963711876211e-02 1.105767213355262291e+00
6.715159476413376516e-02 1.105710256616346809e+00
6.506905285790388904e-02 1.105651454078011131e+00
6.298775743108729619e-02 1.105590890823511252e+00
6.090774735481976898e-02 1.105528475432534519e+00
5.882905852252419410e-02 1.105464236637747399e+00
5.675172569243591009e-02 1.105398217185171506e+00
5.467576006657721283e-02 1.105331027353144036e+00
5.260125179665006701e-02 1.105260998538841521e+00
5.052821032422268044e-02 1.105189314194196193e+00
4.845665825933798826e-02 1.105116236833306065e+00
4.638662878571808701e-02 1.105041633371241394e+00
4.431818212699130399e-02 1.104964761267881013e+00
4.225134454519683530e-02 1.104886098292893193e+00
4.018614230304681095e-02 1.104805883314287973e+00
3.812258992142240205e-02 1.104724529311845060e+00
3.606077310816128284e-02 1.104640463101541181e+00
3.400070714042256054e-02 1.104554658858329486e+00
3.194240200054848655e-02 1.104467736040107395e+00
2.988590651416278207e-02 1.104379033293787060e+00
2.783126893575400135e-02 1.104288234221203702e+00
2.577850962579721766e-02 1.104195877973612072e+00
2.372766187228643117e-02 1.104101910938666498e+00
2.167875736455364064e-02 1.104006346276743766e+00
1.963180921578067117e-02 1.103909654971787058e+00
1.758691240976508266e-02 1.103810025750374013e+00
1.554406199386841776e-02 1.103709051386694506e+00
1.350327097144718436e-02 1.103607079367968868e+00
1.146460741572696319e-02 1.103502906691080865e+00
9.428099556249239926e-03 1.103396927946574291e+00
7.393774490317642917e-03 1.103289368735667964e+00
5.361665597422641573e-03 1.103180184804299691e+00
3.331808442471201510e-03 1.103069299390026625e+00
1.304247498289829235e-03 1.102956451413638517e+00
-7.209825678747578542e-04 1.102841755475024721e+00
-2.743849245028076849e-03 1.102725322780436112e+00
-4.764315906200829523e-03 1.102607106033627771e+00
-6.782347540599170665e-03 1.102487121990863184e+00
-8.797899672662718579e-03 1.102365142411111165e+00
-1.081093547943223071e-02 1.102241244488884053e+00
-1.282142034322751936e-02 1.102115521953415112e+00
-1.482931828001316996e-02 1.101987987510439471e+00
-1.683458446428532165e-02 1.101858426476114428e+00
-1.883718034760096041e-02 1.101726888435039076e+00
-2.083707083960641485e-02 1.101593484631746778e+00
-2.283421953275156097e-02 1.101458237758592862e+00
-2.482858284561902107e-02 1.101320979815073819e+00
-2.682012331121112758e-02 1.101181779661430271e+00
-2.880880597851263533e-02 1.101040734627343642e+00
-3.079459012083198000e-02 1.100897748985746327e+00
-3.277743852994156187e-02 1.100752862834703416e+00
-3.475731426578630018e-02 1.100606102927560892e+00
-3.673417813068814014e-02 1.100457426200417199e+00
-3.870799461893927040e-02 1.100306903420577687e+00
-4.067872889087469079e-02 1.100154586622765329e+00
-4.264634092154310357e-02 1.100000372192183606e+00
-4.461079490959329180e-02 1.099844313911437332e+00
-4.657205663597173417e-02 1.099686478229270348e+00
-4.853008973613457538e-02 1.099526844732797048e+00
-5.048485692624094662e-02 1.099365380233148670e+00
-5.243632291491673314e-02 1.099202117947559731e+00
-5.438445391995596484e-02 1.099037112213851586e+00
-5.632921448549581267e-02 1.098870348359512583e+00
-5.827056810878193660e-02 1.098701792876000116e+00
-6.020847792723539593e-02 1.098531420013427518e+00
-6.214291288106720684e-02 1.098359361966599890e+00
-6.407383746028118277e-02 1.098185573577740159e+00
-6.600121252155287388e-02 1.098009941434753278e+00
-6.792500585139626956e-02 1.097832582077552299e+00
-6.984518427553697284e-02 1.097653529756384749e+00
-7.176171041816102603e-02 1.097472696557884264e+00
-7.367454894290018097e-02 1.097290089511511857e+00
-7.558366560804896661e-02 1.097105739498566379e+00
-7.748902910148589007e-02 1.096919735199296975e+00
-7.939060155337283875e-02 1.096731957010912861e+00
-8.128834965973080751e-02 1.096542459278496473e+00
-8.318223738715314897e-02 1.096351200938897597e+00
-8.507223311571474045e-02 1.096158271797579298e+00
-8.695830183152361559e-02 1.095963631908102309e+00
-8.884041218823292285e-02 1.095767352985874465e+00
-9.071852765296493926e-02 1.095569341225328452e+00
-9.259261577827272716e-02 1.095369651859449789e+00
-9.446264325033562614e-02 1.095168290845388137e+00
-9.632857891074889101e-02 1.094965315047116361e+00
-9.819038956461219325e-02 1.094760701984231588e+00
-1.000480399586955033e-01 1.094554388958289382e+00
-1.019015006468391299e-01 1.094346489796826027e+00
-1.037507381579792637e-01 1.094136960791007196e+00
-1.055957204804602728e-01 1.093925816571619691e+00
-1.074364155731790949e-01 1.093713063717871137e+00
-1.092727911121025575e-01 1.093498698446112805e+00
-1.111048148538398422e-01 1.093282720880579317e+00
-1.129324536466153606e-01 1.093065108373768357e+00
-1.147556773191982793e-01 1.092845924115547929e+00
-1.165744544208447003e-01 1.092625167713025203e+00
-1.183887461455558204e-01 1.092402655088381636e+00
-1.201985244495887561e-01 1.092178563259104784e+00
-1.220037581654794534e-01 1.091952902640910494e+00
-1.238044123739032998e-01 1.091725584645141911e+00
-1.256004519718972590e-01 1.091496560386510994e+00
-1.273918422167882869e-01 1.091265814429621894e+00
-1.291785554747815756e-01 1.091033516778733725e+00
-1.309605539514412387e-01 1.090799498419949165e+00
-1.327378018372917245e-01 1.090563724470327456e+00
-1.345102685557611755e-01 1.090326308310991088e+00
-1.362779171024674774e-01 1.090087145937244095e+00
-1.380407150606619004e-01 1.089846300037573101e+00
-1.397986264899426512e-01 1.089603713864896184e+00
-1.415516173979221026e-01 1.089359407746024910e+00
-1.432996530240242816e-01 1.089113372639657573e+00
-1.450427002546787192e-01 1.088865645200280952e+00
-1.467807237410967969e-01 1.088616187874683394e+00
-1.485136898056511057e-01 1.088365023665290199e+00
-1.502415640232371563e-01 1.088112145386387120e+00
-1.519643155290780201e-01 1.087857638453306075e+00
-1.536819068906668251e-01 1.087601381380463916e+00
-1.553943078566847324e-01 1.087343492954770507e+00
-1.571014862223654995e-01 1.087083983733495351e+00
-1.588034057133258792e-01 1.086822757254847893e+00
-1.605000393089850985e-01 1.086559996632995073e+00
-1.621913519130587789e-01 1.086295591532430160e+00
-1.638773126206508057e-01 1.086029591570106589e+00
-1.655578900841790102e-01 1.085762010487348883e+00
-1.672330526877745804e-01 1.085492848447654701e+00
-1.689027717912015281e-01 1.085222179923591490e+00
-1.705670147513378976e-01 1.084949942079295848e+00
-1.722257524975633614e-01 1.084676192809375550e+00
-1.738789510247200631e-01 1.084400837697695907e+00
-1.755265866274599573e-01 1.084124087031436368e+00
-1.771686255873584082e-01 1.083845795627269792e+00
-1.788050364642523316e-01 1.083565947850074096e+00
-1.804357913263418545e-01 1.083284623591365570e+00
-1.820608592522418856e-01 1.083001788057274428e+00
-1.836802129285110829e-01 1.082717514049458263e+00
-1.852938218133530213e-01 1.082431757259868732e+00
-1.869016511207971520e-01 1.082144389430128140e+00
-1.885036767047162665e-01 1.081855612427132574e+00
-1.900998690832762517e-01 1.081565393791656504e+00
-1.916901948440991876e-01 1.081273619030492572e+00
-1.932746271396844628e-01 1.080980395018969364e+00
-1.948531331982696346e-01 1.080685627088204814e+00
-1.964256869608750899e-01 1.080389435723329461e+00
-1.979922567361458441e-01 1.080091740357524532e+00
-1.995528145927632779e-01 1.079792594708289144e+00
-2.011073265583989134e-01 1.079491874609126434e+00
-2.026557675307661677e-01 1.079189739727835162e+00
-2.041981075543807256e-01 1.078886148568372505e+00
-2.057343176186418598e-01 1.078581104004805447e+00
-2.072643644027476195e-01 1.078274499719137136e+00
-2.087882228755128244e-01 1.077966489792789417e+00
-2.103058634692322182e-01 1.077657037853470445e+00
-2.118172564436804906e-01 1.077346121402033230e+00
-2.133223732659338956e-01 1.077033759371442967e+00
-2.148211850192859318e-01 1.076719951633613226e+00
-2.163136628725386146e-01 1.076404700262214575e+00
-2.177997774626901084e-01 1.076087992998985055e+00
-2.192795040054661138e-01 1.075769938182983276e+00
-2.207528089430852158e-01 1.075450370646060305e+00
-2.222196670028445398e-01 1.075129414931103700e+00
-2.236800495447693327e-01 1.074807049127762371e+00
-2.251339284223717319e-01 1.074483274618031725e+00
-2.265812742592927531e-01 1.074158061346132120e+00
-2.280220583294786663e-01 1.073831410541804532e+00
-2.294562545849410939e-01 1.073503389771553795e+00
-2.308838339968087849e-01 1.073173958296559816e+00
-2.323047669330261800e-01 1.072843080667805316e+00
-2.337190280161930700e-01 1.072510845527165690e+00
-2.351265862276921970e-01 1.072177156165151635e+00
-2.365274157743572081e-01 1.071842094863291628e+00
-2.379214877259469008e-01 1.071505624335478801e+00
-2.393087745824996060e-01 1.071167761695648091e+00
-2.406892469984854843e-01 1.070828469361561508e+00
-2.420628801280903797e-01 1.070487841034993615e+00
-2.434296448493437071e-01 1.070145816662920746e+00
-2.447895130710834311e-01 1.069802391989044033e+00
-2.461424591958677743e-01 1.069457627228221464e+00
-2.474884569597546047e-01 1.069111535825372217e+00
-2.488274776672846078e-01 1.068764063715026635e+00
-2.501594958298200000e-01 1.068415264034989320e+00
-2.514844864540698999e-01 1.068065175737832773e+00
-2.528024230283340001e-01 1.067713780339609730e+00
-2.541132801875692904e-01 1.067361097264778680e+00
-2.554170329522042482e-01 1.067007145862354234e+00
-2.567136557956973819e-01 1.066651922132596741e+00
-2.580031260847193142e-01 1.066295496405937016e+00
-2.592854191494702309e-01 1.065937852935832542e+00
-2.605605084316365283e-01 1.065578936636164098e+00
-2.618283733782370559e-01 1.065218870097185633e+00
-2.630889921727633807e-01 1.064857683025842050e+00
-2.643423373538283383e-01 1.064495249153635470e+00
-2.655883887894639472e-01 1.064131688581798185e+00
-2.668271226717113254e-01 1.063766969461173773e+00
-2.680585200005284885e-01 1.063401196065106191e+00
-2.692825530512771848e-01 1.063034202415361396e+00
-2.704992060083324934e-01 1.062666203248153751e+00
-2.717084514093611736e-01 1.062297014763884606e+00
-2.729102692780350781e-01 1.061926732212881364e+00
-2.741046410433541358e-01 1.061555438353507519e+00
-2.752915393598160398e-01 1.061182955202392142e+00
-2.764709489835920908e-01 1.060809496309688127e+00
-2.776428428491002354e-01 1.060434872906639070e+00
-2.788072019160677262e-01 1.060059191241597976e+00
-2.799640042916894389e-01 1.059682433125432421e+00
-2.811132287438529165e-01 1.059304605980894598e+00
-2.822548538574074506e-01 1.058925708943401434e+00
-2.833888591001698098e-01 1.058545763654850314e+00
-2.845152194889641328e-01 1.058164669661373569e+00
-2.856339181498708246e-01 1.057782579467445139e+00
-2.867449289544623525e-01 1.057399337962600994e+00
-2.878482345733352488e-01 1.057015087567213296e+00
-2.889438125148497405e-01 1.056629770435559834e+00
-2.900316387035634103e-01 1.056243318049712610e+00
-2.911116949898787110e-01 1.055855844296829993e+00
-2.921839584219627084e-01 1.055467286064605048e+00
-2.932484075109460520e-01 1.055077648370977172e+00
-2.943050209272403683e-01 1.054686937706937444e+00
-2.953537771133519230e-01 1.054295151620348481e+00
-2.963946548486055543e-01 1.053902297305605584e+00
-2.974276319021129655e-01 1.053508353104578799e+00
-2.984526880680610228e-01 1.053113358815081613e+00
-2.994698010514675879e-01 1.052717282106796270e+00
-3.004789495053723503e-01 1.052320130515107532e+00
-3.014801117846100387e-01 1.051921900352586592e+00
-3.024732674594163839e-01 1.051522620160543209e+00
-3.034583944027908209e-01 1.051122261778723921e+00
-3.044354725269877715e-01 1.050720862108376119e+00
-3.054044792113762008e-01 1.050318376277989074e+00
-3.063653945259249278e-01 1.049914849116803994e+00
-3.073181979486738769e-01 1.049510288241216616e+00
-3.082628683041612749e-01 1.049104681121883376e+00
-3.091993842252009350e-01 1.048698016701023583e+00
-3.101277267615182298e-01 1.048290349872535110e+00
-3.110478748022077466e-01 1.047881654067595480e+00
-3.119598091266188034e-01 1.047471963258165495e+00
-3.128635096538812665e-01 1.047061272924734610e+00
-3.137589566033341937e-01 1.046649588312781542e+00
-3.146461312508004315e-01 1.046236938457137278e+00
-3.155250151200612030e-01 1.045823344074177985e+00
-3.163955889871459815e-01 1.045408796828298792e+00
-3.172578344026281694e-01 1.044993311915294543e+00
-3.181117344326548357e-01 1.044576934822404324e+00
-3.189572707060059353e-01 1.044159652359070600e+00
-3.197944273063833553e-01 1.043741519303061027e+00
-3.206231863542578497e-01 1.043322513962483544e+00
-3.214435310555910918e-01 1.042902652628663107e+00
-3.222554463448550344e-01 1.042481986660021231e+00
-3.230589178073018375e-01 1.042060558005272197e+00
-3.238539263650350164e-01 1.041638271060056020e+00
-3.246404595792943271e-01 1.041215244000600837e+00
-3.254185039214795849e-01 1.040791508669023147e+00
-3.261880433561296644e-01 1.040367018314854564e+00
-3.269490641616442095e-01 1.039941807409382024e+00
-3.277015511412312287e-01 1.039515856308457442e+00
-3.284454963837510344e-01 1.039089337331314145e+00
-3.291808802648713561e-01 1.038662043807755841e+00
-3.299076916139788707e-01 1.038234083745656067e+00
-3.306259234115254686e-01 1.037805614925583653e+00
-3.313355561072435229e-01 1.037376402969834244e+00
-3.320365799507329352e-01 1.036946575686243266e+00
-3.327289843093848010e-01 1.036516174923509004e+00
-3.334127610240575912e-01 1.036085283442664373e+00
-3.340878882606835298e-01 1.035653600751071490e+00
-3.347543639676344163e-01 1.035221471163398466e+00
-3.354121721598619654e-01 1.034788718501479021e+00
-3.360613023725628756e-01 1.034355392682352992e+00
-3.367017473741178435e-01 1.033921599494141974e+00
-3.373334894679597129e-01 1.033487130207208171e+00
-3.379565225714652454e-01 1.033052170805333958e+00
-3.385708347828544906e-01 1.032616668801488835e+00
-3.391764146092023924e-01 1.032180608173532743e+00
-3.397732509430378411e-01 1.031743990546743373e+00
-3.403613361817174887e-01 1.031306904354453158e+00
-3.409406540923075601e-01 1.030869178056068813e+00
-3.415112010254595099e-01 1.030431040470924264e+00
-3.420729605358499015e-01 1.029992286109312039e+00
-3.426259242721345077e-01 1.029553014575861347e+00
-3.431700830078653341e-01 1.029113253795291394e+00
-3.437054243574696466e-01 1.028672938751844956e+00
-3.442319409604674418e-01 1.028232162564958418e+00
-3.447496186435676235e-01 1.027790801474075089e+00
-3.452584479369292803e-01 1.027348911185169689e+00
-3.457584214314022852e-01 1.026906571068500806e+00
-3.462495247506370832e-01 1.026463646629211190e+00
-3.467317505202687222e-01 1.026020245669486908e+00
-3.472050875337771014e-01 1.025576326286543827e+00
-3.476695248311584274e-01 1.025131873691896178e+00
-3.481250531180317687e-01 1.024686922131873068e+00
-3.485716613393172736e-01 1.024241444712164828e+00
-3.490093391097596753e-01 1.023795444731233406e+00
-3.494380767236033303e-01 1.023348940825798525e+00
-3.498578643008906641e-01 1.022901937959173724e+00
-3.502686907169461628e-01 1.022454407495064999e+00
-3.506705462621206304e-01 1.022006370490984306e+00
-3.510634214715885326e-01 1.021557843596279991e+00
-3.514473063913921003e-01 1.021108822907319524e+00
-3.518221916325671716e-01 1.020659320597127717e+00
-3.521880681466376672e-01 1.020209351264416586e+00
-3.525449258147024811e-01 1.019758895447918867e+00
-3.528927563019450542e-01 1.019307988019114042e+00
-3.532315507425625167e-01 1.018856633139084922e+00
-3.535613003884878758e-01 1.018404835831767441e+00
-3.538819974243710420e-01 1.017952621927054269e+00
-3.541936331868920651e-01 1.017499983140643494e+00
-3.544962004236070219e-01 1.017046950602286337e+00
-3.547896926076494206e-01 1.016593558016293475e+00
-3.550741015426316927e-01 1.016139780496793987e+00
-3.553494206680624656e-01 1.015685646498257544e+00
-3.556156442666052464e-01 1.015231191326788851e+00
-3.558727662793709778e-01 1.014776424096627938e+00
-3.561207811684917179e-01 1.014321362390423253e+00
-3.563596835369223781e-01 1.013866018520069412e+00
-3.565894701637513653e-01 1.013410453044850001e+00
-3.568101339372403147e-01 1.012954598973740072e+00
-3.570216739123854288e-01 1.012498576979588227e+00
-3.572240834462114267e-01 1.012042304949534177e+00
-3.574173617517893975e-01 1.011585888228306640e+00
-3.576015058742786912e-01 1.011129325290476055e+00
-3.577765116212143215e-01 1.010672584432720011e+00
-3.579423774587900398e-01 1.010215716269843522e+00
-3.580991038255499359e-01 1.009758795418009614e+00
-3.582466850858999075e-01 1.009301707331844433e+00
-3.583851221631043638e-01 1.008844558710124240e+00
-3.585144139095824967e-01 1.008387351131106779e+00
-3.586345591523341092e-01 1.007930084748435151e+00
-3.587455580852390025e-01 1.007472793810931133e+00
-3.588474071793278375e-01 1.007015402371777224e+00
-3.589401110147453777e-01 1.006558075185418621e+00
-3.590236663490167790e-01 1.006100699063585235e+00
-3.590980731345598809e-01 1.005643297284461113e+00
-3.591633356281437872e-01 1.005185989095918275e+00
-3.592194508683445586e-01 1.004728653667068539e+00
-3.592664198886603710e-01 1.004271330455520195e+00
-3.593042449256113047e-01 1.003814069265624109e+00
-3.593329273353322861e-01 1.003356872989927595e+00
-3.593524685555006815e-01 1.002899745113263741e+00
-3.593628686352797752e-01 1.002442652665200162e+00
-3.593641284216970155e-01 1.001985599107122482e+00
-3.593562528161023395e-01 1.001528687527784678e+00
-3.593392403056805962e-01 1.001071809117439759e+00
-3.593130951215585678e-01 1.000615053069759508e+00
-3.592778172230586264e-01 1.000158357186472502e+00
-3.592334098863106950e-01 9.997017732886288588e-01
-3.591798748088707027e-01 9.992452878224051815e-01
-3.591172145677419270e-01 9.987889159970737563e-01
-3.590454300413402633e-01 9.983326229525855133e-01
-3.589645246051708094e-01 9.978764536861475243e-01
-3.588745006398345594e-01 9.974204058237579051e-01
-3.587753609695353840e-01 9.969644892684902393e-01
-3.586671068640153726e-01 9.965086701103350597e-01
-3.585497418100928591e-01 9.960529868211954740e-01
-3.584232686806451129e-01 9.955974432884954206e-01
-3.582876902653198137e-01 9.951420393752055116e-01
-3.581430088444496618e-01 9.946867622799393516e-01
-3.579892281034406376e-01 9.942316407288341873e-01
-3.578263505322962224e-01 9.937766591998982157e-01
-3.576543794113614672e-01 9.933218296906713984e-01
-3.574733180001523625e-01 9.928671576791983089e-01
-3.572831694293776006e-01 9.924126426843202786e-01
-3.570839370803066681e-01 9.919582907294779428e-01
-3.568756239557950294e-01 9.915040953660381184e-01
-3.566582339051440065e-01 9.910500745308341575e-01
-3.564317696773100508e-01 9.905962096836595787e-01
-3.561962356870647661e-01 9.901425331997888435e-01
-3.559516353294921998e-01 9.896890357746710443e-01
-3.556979725783449564e-01 9.892357272227454423e-01
-3.554352522700104933e-01 9.887826340171013140e-01
-3.551634782899072418e-01 9.883297456200597075e-01
-3.548826551275811592e-01 9.878770718659685146e-01
-3.545927871819153365e-01 9.874246154054298064e-01
-3.542938804075463355e-01 9.869724164575801595e-01
-3.539859393132510079e-01 9.865204589854977835e-01
-3.536689692270912344e-01 9.860687554528453358e-01
-3.533429762538317642e-01 9.856173315090271947e-01
-3.530079668733509535e-01 9.851662093565842770e-01
-3.526639454647507166e-01 9.847153475773766651e-01
-3.523109209522982677e-01 9.842648390914685574e-01
-3.519488988669196017e-01 9.838146455253580225e-01
-3.515778861061814586e-01 9.833647818583168831e-01
-3.511978915096994891e-01 9.829153041311999850e-01
-3.508089217844927443e-01 9.824661870495223770e-01
-3.504109846794778993e-01 9.820174440134814553e-01
-3.500040897309582011e-01 9.815691264078392209e-01
-3.495882452476721802e-01 9.811212292358593157e-01
-3.491634598576836557e-01 9.806737579823079365e-01
-3.487297428236242336e-01 9.802267312537588095e-01
-3.482871044173661002e-01 9.797801835845167950e-01
-3.478355547582513974e-01 9.793341284284815540e-01
-3.473751030677754148e-01 9.788885500664322725e-01
-3.469057608045095220e-01 9.784434965656597649e-01
-3.464275386758575714e-01 9.779989731806224551e-01
-3.459404482264281100e-01 9.775550034686657508e-01
-3.454445004612388681e-01 9.771115857186930542e-01
-3.449397073497039168e-01 9.766687431850640255e-01
-3.444260808074878777e-01 9.762264861512224279e-01
-3.439036332497381054e-01 9.757848322459583557e-01
-3.433723771097729194e-01 9.753437907379409744e-01
-3.428323251660200799e-01 9.749033748892403928e-01
-3.422834904023238090e-01 9.744635964663042049e-01
-3.417258860548224586e-01 9.740244676597094031e-01
-3.411595256110536156e-01 9.735860008497250195e-01
-3.405844227388482581e-01 9.731482067338189657e-01
-3.400005912133161612e-01 9.727110933426975636e-01
-3.394080450836585161e-01 9.722746715439983811e-01
-3.388067986282909949e-01 9.718389525019016650e-01
-3.381968662179017926e-01 9.714039441053119450e-01
-3.375782623382417302e-01 9.709696531752458615e-01
-3.369510018728679168e-01 9.705360930673678777e-01
-3.363150997087016592e-01 9.701032705436181125e-01
-3.356705704987714700e-01 9.696711831376452206e-01
-3.350174297748857444e-01 9.692398515857705288e-01
-3.343556928770734515e-01 9.688092814616691140e-01
-3.336853751838043114e-01 9.683794765131967797e-01
-3.330064921624894536e-01 9.679504408378172275e-01
-3.323190599495458586e-01 9.675221932094101307e-01
-3.316230934426636079e-01 9.670947120467393576e-01
-3.309186090896834020e-01 9.666680253129552591e-01
-3.302056234379421862e-01 9.662421494770379038e-01
-3.294841518179201789e-01 9.658170623520601072e-01
-3.287542107608277253e-01 9.653927828628099395e-01
-3.280158155854075996e-01 9.649692901599928874e-01
-3.272689840645580661e-01 9.645466351728486654e-01
-3.265137330549937045e-01 9.641248204614059070e-01
-3.257500774825097811e-01 9.637037990326950965e-01
-3.249780360329005413e-01 9.632836413902075012e-01
-3.241976241889933941e-01 9.628643027115164621e-01
-3.234088603228474912e-01 9.624458328162013299e-01
-3.226117604232786040e-01 9.620281970329692678e-01
-3.218063420692685028e-01 9.616114177803231078e-01
-3.209926220602898339e-01 9.611954867797853908e-01
-3.201706190486307557e-01 9.607804462125063560e-01
-3.193403513481626321e-01 9.603663087086407035e-01
-3.185018335659608457e-01 9.599529879133662513e-01
-3.176550860872180415e-01 9.595405851022044130e-01
-3.168001269977971934e-01 9.591290934296712312e-01
-3.159369728772809527e-01 9.587184718160198793e-01
-3.150656439343963444e-01 9.583087904499856258e-01
-3.141861571823290067e-01 9.579000045374002070e-01
-3.132985308065601160e-01 9.574921209885683959e-01
-3.124027851926917121e-01 9.570851982616648268e-01
-3.114989395589695120e-01 9.566792364018681383e-01
-3.105870108092385617e-01 9.562741775717515935e-01
-3.096670198126299511e-01 9.558700919847517019e-01
-3.087389857563091478e-01 9.554669726984461597e-01
-3.078029290321095957e-01 9.550648463583248926e-01
-3.068588672886996549e-01 9.546636577080043207e-01
-3.059068218762561187e-01 9.542634716570048692e-01
-3.049468153126669856e-01 9.538643498528653897e-01
-3.039788645620286056e-01 9.534661842745644211e-01
-3.030029913713187528e-01 9.530690404836271723e-01
-3.020192183772859029e-01 9.526729735050827319e-01
-3.010275653736675383e-01 9.522779397761736986e-01
-3.000280537058391817e-01 9.518839563064683817e-01
-2.990207043192815162e-01 9.514910216033833912e-01
-2.980055411539087595e-01 9.510992097814638946e-01
-2.969825847641213712e-01 9.507084732601376320e-01
-2.959518569690942069e-01 9.503188198684804355e-01
-2.949133815409750725e-01 9.499303023453523620e-01
-2.938671818860272289e-01 9.495429379130705394e-01
-2.928132792326127443e-01 9.491566807352642687e-01
-2.917516987240644233e-01 9.487716057680144477e-01
-2.906824615774038501e-01 9.483876523315833973e-01
-2.896055951883544921e-01 9.480049445536489205e-01
-2.885211204277919883e-01 9.476233813768522030e-01
-2.874290631216398495e-01 9.472430361487136352e-01
-2.863294475553113672e-01 9.468639070302357075e-01
-2.852222980799052343e-01 9.464859947440551480e-01
-2.841076415426702639e-01 9.461093620552434302e-01
-2.829855003601952079e-01 9.457339295798364853e-01
-2.818559024560995940e-01 9.453597953016181776e-01
-2.807188719712462310e-01 9.449869136435660177e-01
-2.795744346589892904e-01 9.446153021294501073e-01
-2.784226176298869038e-01 9.442450034512566148e-01
-2.772634455908578044e-01 9.438759788639912163e-01
-2.760969463509177491e-01 9.435082865475854508e-01
-2.749231449210636224e-01 9.431418856415305640e-01
-2.737420690734670981e-01 9.427768247449433980e-01
-2.725537454089103639e-01 9.424130988726435731e-01
-2.713581995979964523e-01 9.420506822775649436e-01
-2.701554600397466643e-01 9.416896302966292209e-01
-2.689455535098799754e-01 9.413299300157387250e-01
-2.677285073316821862e-01 9.409715886670148022e-01
-2.665043489170221269e-01 9.406146120810965350e-01
-2.652731056844843671e-01 9.402590033411954984e-01
-2.640348052380570576e-01 9.399047686240056265e-01
-2.627894766433988560e-01 9.395519475596380010e-01
-2.615371456123529170e-01 9.392004761177614736e-01
-2.602778414337765800e-01 9.388504117085637590e-01
-2.590115931566195351e-01 9.385017770394468162e-01
-2.577384278317556565e-01 9.381545335122174478e-01
-2.564583738441623684e-01 9.378086951803673577e-01
-2.551714595693684307e-01 9.374642688344265729e-01
-2.538777146759121917e-01 9.371212901948975382e-01
-2.525771662342492507e-01 9.367797121699662499e-01
-2.512698447405690150e-01 9.364395968570680129e-01
-2.499557776816942190e-01 9.361009000707551930e-01
-2.486349940732335007e-01 9.357636379379505875e-01
-2.473075241616944919e-01 9.354278492945908852e-01
-2.459733969650500229e-01 9.350935228452743608e-01
-2.446326403662413274e-01 9.347606245665103231e-01
-2.432852856987810508e-01 9.344292237108386967e-01
-2.419313604627802150e-01 9.340992590694892073e-01
-2.405708958239566320e-01 9.337707916782456152e-01
-2.392039212892479449e-01 9.334438105854964141e-01
-2.378304668399267296e-01 9.331183221738084121e-01
-2.364505610293051452e-01 9.327942939354555429e-01
-2.350642356404048228e-01 9.324717903593103818e-01
-2.336715203693325860e-01 9.321507915169402470e-01
-2.322724453197244354e-01 9.318312976323569474e-01
-2.308670406087964533e-01 9.315133091570695356e-01
-2.294553376675257661e-01 9.311968591608585921e-01
-2.280373652643254978e-01 9.308818976145132318e-01
-2.266131572091727164e-01 9.305685255425276692e-01
-2.251827421664195639e-01 9.302566648165260244e-01
-2.237461515604366735e-01 9.299463453727812023e-01
-2.223034162381132273e-01 9.296375677423953654e-01
-2.208545686392786589e-01 9.293303720144239222e-01
-2.193996390617349856e-01 9.290247246827105787e-01
-2.179386595053161291e-01 9.287206515449747402e-01
-2.164716626650152465e-01 9.284181828790558644e-01
-2.149986784890329516e-01 9.281172651540613439e-01
-2.135197407142078729e-01 9.278179663204944028e-01
-2.120348810268551376e-01 9.275202690905195446e-01
-2.105441307092310310e-01 9.272241547187480837e-01
-2.090475238402601244e-01 9.269296837491919350e-01
-2.075450922931535158e-01 9.266368313110212585e-01
-2.060368686891641543e-01 9.263456036698671792e-01
-2.045228859798656762e-01 9.260560122165626407e-01
-2.030031782377513805e-01 9.257680906695145984e-01
-2.014777775704137963e-01 9.254818067654082547e-01
-1.999467181700939344e-01 9.251971964887983901e-01
-1.984100331396788930e-01 9.249142505981138296e-01
-1.968677573843352069e-01 9.246330095295558493e-01
-1.953199235832306646e-01 9.243534378512553440e-01
-1.937665669693418857e-01 9.240755816924993704e-01
-1.922077206967815477e-01 9.237994121463317665e-01
-1.906434198756909726e-01 9.235249636599920375e-01
-1.890736994760038037e-01 9.232522499519075776e-01
-1.874985939128356871e-01 9.229812640108416844e-01
-1.859181373211261645e-01 9.227119953267735042e-01
-1.843323659248312096e-01 9.224444908701036061e-01
-1.827413151933586222e-01 9.221787552623277318e-01
-1.811450200712566017e-01 9.219147776927040239e-01
-1.795435149832713129e-01 9.216525397608106296e-01
-1.779368368152863533e-01 9.213920937948718581e-01
-1.763250211046234195e-01 9.211334322449530321e-01
-1.747081042807059892e-01 9.208765736386318457e-01
-1.730861217925689644e-01 9.206215027299811116e-01
-1.714591090144665098e-01 9.203682100265196953e-01
-1.698271038760206797e-01 9.201167546662047947e-01
-1.681901423831228259e-01 9.198671181247465301e-01
-1.665482606151045541e-01 9.196192929760069745e-01
-1.649014957926129010e-01 9.193733040398028855e-01
-1.632498838937796182e-01 9.191291326631603198e-01
-1.615934615352907777e-01 9.188867854834498194e-01
-1.599322664290458162e-01 9.186462931996913772e-01
-1.582663361429904880e-01 9.184076675625534314e-01
-1.565957065159707118e-01 9.181708712198729527e-01
-1.549204150701837257e-01 9.179359275793526063e-01
-1.532404988710753257e-01 9.177028369260570306e-01
-1.515559952685325840e-01 9.174716065135506415e-01
-1.498669421769135979e-01 9.172422540803911728e-01
-1.481733763654069780e-01 9.170147598666207323e-01
-1.464753353985357442e-01 9.167891338756202213e-01
-1.447728565298757875e-01 9.165653733354020005e-01
-1.430659791924376867e-01 9.163435313458395681e-01
-1.413547385340507556e-01 9.161235273273369284e-01
-1.396391740040473228e-01 9.159054285276730933e-01
-1.379193223207167140e-01 9.156892002946623865e-01
-1.361952226952572731e-01 9.154748876249360068e-01
-1.344669115689827443e-01 9.152624437696956772e-01
-1.327344284169268418e-01 9.150519211975411960e-01
-1.309978101910183879e-01 9.148432830651502812e-01
-1.292570953460715211e-01 9.146365485229939196e-01
-1.275123227629977041e-01 9.144317377987426498e-01
-1.257635295387433128e-01 9.142288164071025180e-01
-1.240107549694027811e-01 9.140278220841288048e-01
-1.222540371838369139e-01 9.138287445170085732e-01
-1.204934139564813600e-01 9.136315696887062909e-01
-1.187289253621255647e-01 9.134363480995491003e-01
-1.169606091353672661e-01 9.132430464949077287e-01
-1.151885035017199688e-01 9.130516605203623515e-01
-1.134126494789125389e-01 9.128622578040863633e-01
-1.116330840266014091e-01 9.126747707083557870e-01
-1.098498463465358010e-01 9.124892214666283641e-01
-1.080629765163876321e-01 9.123056430937006578e-01
-1.062725132171045000e-01 9.121240171788627116e-01
-1.044784964322304638e-01 9.119443670816712588e-01
-1.026809648773203687e-01 9.117666727821738260e-01
-1.008799588773853506e-01 9.115909645068021039e-01
-9.907551742373300885e-02 9.114172240261831925e-01
-9.726768100326478594e-02 9.112454796154769721e-01
-9.545648937594151950e-02 9.110757272387477457e-01
-9.364198195354418719e-02 9.109079561735312636e-01
-9.182419988402520938e-02 9.107422044628818991e-01
-9.000318235111302856e-02 9.105784420227271969e-01
-8.817897045437723957e-02 9.104167017070597945e-01
-8.635160479437167802e-02 9.102569874674818484e-01
-8.452112475293328819e-02 9.100992708118718078e-01
-8.268757222054567979e-02 9.099436002103364896e-01
-8.085098686471973994e-02 9.097899443236105999e-01
-7.901141045308206212e-02 9.096383399849541362e-01
-7.716888272260986892e-02 9.094887548447629921e-01
-7.532344556794774715e-02 9.093412266699192337e-01
-7.347513953628390104e-02 9.091957406574543432e-01
-7.162400534643396932e-02 9.090522936965697021e-01
-6.977008450799457306e-02 9.089109040013907403e-01
-6.791341825788017872e-02 9.087715738619263073e-01
-6.605404730920440282e-02 9.086342913281594269e-01
-6.419201330814131023e-02 9.084990737515930004e-01
-6.232735732842945714e-02 9.083659154970908922e-01
-6.046012100677420481e-02 9.082348278212548642e-01
-5.859034576557343305e-02 9.081058109946988921e-01
-5.671807233134082415e-02 9.079788477556250959e-01
-5.484334259663036643e-02 9.078539586241418657e-01
-5.296619746319896488e-02 9.077311290903766761e-01
-5.108667975812617584e-02 9.076104000324594079e-01
-4.920482921845773655e-02 9.074917146386094480e-01
-4.732068859098183256e-02 9.073751197464979823e-01
-4.543429888870827854e-02 9.072605954305008602e-01
-4.354570105111622152e-02 9.071481298895397449e-01
-4.165493724673500348e-02 9.070377479493301198e-01
-3.976204998865603968e-02 9.069294706367817538e-01
-3.786707908349228741e-02 9.068232408033878311e-01
-3.597006609253430853e-02 9.067190737418352464e-01
-3.407105477948884492e-02 9.066170321588719050e-01
-3.217008615291578472e-02 9.065170785292002709e-01
-3.026720062568329789e-02 9.064191791978787327e-01
-2.836244088467425317e-02 9.063233741878039540e-01
-2.645584731180844473e-02 9.062296258863475895e-01
-2.454746409482724129e-02 9.061380106327344697e-01
-2.263733259309502407e-02 9.060484958871525274e-01
-2.072549271352316577e-02 9.059610290683706157e-01
-1.881198756948108952e-02 9.058756640472241939e-01
-1.689685874017642433e-02 9.057923894050862179e-01
-1.498015026352777189e-02 9.057112609004175363e-01
-1.306190207736699152e-02 9.056322039102800980e-01
-1.114215735896628007e-02 9.055552621092131105e-01
-9.220956603063103565e-03 9.054803902711179298e-01
-7.298344692859221397e-03 9.054076754945526995e-01
-5.374362228572363877e-03 9.053370542541957500e-01
-3.449052042923088021e-03 9.052685505999568116e-01
-1.522456573724501440e-03 9.052021666841045811e-01
4.053816088638781661e-04 9.051379068914335857e-01
2.334420014429790941e-03 9.050757714206597582e-01
4.264615961704060383e-03 9.050157651425638772e-01
6.195925916183869786e-03 9.049579118233774810e-01
8.128310039676563820e-03 9.049021309384621681e-01
1.006172268502819774e-02 9.048485274495310371e-01
1.199612169432963740e-02 9.047970666063203105e-01
1.393146382500248109e-02 9.047477581504298483e-01
1.586770753046666191e-02 9.047005645527010920e-01
1.780480910079951587e-02 9.046555211321199996e-01
1.974272695948745340e-02 9.046125922129523156e-01
2.168141622423672144e-02 9.045718426018353187e-01
2.362083353010556441e-02 9.045332667682873806e-01
2.556093775225652329e-02 9.044968059444605801e-01
2.750168496296932774e-02 9.044625008185009918e-01
2.944303352543282959e-02 9.044303144617537038e-01
3.138493830010915392e-02 9.044003159780595880e-01
3.332735599028796569e-02 9.043724938486503717e-01
3.527024463480537414e-02 9.043468089254806941e-01
3.721356419066840227e-02 9.043231936802553772e-01
3.915726663025954207e-02 9.043018139644399822e-01
4.110131259726031161e-02 9.042825359212914860e-01
4.304565586058232279e-02 9.042654644916862106e-01
4.499025785344619444e-02 9.042504605383371308e-01
4.693507414092620150e-02 9.042376011962592885e-01
4.888005910039587565e-02 9.042269547254786488e-01
5.082517226932316973e-02 9.042184262536477890e-01
5.277037083280538415e-02 9.042120271538593990e-01
5.471561156688062311e-02 9.042077733391394867e-01
5.666085269501452276e-02 9.042056365803131657e-01
5.860604883441793839e-02 9.042056929191619741e-01
6.055115925889909684e-02 9.042078639616428770e-01
6.249614109141130719e-02 9.042121642821069338e-01
6.444095174791694691e-02 9.042185938425034708e-01
6.638554786228230420e-02 9.042271721762086267e-01
6.832988687787509841e-02 9.042378888123754344e-01
7.027392616806286962e-02 9.042507402655840520e-01
7.221762320285168846e-02 9.042657223771624064e-01
7.416093445595409173e-02 9.042828579751119866e-01
7.610382005459467858e-02 9.043020671356322149e-01
7.804623504379649968e-02 9.043234369518613480e-01
7.998813427839031320e-02 9.043470157251760622e-01
8.192947863258293051e-02 9.043726771218634219e-01
8.387022674933335142e-02 9.044004137562621226e-01
8.581033291720850664e-02 9.044303307953431847e-01
8.774975465035689259e-02 9.044624001830526838e-01
8.968844944326544166e-02 9.044966083829035774e-01
9.162637548857155423e-02 9.045329311728897981e-01
9.356349163850440076e-02 9.045713399522145037e-01
9.549975157503573508e-02 9.046119496769147172e-01
9.743511459618894865e-02 9.046546774237178568e-01
9.936953882790089398e-02 9.046995110331511603e-01
1.013029805541425521e-01 9.047464904746249648e-01
1.032353971893981981e-01 9.047956074700119755e-01
1.051667463643063405e-01 9.048468524763930709e-01
1.070969856296173500e-01 9.049002227195120929e-01
1.090260723189831887e-01 9.049557222397008882e-01
1.109539632320759861e-01 9.050133664066214445e-01
1.128806173681605463e-01 9.050731079152876113e-01
1.148059925861196762e-01 9.051349516227564784e-01
1.167300445237130779e-01 9.051989554856341158e-01
1.186527308606002001e-01 9.052650974347298263e-01
1.205740110291005363e-01 9.053333226189473892e-01
1.224938436361516364e-01 9.054036242472871532e-01
1.244121847649709706e-01 9.054760620172510599e-01
1.263289908226143954e-01 9.055506576816304554e-01
1.282442216762526843e-01 9.056273356139487030e-01
1.301578360705154813e-01 9.057060860644952083e-01
1.320697924077421648e-01 9.057869127156715772e-01
1.339800447764934177e-01 9.058699252531454693e-01
1.358885553824077941e-01 9.059549755928040238e-01
1.377952806596429436e-01 9.060421339796140838e-01
1.397001795886436692e-01 9.061313718788794880e-01
1.416032107083136649e-01 9.062226860617809132e-01
1.435043311387903253e-01 9.063161103830644771e-01
1.454034987804378731e-01 9.064116422644341586e-01
1.473006747375188441e-01 9.065092003192838366e-01
1.491958158775713306e-01 9.066088497724203998e-01
1.510888794531478618e-01 9.067106136108874503e-01
1.529798255917740046e-01 9.068144314538810757e-01
1.548686125471198660e-01 9.069203199573849794e-01
1.567551992912746273e-01 9.070282694889139075e-01
1.586395424182434899e-01 9.071383346843264750e-01
1.605216039969973862e-01 9.072504059874068050e-01
1.624013394792894194e-01 9.073645940504937446e-01
1.642787092337656962e-01 9.074808312774305108e-01
1.661536719980548638e-01 9.075991246455770156e-01
1.680261866346975108e-01 9.077194745208130300e-01
1.698962124971685750e-01 9.078418688127204428e-01
1.717637067707252774e-01 9.079663556815332770e-01
1.736286314981376755e-01 9.080928377695478559e-01
1.754909429780807106e-01 9.082214100002891088e-01
1.773506018666836104e-01 9.083520108991626207e-01
1.792075673060096741e-01 9.084846475805203880e-01
1.810617991263275828e-01 9.086193063964032035e-01
1.829132552974732928e-01 9.087560270336498824e-01
1.847618965686980141e-01 9.088947598502976621e-01
1.866076823437995691e-01 9.090355136617008780e-01
1.884505721606088147e-01 9.091782895247100260e-01
1.902905263295211480e-01 9.093230686536376561e-01
1.921275034180202901e-01 9.094698852284314183e-01
1.939614642568251168e-01 9.096186997581854339e-01
1.957923687856372719e-01 9.097695147728799281e-01
1.976201768096239875e-01 9.099223349008627171e-01
1.994448489822228665e-01 9.100771412495503032e-01
2.012663443209294356e-01 9.102339652712014839e-01
2.030846234970289099e-01 9.103927813472048047e-01
2.048996479659131176e-01 9.105535570655879374e-01
2.067113771314221249e-01 9.107163275091592070e-01
2.085197702994887325e-01 9.108811126670049996e-01
2.103247897765254670e-01 9.110478475216750027e-01
2.121263946656647137e-01 9.112165796464469780e-01
2.139245469787844911e-01 9.113872601093200299e-01
2.157192049861220706e-01 9.115599579853115308e-01
2.175103309913812566e-01 9.117346069752672033e-01
2.192978859688681781e-01 9.119112071645516515e-01
2.210818288076007998e-01 9.120898107280511757e-01
2.228621215410017398e-01 9.122703651430926763e-01
2.246387248432321904e-01 9.124528781298758551e-01
2.264115998115630024e-01 9.126373429707582696e-01
2.281807065802766155e-01 9.128237803816295903e-01
2.299460067412454622e-01 9.130121642806845461e-01
2.317074611953313934e-01 9.132024989022844430e-01
2.334650310436728604e-01 9.133947813566961615e-01
2.352186775484092218e-01 9.135890061740297163e-01
2.369683620503425237e-01 9.137851686527733719e-01
2.387140459334212705e-01 9.139832653635087123e-01
2.404556905134248579e-01 9.141832962957552322e-01
2.421932581435917720e-01 9.143852355077957128e-01
2.439267100420996759e-01 9.145890984052909012e-01
2.456560078327355845e-01 9.147948825508385173e-01
2.473811143344648023e-01 9.150025568462792913e-01
2.491019908820798212e-01 9.152121428468551478e-01
2.508186003202073078e-01 9.154236135843312194e-01
2.525309045815557485e-01 9.156369783725453182e-01
2.542388658132769819e-01 9.158522365073328286e-01
2.559424480514604361e-01 9.160693404131707851e-01
2.576416133817194254e-01 9.162883150642011643e-01
2.593363236535903837e-01 9.165091788494172942e-01
2.610265430178211332e-01 9.167318834330309141e-01
2.627122355672992238e-01 9.169564060936542527e-01
2.643933631713148436e-01 9.171827910605276912e-01
2.660698889467403294e-01 9.174110292587170923e-01
2.677417782567489968e-01 9.176410599932326440e-01
2.694089938346150848e-01 9.178729186640555149e-01
2.710714990988454809e-01 9.181066058403583030e-01
2.727292592216363776e-01 9.183420779644969612e-01
2.743822375904734767e-01 9.185793578754117839e-01
2.760303992303784759e-01 9.188184160541716938e-01
2.776737078926391766e-01 9.190592695846586668e-01
2.793121287184859858e-01 9.193018922602493870e-01
2.809456268176265814e-01 9.195462717657006957e-01
2.825741657724613609e-01 9.197924401260717531e-01
2.841977115423315325e-01 9.200403539303720901e-01
2.858162294097183476e-01 9.202900083946061738e-01
2.874296839612001664e-01 9.205414185243478986e-01
2.890380411881912082e-01 9.207945567014889088e-01
2.906412661558487320e-01 9.210494322733973060e-01
2.922393240034753537e-01 9.213060480601232838e-01
2.938321814894581108e-01 9.215643649945833848e-01
2.954198035207961648e-01 9.218244098279307908e-01
2.970021555646543687e-01 9.220861819316015229e-01
2.985792041609909298e-01 9.223496541714772956e-01
3.001509153692922260e-01 9.226148249922974109e-01
3.017172541886062875e-01 9.228817201273876725e-01
3.032781876988427383e-01 9.231503004218735153e-01
3.048336817184281733e-01 9.234205778353921090e-01
3.063837020129780431e-01 9.236925596680397588e-01
3.079282151045373839e-01 9.239662306591274188e-01
3.094671871348212422e-01 9.242415926865583664e-01
3.110005849351511475e-01 9.245186294491217760e-01
3.125283747538027956e-01 9.247973473723605231e-01
3.140505229691896161e-01 9.250777464156000329e-01
3.155669960899758486e-01 9.253598233022355402e-01
3.170777611735485779e-01 9.256435626758905411e-01
3.185827852765933388e-01 9.259289568759174749e-01
3.200820351480073156e-01 9.262160097666998215e-01
3.215754770555442343e-01 9.265047353090174465e-01
3.230630785341996880e-01 9.267951088022128303e-01
3.245448074014994355e-01 9.270871108327030097e-01
3.260206308796903540e-01 9.273807465756699342e-01
3.274905166971593951e-01 9.276760059651991686e-01
3.289544319243896120e-01 9.279729004159354977e-01
3.304123449301299975e-01 9.282714031785481712e-01
3.318642230934950033e-01 9.285715256192395017e-01
3.333100348715091754e-01 9.288732464733561178e-01
3.347497486923004528e-01 9.291765558309863504e-01
3.361833322093906173e-01 9.294814681023292335e-01
3.376107548088046473e-01 9.297879471799047613e-01
3.390319854391928289e-01 9.300959859443381772e-01
3.404469928663421685e-01 9.304055854075257148e-01
3.418557457485987272e-01 9.307167487614396162e-01
3.432582134417110908e-01 9.310294601670021652e-01
3.446543658677808097e-01 9.313436975458495581e-01
3.460441721799447090e-01 9.316594690829185232e-01
3.474276021248232094e-01 9.319767640335882009e-01
3.488046259795905546e-01 9.322955637617014180e-01
3.501752141325225054e-01 9.326158561716422213e-01
3.515393368036787147e-01 9.329376394210070478e-01
3.528969643182366389e-01 9.332609099606468117e-01
3.542480673290449023e-01 9.335856578242081039e-01
3.555926173778917732e-01 9.339118558050233387e-01
3.569305853706528642e-01 9.342395061975750092e-01
3.582619420008824052e-01 9.345686154571402060e-01
3.595866585634513446e-01 9.348991717784367328e-01
3.609047073221479662e-01 9.352311450358936629e-01
3.622160601229820753e-01 9.355645306111853854e-01
3.635206887783405394e-01 9.358993270357220950e-01
3.648185655286332318e-01 9.362355228746345182e-01
3.661096619986882184e-01 9.365731278000333226e-01
3.673939511720550888e-01 9.369121126799359045e-01
3.686714059430359347e-01 9.372524651795368644e-01
3.699419983305779480e-01 9.375942010153094364e-01
3.712057012712565163e-01 9.379373051047811272e-01
3.724624881451623071e-01 9.382817588188364644e-01
3.737123323933739250e-01 9.386275513182181784e-01
3.749552070199256293e-01 9.389746881094070963e-01
3.761910851375546150e-01 9.393231692280696876e-01
3.774199408201148742e-01 9.396729706641184787e-01
3.786417481726592760e-01 9.400240796325394221e-01
3.798564806880653788e-01 9.403765050452073115e-01
3.810641125154902165e-01 9.407302349510739958e-01
3.822646180922287806e-01 9.410852561711642306e-01
3.834579712006216945e-01 9.414415784898494399e-01
3.846441464346597727e-01 9.417991865080639347e-01
3.858231184936351532e-01 9.421580698937386256e-01
3.869948626030760841e-01 9.425182103249367671e-01
3.881593533798619045e-01 9.428796138569133234e-01
3.893165654904655049e-01 9.432422822774573223e-01
3.904664738860118001e-01 9.436062093641623960e-01
3.916090545675684487e-01 9.439713657572559313e-01
3.927442826014728161e-01 9.443377601451100611e-01
3.938721343134512498e-01 9.447053653871850809e-01
3.949925838120026955e-01 9.450742233438971240e-01
3.961056084434465552e-01 9.454442739999424639e-01
3.972111836461263423e-01 9.458155350470669465e-01
3.983092863553054364e-01 9.461879779081472375e-01
3.993998917486359934e-01 9.465616322349006406e-01
4.004829769457304844e-01 9.469364643041792151e-01
4.015585188294349961e-01 9.473124631735673207e-01
4.026264951736769904e-01 9.476896010948240301e-01
4.036868818970311690e-01 9.480679105776479432e-01
4.047396559638564706e-01 9.484473817322816025e-01
4.057847956135927081e-01 9.488279777368261447e-01
4.068222785241464301e-01 9.492096942186609709e-01
4.078520821243888372e-01 9.495925352173617551e-01
4.088741848271918999e-01 9.499764781526953694e-01
4.098885638833732470e-01 9.503615407859048458e-01
4.108951976312299470e-01 9.507477048106249828e-01
4.118940655610044965e-01 9.511349322750396462e-01
4.128851458632801230e-01 9.515232366947203868e-01
4.138684174467308630e-01 9.519126068751827541e-01
4.148438587133041477e-01 9.523030498873499283e-01
4.158114502973969118e-01 9.526945134554472006e-01
4.167711697548791006e-01 9.530870484047599955e-01
4.177229978592266191e-01 9.534805997077830941e-01
4.186669140194309580e-01 9.538751739628738013e-01
4.196028976846655767e-01 9.542707734646621587e-01
4.205309287699748322e-01 9.546673877136909736e-01
4.214509880511932982e-01 9.550649899404739518e-01
4.223630560718260041e-01 9.554635725685096670e-01
4.232671133283960607e-01 9.558631329840948654e-01
4.241631403013885193e-01 9.562636702813263057e-01
4.250511187074032526e-01 9.566651531043854906e-01
4.259310279903313345e-01 9.570676225930812020e-01
4.268028508538091459e-01 9.574710178236864877e-01
4.276665688642914409e-01 9.578753367638765948e-01
4.285221628920878878e-01 9.582805958011183511e-01
4.293696160365458869e-01 9.586867474032001457e-01
4.302089086147481423e-01 9.590938373606348044e-01
4.310400243506932183e-01 9.595018033957815051e-01
4.318629456005683709e-01 9.599106485651024423e-01
4.326776563122989305e-01 9.603203346033777343e-01
4.334841372992961350e-01 9.607309207408489815e-01
4.342823722815588594e-01 9.611423639279470521e-01
4.350723454759887754e-01 9.615546302173170190e-01
4.358540405826239472e-01 9.619677155568704396e-01
4.366274400662730759e-01 9.623816488012977288e-01
4.373925292099857809e-01 9.627963739219214112e-01
4.381492918436856177e-01 9.632118992325562346e-01
4.388977133942086883e-01 9.636281889672915213e-01
4.396377771201758766e-01 9.640452794485566690e-01
4.403694691120018101e-01 9.644631180427207795e-01
4.410927733324871980e-01 9.648817316233162522e-01
4.418076758456420672e-01 9.653010810968765121e-01
4.425141616154278368e-01 9.657211744178846313e-01
4.432122172511915870e-01 9.661419744289392320e-01
4.439018276268072438e-01 9.665635059381689764e-01
4.445829789234820306e-01 9.669857486663049340e-01
4.452556583803427559e-01 9.674086660257252834e-01
4.459198520133588195e-01 9.678322703015520556e-01
4.465755454033540350e-01 9.682565785149861437e-01
4.472227263504438000e-01 9.686815436943393420e-01
4.478613814814517147e-01 9.691071716860618634e-01
4.484914980263983164e-01 9.695334503334562815e-01
4.491130635593896248e-01 9.699603649560363250e-01
4.497260657835663311e-01 9.703879049876915630e-01
4.503304929920794453e-01 9.708160503951082099e-01
4.509263317530095017e-01 9.712448342883941432e-01
4.515135712775469878e-01 9.716742071448505325e-01
4.520921991433500264e-01 9.721041850414404717e-01
4.526622043122460748e-01 9.725347414124100309e-01
4.532235752901592751e-01 9.729658743724656222e-01
4.537763009352487886e-01 9.733975741730857001e-01
4.543203691172498782e-01 9.738298606506063937e-01
4.548557705854647248e-01 9.742626717340232556e-01
4.553824947887488150e-01 9.746960088990002102e-01
4.559005303976793044e-01 9.751298923403290964e-01
4.564098671979022193e-01 9.755643042786826813e-01
4.569104955435161486e-01 9.759992216130839449e-01
4.574024043556102481e-01 9.764346686182799884e-01
4.578855859137948570e-01 9.768705734686150555e-01
4.583600285238538241e-01 9.773069995969242418e-01
4.588257240417605853e-01 9.777438899648842607e-01
4.592826631582103136e-01 9.781812451852901491e-01
4.597308360642147207e-01 9.786190780566257352e-01
4.601702357004385791e-01 9.790573262368069685e-01
4.606008520446680521e-01 9.794960326267581063e-01
4.610226777480982419e-01 9.799351518417147577e-01
4.614357042705802270e-01 9.803746909728979775e-01
4.618399231419590967e-01 9.808146518160681948e-01
4.622353268600640774e-01 9.812550110695000827e-01
4.626219078685935848e-01 9.816957584356033051e-01
4.629996591271887674e-01 9.821368758670130372e-01
4.633685737861825693e-01 9.825783495727518080e-01
4.637286445990558836e-01 9.830201825786333281e-01
4.640798644484278035e-01 9.834623731691094495e-01
4.644222285678112350e-01 9.839048617140602193e-01
4.647557284129290034e-01 9.843477128431767920e-01
4.650803587131988603e-01 9.847908770289324210e-01
4.653961140182472089e-01 9.852343340023483886e-01
4.657029887212908448e-01 9.856780775391744687e-01
4.660009775206179761e-01 9.861220969004997894e-01
4.662900754492134148e-01 9.865663783494549310e-01
4.665702773374847956e-01 9.870109200820338380e-01
4.668415794036842037e-01 9.874556865001219430e-01
4.671039762811524665e-01 9.879006994274457387e-01
4.673574642979896332e-01 9.883459274068844280e-01
4.676020396224091491e-01 9.887913587070451538e-01
4.678376982375341830e-01 9.892369920894881208e-01
4.680644375101880028e-01 9.896827923424897921e-01
4.682822537215940439e-01 9.901287690001847608e-01
4.684911444558419458e-01 9.905748942579850613e-01
4.686911058847652023e-01 9.910211895200020660e-01
4.688821372115224428e-01 9.914675897051601350e-01
4.690642345026787563e-01 9.919141406877629574e-01
4.692373964142272369e-01 9.923608006692595795e-01
4.694016215652205282e-01 9.928075496738886230e-01
4.695569073024005169e-01 9.932544095215352087e-01
4.697032532729145116e-01 9.937013336120079643e-01
4.698406579811649775e-01 9.941483272138336158e-01
4.699691208575458856e-01 9.945953698114851083e-01
4.700886406939540074e-01 9.950424671096300688e-01
4.701992166242104365e-01 9.954896134124945339e-01
4.703008485744678002e-01 9.959367860639036785e-01
4.703935369629144714e-01 9.963839614348757312e-01
4.704772814818816706e-01 9.968311458573481110e-01
4.705520821144943966e-01 9.972783352274462443e-01
4.706179397718406321e-01 9.977255042941579610e-01
4.706748549569931828e-01 9.981726506323553849e-01
4.707228284493744086e-01 9.986197661207381060e-01
4.707618608137930094e-01 9.990668520639947037e-01
4.707919535990491289e-01 9.995138845146847029e-01
4.708131084606754779e-01 9.999608488307737408e-01
4.708253261832703318e-01 1.000407759464606361e+00
4.708286091465475054e-01 1.000854583764465344e+00
4.708229588817457456e-01 1.001301326616367060e+00
4.708083781117256006e-01 1.001747960672778381e+00
4.707848694666792455e-01 1.002194474576639127e+00
4.707524347336884407e-01 1.002640883727180965e+00
4.707110768590925254e-01 1.003087166842579592e+00
4.706607987935080839e-01 1.003533313174991282e+00
4.706016039273900886e-01 1.003979306354536138e+00
4.705334960122600219e-01 1.004425129169610686e+00
4.704564782249936461e-01 1.004870787380555797e+00
4.703705545256156029e-01 1.005316264288819372e+00
4.702757287851690449e-01 1.005761553769664252e+00
4.701720061533392059e-01 1.006206620794668272e+00
4.700593906378459086e-01 1.006651476398756850e+00
4.699378865868165667e-01 1.007096117589202589e+00
4.698074992340373623e-01 1.007540520728172684e+00
4.696682336616709308e-01 1.007984677787338468e+00
4.695200956630847244e-01 1.008428566972414897e+00
4.693630898168081877e-01 1.008872207757212314e+00
4.691972227139039053e-01 1.009315559565303388e+00
4.690224996578814531e-01 1.009758634297304170e+00
4.688389273227011045e-01 1.010201403642251972e+00
4.686465120398693451e-01 1.010643862006011418e+00
4.684452606447971901e-01 1.011085993993900534e+00
4.682351787916680386e-01 1.011527821439270225e+00
4.680162751746133609e-01 1.011969279260093169e+00
4.677885565845319449e-01 1.012410382496172323e+00
4.675520300347519864e-01 1.012851133106675405e+00
4.673067030507572772e-01 1.013291519267295548e+00
4.670525849008869690e-01 1.013731491494495707e+00
4.667896818216797916e-01 1.014171100841518625e+00
4.665180027825353570e-01 1.014610304513460681e+00
4.662375591640595118e-01 1.015049020832716975e+00
4.659483582253797218e-01 1.015487311997444353e+00
4.656504087754727017e-01 1.015925170360487906e+00
4.653437218252013952e-01 1.016362537051116899e+00
4.650283036816805216e-01 1.016799500227671293e+00
4.647041685786680310e-01 1.017235905803238083e+00
4.643713216153242396e-01 1.017671905099304164e+00
4.640297780666051697e-01 1.018107319381718945e+00
4.636795449969210448e-01 1.018542264547053655e+00
4.633206351401156775e-01 1.018976656807752068e+00
4.629530590448968641e-01 1.019410508898436651e+00
4.625768301866624577e-01 1.019843754019169824e+00
4.621919533340117514e-01 1.020276576439943739e+00
4.617984507187603560e-01 1.020708631715346870e+00
4.613963257129120032e-01 1.021140219117973036e+00
4.609855930276892111e-01 1.021571204803647603e+00
4.605662678823414513e-01 1.022001509149608189e+00
4.601383631847977829e-01 1.022431150127485866e+00
4.597018850765197118e-01 1.022860305884785159e+00
4.592568508888981160e-01 1.023288785747022978e+00
4.588032777229067438e-01 1.023716500137387131e+00
4.583411745538816806e-01 1.024143607408411372e+00
4.578705561561359771e-01 1.024570041761938999e+00
4.573914378660532964e-01 1.024995756247127909e+00
4.569038333333647617e-01 1.025420769554868272e+00
4.564077581263742411e-01 1.025845043066287765e+00
4.559032249916510349e-01 1.026268628015314377e+00
4.553902547926926281e-01 1.026691347095708640e+00
4.548688539863494085e-01 1.027113471820526147e+00
4.543390379057929418e-01 1.027534916038266077e+00
4.538008320036251986e-01 1.027955383687417568e+00
4.532542405560976984e-01 1.028375256145986683e+00
4.526992859226141586e-01 1.028794272024172951e+00
4.521359844767574021e-01 1.029212450272595891e+00
4.515643465196528261e-01 1.029629952178003460e+00
4.509843953623393076e-01 1.030046533135930087e+00
4.503961392084070425e-01 1.030462448530361952e+00
4.497996094421094493e-01 1.030877246536711311e+00
4.491948043907148524e-01 1.031291527667311358e+00
4.485817486388078423e-01 1.031704935745421770e+00
4.479604634669655527e-01 1.032117375282858296e+00
4.473309668475135559e-01 1.032528881241820073e+00
4.466932738282847204e-01 1.032939544215721650e+00
4.460473948403331779e-01 1.033349524920739615e+00
4.453933558666950954e-01 1.033758514915412929e+00
4.447311764931976552e-01 1.034166519909233584e+00
4.440608705218793695e-01 1.034573687351665328e+00
4.433824590892090356e-01 1.034979907606682126e+00
4.426959512621281845e-01 1.035385427594452512e+00
4.420013825956129461e-01 1.035789708574197610e+00
4.412987565695624115e-01 1.036193283052452729e+00
4.405880981781415962e-01 1.036595879425837641e+00
4.398694314730076105e-01 1.036997385455359355e+00
4.391427732563959463e-01 1.037397926257062730e+00
4.384081364659742630e-01 1.037797661003163618e+00
4.376655482642747286e-01 1.038196313658161340e+00
4.369150328008070683e-01 1.038593821529862904e+00
4.361566004866564428e-01 1.038990496732788094e+00
4.353902773524200298e-01 1.039386104836395486e+00
4.346160817274076216e-01 1.039780721157598897e+00
4.338340414438186521e-01 1.040174145782613913e+00
4.330441672425320854e-01 1.040566706037562295e+00
4.322464849487513416e-01 1.040958188477390634e+00
4.314410205115029040e-01 1.041348483283997650e+00
4.306277944115799450e-01 1.041737672254163138e+00
4.298068220790317029e-01 1.042125922554878903e+00
4.289781309528929998e-01 1.042513017544998366e+00
4.281417477546621830e-01 1.042898866842360439e+00
4.272976849862342719e-01 1.043283780745969169e+00
4.264459723803407654e-01 1.043667483634413529e+00
4.255866363253547058e-01 1.044049921305949091e+00
4.247196912798728019e-01 1.044431364904112147e+00
4.238451672351504218e-01 1.044811561684206636e+00
4.229630886196724671e-01 1.045190524343143412e+00
4.220734834937885371e-01 1.045568168432760681e+00
4.211763672578046624e-01 1.045944768230067989e+00
4.202717679287278352e-01 1.046320145456045347e+00
4.193597143403794414e-01 1.046694190550823578e+00
4.184402259051224759e-01 1.047067084270927095e+00
4.175133314694812747e-01 1.047438681140584027e+00
4.165790560145248844e-01 1.047809005058292442e+00
4.156374255644125770e-01 1.048178041896044688e+00
4.146884650710695452e-01 1.048545811395688698e+00
4.137322049521239276e-01 1.048912186785575518e+00
4.127686650881058905e-01 1.049277368107329078e+00
4.117978767912472970e-01 1.049641169589220047e+00
4.108198689336959863e-01 1.050003559347484128e+00
4.098346618435592115e-01 1.050364735041252606e+00
4.088422861989949864e-01 1.050724536748822047e+00
4.078427739355969250e-01 1.051082853073453505e+00
4.068361431027981423e-01 1.051439975470786603e+00
4.058224293758515566e-01 1.051795609023149058e+00
4.048016553949709273e-01 1.052149932147681266e+00
4.037738514122014011e-01 1.052502843757169071e+00
4.027390482382609549e-01 1.052854279341186583e+00
4.016972699489274601e-01 1.053204375018021777e+00
4.006485456652459920e-01 1.053553072715137873e+00
3.995929043722163954e-01 1.053900346797400189e+00
3.985303751298495678e-01 1.054246182571961565e+00
3.974609853486377742e-01 1.054590613930366683e+00
3.963847641234269914e-01 1.054933615709543249e+00
3.953017406874321238e-01 1.055275171868733652e+00
3.942119428787402291e-01 1.055615309265755197e+00
3.931154010402586052e-01 1.055953978709009755e+00
3.920121429602133056e-01 1.056291219469728260e+00
3.909021975269517668e-01 1.056627023680493105e+00
3.897855958795372056e-01 1.056961331139701477e+00
3.886623654754006174e-01 1.057294203787355613e+00
3.875325360184385670e-01 1.057625616431820070e+00
3.863961358489741982e-01 1.057955590566609816e+00
3.852531952649917435e-01 1.058284087996956835e+00
3.841037435792256649e-01 1.058611114256720942e+00
3.829478106949316674e-01 1.058936657349800914e+00
3.817854274173124729e-01 1.059260688729471322e+00
3.806166209372662257e-01 1.059583284479982179e+00
3.794414236442947841e-01 1.059904352678367578e+00
3.782598663826587382e-01 1.060223885994175275e+00
3.770719770003357341e-01 1.060541955669253245e+00
3.758777872923424468e-01 1.060858498648549642e+00
3.746773263117973429e-01 1.061173551951993588e+00
3.734706273520223552e-01 1.061487028084461715e+00
3.722577190302863159e-01 1.061799000199723064e+00
3.710386305186968436e-01 1.062109491003688788e+00
3.698133994182144502e-01 1.062418301127995068e+00
3.685820523031275719e-01 1.062725606555259938e+00
3.673446182421011841e-01 1.063031432917380226e+00
3.661011369321698905e-01 1.063335527321062735e+00
3.648516345458502341e-01 1.063638101432613503e+00
3.635961448287513553e-01 1.063939071757869170e+00
3.623347033539072726e-01 1.064238350864126881e+00
3.610673413325551362e-01 1.064536004079958298e+00
3.597940895913263604e-01 1.064832073684789826e+00
3.585149854606734521e-01 1.065126418222808402e+00
3.572300645160133570e-01 1.065419010841997860e+00
3.559393573929416354e-01 1.065709961611882806e+00
3.546428962316086064e-01 1.065999287953358410e+00
3.533407248336722928e-01 1.066286707039177717e+00
3.520328717715068834e-01 1.066572458187815542e+00
3.507193746102210130e-01 1.066856436240145367e+00
3.494002706762981969e-01 1.067138594582234479e+00
3.480755938262368177e-01 1.067418996656742891e+00
3.467453780230898563e-01 1.067697671521135483e+00
3.454096638129478536e-01 1.067974469128208481e+00
3.440684885984049979e-01 1.068249393041765805e+00
3.427218852543776340e-01 1.068522558235657893e+00
3.413698878026880656e-01 1.068793993524159713e+00
3.400125415935649764e-01 1.069063430104247425e+00
3.386498803661983636e-01 1.069331023850380147e+00
3.372819362428165491e-01 1.069596893123825776e+00
3.359087480978669160e-01 1.069860928299744884e+00
3.345303566253309269e-01 1.070123029077362675e+00
3.331467960975301179e-01 1.070383305847791844e+00
3.317581024339581464e-01 1.070641772627285437e+00
3.303643144560038936e-01 1.070898363876589654e+00
3.289654682490975590e-01 1.071153115225044417e+00
3.275616015923611402e-01 1.071406002145023351e+00
3.261527506239873531e-01 1.071657053395947523e+00
3.247389515459701004e-01 1.071906281762495805e+00
3.233202448982811505e-01 1.072153585187562097e+00
3.218966657235340367e-01 1.072399050076549898e+00
3.204682474536589831e-01 1.072642759899242515e+00
3.190350279781982157e-01 1.072884644950230948e+00
3.175970531022976329e-01 1.073124472486720826e+00
3.161543548733284914e-01 1.073362470081679287e+00
3.147069652133908102e-01 1.073598754653372289e+00
3.132549213548487810e-01 1.073833251904326991e+00
3.117982703272985101e-01 1.074065679755011660e+00
3.103370463785654065e-01 1.074296216709924368e+00
3.088712823812275743e-01 1.074524986402499049e+00
3.074010104595878978e-01 1.074752069356332385e+00
3.059262829188604815e-01 1.074977001310441604e+00
3.044471324488185471e-01 1.075200040520360334e+00
3.029635903950206877e-01 1.075421349719217989e+00
3.014756852098994244e-01 1.075641082601731080e+00
2.999834850503373951e-01 1.075858323404006889e+00
2.984870067000039984e-01 1.076073898574428478e+00
2.969862838654559467e-01 1.076287798265005868e+00
2.954813659090674283e-01 1.076499626156306011e+00
2.939722873175606987e-01 1.076709555979911581e+00
2.924590854686288655e-01 1.076917602327342571e+00
2.909417995472651230e-01 1.077123727311855461e+00
2.894204694326276139e-01 1.077327894635956573e+00
2.878951298653197877e-01 1.077530214614765391e+00
2.863658259285934982e-01 1.077730483839629994e+00
2.848325928530790474e-01 1.077928846921766493e+00
2.832954700509297541e-01 1.078125271628706638e+00
2.817544960922458985e-01 1.078319762895540102e+00
2.802097184303836697e-01 1.078512101108416887e+00
2.786611693506078624e-01 1.078702555662694795e+00
2.771088922262302523e-01 1.078890984054878377e+00
2.755529223446524512e-01 1.079077517180974777e+00
2.739933132403289950e-01 1.079261764312664518e+00
2.724300957078384933e-01 1.079444098582685196e+00
2.708633093852841900e-01 1.079624485469291573e+00
2.692930016140659411e-01 1.079802715129192237e+00
2.677192111519581807e-01 1.079978897231380408e+00
2.661419784069866679e-01 1.080153045354068198e+00
2.645613418220437718e-01 1.080325215414696505e+00
2.629773506947173378e-01 1.080495164004600550e+00
2.613900442140753011e-01 1.080663022132441586e+00
2.597994587569758540e-01 1.080828925607797419e+00
2.582056386712157647e-01 1.080992743061991668e+00
2.566086328911405534e-01 1.081154294146967176e+00
2.550084771340930256e-01 1.081313819113763008e+00
2.534052117261376136e-01 1.081471322869857810e+00
2.517988755093256148e-01 1.081626844969319379e+00
2.501895259809355787e-01 1.081779938808501651e+00
2.485771911235779841e-01 1.081931118952281778e+00
2.469619140801437296e-01 1.082080263676088006e+00
2.453437383478567213e-01 1.082227303259310158e+00
2.437227117908852825e-01 1.082372093668031665e+00
2.420988712612994198e-01 1.082514838187753181e+00
2.404722557819326534e-01 1.082655584192136589e+00
2.388428995836195390e-01 1.082794475167986770e+00
2.372108709378831781e-01 1.082930731841492911e+00
2.355761921280332682e-01 1.083065114281085206e+00
2.339389053955406306e-01 1.083197503566949660e+00
2.322990520245842572e-01 1.083327864171474975e+00
2.306566821905282894e-01 1.083455956051227798e+00
2.290118280575920429e-01 1.083582109463110843e+00
2.273645331725621110e-01 1.083706204971394582e+00
2.257148458908161126e-01 1.083828062643437784e+00
2.240628010515154089e-01 1.083947930418327488e+00
2.224084424174898600e-01 1.084065709173893222e+00
2.207518048295817603e-01 1.084181572398739801e+00
2.190929426008294822e-01 1.084295120032267912e+00
2.174318888787582227e-01 1.084406681182006338e+00
2.157686880608272739e-01 1.084516139153367309e+00
2.141033740047517675e-01 1.084623699092662319e+00
2.124360013734236385e-01 1.084728943443625138e+00
2.107666045135203892e-01 1.084832171333484530e+00
2.090952256585955349e-01 1.084933335153954070e+00
2.074219084858796580e-01 1.085032375008964989e+00
2.057466866555425211e-01 1.085129511377001421e+00
2.040696167802092953e-01 1.085224280685922249e+00
2.023907319605204591e-01 1.085317038949273005e+00
2.007100718174658349e-01 1.085407801165092501e+00
1.990276877043217763e-01 1.085496281525238249e+00
1.973436153735382836e-01 1.085582727146297000e+00
1.956578962107529129e-01 1.085667120756873771e+00
1.939705798855523300e-01 1.085749246622542019e+00
1.922817060420165813e-01 1.085829247513755647e+00
1.905913177819827109e-01 1.085907108371815477e+00
1.888994491295287181e-01 1.085983048611348423e+00
1.872061609240597835e-01 1.086056507556488526e+00
1.855114869269378353e-01 1.086127881820383445e+00
1.838154701084737386e-01 1.086197139485884700e+00
1.821181515192948075e-01 1.086264312586506575e+00
1.804195836680605458e-01 1.086329130688200362e+00
1.787198037711170973e-01 1.086391840881776982e+00
1.770188510935486459e-01 1.086452515494190862e+00
1.753167823468165798e-01 1.086510754529487421e+00
1.736136361407779605e-01 1.086566810529800087e+00
1.719094493101108179e-01 1.086620854145669446e+00
1.702042741440288609e-01 1.086672584338974179e+00
1.684981523280993099e-01 1.086722115681816980e+00
1.667911264252992243e-01 1.086769483525001245e+00
1.650832427842478245e-01 1.086814610902876233e+00
1.633745395419549939e-01 1.086857664622849384e+00
1.616650693420251250e-01 1.086898365423761836e+00
1.599548699824173137e-01 1.086936944816167205e+00
1.582439878883226403e-01 1.086973302874540970e+00
1.565324673087355178e-01 1.087007444041038884e+00
1.548203491733433079e-01 1.087039453519415444e+00
1.531076798043689291e-01 1.087069239098157780e+00
1.513945032164192572e-01 1.087096812361911358e+00
1.496808585241423128e-01 1.087122301601969987e+00
1.479667977395332235e-01 1.087145448530303149e+00
1.462523531537815447e-01 1.087166617023034076e+00
1.445375777594819777e-01 1.087185471483097077e+00
1.428225129241915692e-01 1.087202134737899506e+00
1.411071944740694417e-01 1.087216806736093666e+00
1.393916744324792956e-01 1.087229182521891380e+00
1.376759928901013230e-01 1.087239407934485813e+00
1.359601925870808081e-01 1.087247489656846255e+00
1.342443096691545157e-01 1.087253595890671276e+00
1.325283997164127814e-01 1.087257324877969999e+00
1.308124997637856723e-01 1.087258939368753508e+00
1.290966482984232111e-01 1.087258534432528956e+00
1.273808937914023276e-01 1.087255908005877458e+00
1.256652730378892135e-01 1.087251250954857085e+00
1.239498367484512253e-01 1.087244310827468752e+00
1.222346226100202715e-01 1.087235286988598837e+00
1.205196647669914967e-01 1.087224367684109572e+00
1.188050248423728750e-01 1.087210960071611110e+00
1.170907340118287482e-01 1.087195528913499576e+00
1.153768292608443047e-01 1.087178161345451866e+00
1.136633648515265188e-01 1.087158469019761542e+00
1.119503770742178023e-01 1.087136707056689300e+00
1.102379117400947850e-01 1.087112764995511016e+00
1.085260035829997971e-01 1.087086864539220876e+00
1.068147048239094787e-01 1.087058679360959124e+00
1.051040531291635438e-01 1.087028410163218606e+00
1.033940910037791372e-01 1.086996036330310389e+00
1.016848665570489751e-01 1.086961407447500028e+00
9.997641364457146573e-02 1.086924804649778586e+00
9.826878232047082939e-02 1.086885963541496025e+00
9.656201188514597356e-02 1.086845020767960079e+00
9.485614862189852003e-02 1.086801870079257215e+00
9.315123024157341558e-02 1.086756672661846945e+00
9.144730507074561032e-02 1.086709243715709539e+00
8.974441453839783478e-02 1.086659663280640009e+00
8.804259852475501691e-02 1.086608010095481358e+00
8.634190638827721198e-02 1.086554086573776834e+00
8.464237427869755748e-02 1.086498124140470534e+00
8.294405114143228730e-02 1.086439918615957900e+00
8.124697833895008769e-02 1.086379557484124625e+00
7.955119608734971537e-02 1.086317113146162194e+00
7.785675286873906809e-02 1.086252415152438200e+00
7.616368599060381606e-02 1.086185657643691238e+00
7.447204453456053586e-02 1.086116643337018406e+00
7.278186580707564357e-02 1.086045567969722292e+00
7.109319866472388338e-02 1.085972240657745669e+00
6.940608052299451769e-02 1.085896851986198008e+00
6.772055983623997966e-02 1.085819221276053126e+00
6.603667298381572792e-02 1.085739560062723541e+00
6.435446804186883973e-02 1.085657681694124577e+00
6.267398563151899138e-02 1.085573679219899335e+00
6.099527084229092871e-02 1.085487487454741995e+00
5.931835896632644406e-02 1.085399318740573715e+00
5.764330160982893136e-02 1.085308871396815533e+00
5.597013642710602088e-02 1.085216343380571269e+00
5.429890588296627102e-02 1.085121713407870114e+00
5.262964721438170151e-02 1.085025101532640202e+00
5.096241132259329842e-02 1.084926226175120911e+00
4.929723530006296234e-02 1.084825291764909716e+00
4.763416233669434674e-02 1.084722248080761009e+00
4.597322797615118611e-02 1.084617261168050462e+00
4.431448304548659539e-02 1.084510031964730725e+00
4.265796557556789798e-02 1.084400730844423677e+00
4.100370934124993733e-02 1.084289549394251484e+00
3.935176743277527672e-02 1.084176100523083219e+00
3.770217385877213528e-02 1.084060667725710969e+00
3.605496953219254619e-02 1.083943220141436070e+00
3.441019790484259322e-02 1.083823678868557572e+00
3.276789458938884209e-02 1.083702200434713214e+00
3.112810533456175643e-02 1.083578609702124496e+00
2.949086908080236075e-02 1.083452989309137804e+00
2.785622180216032126e-02 1.083325454734710647e+00
2.622421283040892934e-02 1.083195729775230820e+00
2.459487595688055264e-02 1.083064064839915686e+00
2.296824989774999548e-02 1.082930462012312578e+00
2.134438157210692688e-02 1.082794717261323925e+00
1.972330589765727143e-02 1.082657028605993998e+00
1.810506294336537356e-02 1.082517366274385218e+00
1.648969346289594351e-02 1.082375698263019048e+00
1.487723693364362103e-02 1.082232040476908352e+00
1.326773261687572147e-02 1.082086406271742351e+00
1.166122411863572059e-02 1.081938693705962073e+00
1.005774592430608121e-02 1.081789079825312694e+00
8.457341664998015152e-03 1.081637424509448886e+00
6.860046963524213393e-03 1.081483857905660262e+00
5.265906976158312054e-03 1.081328206751068555e+00
3.674955790311222430e-03 1.081170661135802291e+00
2.087235825069526374e-03 1.081011107813034222e+00
5.027867959627194214e-04 1.080849557748277956e+00
-1.078354969167752246e-03 1.080686101116491660e+00
-2.656146947230849167e-03 1.080520628123914140e+00
-4.230549264906742490e-03 1.080353150117945304e+00
-5.801526236918602350e-03 1.080183777473359807e+00
-7.369035694937953879e-03 1.080012403301254587e+00
-8.933039284717997700e-03 1.079839069509219041e+00
-1.049349743401482328e-02 1.079663766601121067e+00
-1.205037079148545652e-02 1.079486495351417163e+00
-1.360362384809504777e-02 1.079307352205039150e+00
-1.515321151826831518e-02 1.079126145970942030e+00
-1.669909993754532807e-02 1.078943061581487228e+00
-1.824124665157810313e-02 1.078757976755653658e+00
-1.977961674348144294e-02 1.078571018789501013e+00
-2.131416769600745845e-02 1.078382061321991658e+00
-2.284486255194654453e-02 1.078191180173563746e+00
-2.437166359120452458e-02 1.077998394182322128e+00
-2.589453192281250885e-02 1.077803683495451414e+00
-2.741342742310905189e-02 1.077607007369230097e+00
-2.892831654796188673e-02 1.077408509920026569e+00
-3.043915542327128854e-02 1.077208004956839105e+00
-3.194590951200376727e-02 1.077005632810822178e+00
-3.344854146487270113e-02 1.076801393341225044e+00
-3.494701177071994624e-02 1.076595232430884286e+00
-3.644128696558263103e-02 1.076387274201100031e+00
-3.793132351285636444e-02 1.076177328896484209e+00
-3.941708946481342624e-02 1.075965591361259577e+00
-4.089854437418041777e-02 1.075751946528895164e+00
-4.237565781259682723e-02 1.075536587338948635e+00
-4.384838362350753499e-02 1.075319217056332599e+00
-4.531669103512138419e-02 1.075100071932603374e+00
-4.678054494687224063e-02 1.074879161874163991e+00
-4.823990583220011397e-02 1.074656381184369458e+00
-4.969474065775137533e-02 1.074431839345056927e+00
-5.114501132447681064e-02 1.074205464454755177e+00
-5.259068548755155975e-02 1.073977364418337244e+00
-5.403172183788394062e-02 1.073747369081568870e+00
-5.546809084427055392e-02 1.073515687814540431e+00
-5.689975469930336899e-02 1.073282218397181520e+00
-5.832668009729763403e-02 1.073047022262538341e+00
-5.974882907417686240e-02 1.072810013667340634e+00
-6.116617184190616813e-02 1.072571354140993583e+00
-6.257866813857375365e-02 1.072330862601277301e+00
-6.398628819183080352e-02 1.072088710746155638e+00
-6.538899453048697963e-02 1.071844791953573184e+00
-6.678675632669846263e-02 1.071599218996164504e+00
-6.817953672201675086e-02 1.071351897495130379e+00
-6.956730521480014584e-02 1.071102939181240998e+00
-7.095002591674064163e-02 1.070852265253223523e+00
-7.232766534465408237e-02 1.070599896438538590e+00
-7.370019172023521692e-02 1.070345885722888690e+00
-7.506757068506045294e-02 1.070090195096166097e+00
-7.642976915687815787e-02 1.069832837457616481e+00
-7.778675631906607768e-02 1.069573875897597226e+00
-7.913849472373096772e-02 1.069313176179511604e+00
-8.048495441770117664e-02 1.069050858553102001e+00
-8.182610332309299406e-02 1.068786930025437343e+00
-8.316191008323027545e-02 1.068521412130241321e+00
-8.449233909498296557e-02 1.068254209473028737e+00
-8.581735995409842110e-02 1.067985404328491539e+00
-8.713694206059212355e-02 1.067715032940679265e+00
-8.845104981885816564e-02 1.067442988541081217e+00
-8.975965439094031606e-02 1.067169386686685151e+00
-9.106272222181749365e-02 1.066894167229362811e+00
-9.236022172256419527e-02 1.066617349247439783e+00
-9.365212367879555133e-02 1.066339001643594298e+00
-9.493839282023529280e-02 1.066059007471881426e+00
-9.621900081431448981e-02 1.065777481702011587e+00
-9.749391566632810424e-02 1.065494390265437019e+00
-9.876310655726419641e-02 1.065209745520211637e+00
-1.000265418579609766e-01 1.064923533391616273e+00
-1.012841935178116493e-01 1.064635836306165650e+00
-1.025360268751838722e-01 1.064346530201478958e+00
-1.037820145167907687e-01 1.064055734255002550e+00
-1.050221251454029753e-01 1.063763410956897193e+00
-1.062563267150388596e-01 1.063469522833436764e+00
-1.074845924458519147e-01 1.063174182801135625e+00
-1.087068924750038967e-01 1.062877370243458408e+00
-1.099231937159154543e-01 1.062578994258608800e+00
-1.111334693677749619e-01 1.062279166539882969e+00
-1.123376879603172757e-01 1.061977826197590291e+00
-1.135358220329798357e-01 1.061675043029449927e+00
-1.147278428868489381e-01 1.061370820975543472e+00
-1.159137193348682149e-01 1.061065099802344314e+00
-1.170934239283647066e-01 1.060757942852675217e+00
-1.182669299496255794e-01 1.060449400071950432e+00
-1.194342053235619011e-01 1.060139362498474069e+00
-1.205952238551925293e-01 1.059827922654093424e+00
-1.217499584541593544e-01 1.059515104415308384e+00
-1.228983813667346714e-01 1.059200903136127803e+00
-1.240404638927251335e-01 1.058885292831916347e+00
-1.251761812136079621e-01 1.058568357552119643e+00
-1.263055035692905170e-01 1.058250015782214337e+00
-1.274284051923009198e-01 1.057930326580458269e+00
-1.285448617310060160e-01 1.057609354871947627e+00
-1.296548424072963279e-01 1.057286972457322616e+00
-1.307583246582373071e-01 1.056963320616276514e+00
-1.318552797246613506e-01 1.056638315082829793e+00
-1.329456847439636491e-01 1.056312061138062974e+00
-1.340295115790685332e-01 1.055984479560744260e+00
-1.351067362676303396e-01 1.055655635108507795e+00
-1.361773331857778491e-01 1.055325518622032499e+00
-1.372412777105676274e-01 1.054994150544851461e+00
-1.382985457130296858e-01 1.054661553448067890e+00
-1.393491110857885684e-01 1.054327689157096515e+00
-1.403929501357173981e-01 1.053992598940859837e+00
-1.414300406579835911e-01 1.053656340641175859e+00
-1.424603550128645535e-01 1.053318807306702354e+00
-1.434838717880323189e-01 1.052980101146635761e+00
-1.445005671540736947e-01 1.052640212838443112e+00
-1.455104177123578424e-01 1.052299148490416059e+00
-1.465134007284734918e-01 1.051956927762189853e+00
-1.475094932044722917e-01 1.051613553895155651e+00
-1.484986725300221355e-01 1.051269038200415062e+00
-1.494809167531562510e-01 1.050923402792651506e+00
-1.504562025021829175e-01 1.050576623236083362e+00
-1.514245082036946299e-01 1.050228732269925080e+00
-1.523858136735834479e-01 1.049879780996273437e+00
-1.533400941924848992e-01 1.049529681584763674e+00
-1.542873299055440295e-01 1.049178511732951069e+00
-1.552274991611636568e-01 1.048826265371057165e+00
-1.561605816220890119e-01 1.048472972322753272e+00
-1.570865551295400897e-01 1.048118601961744112e+00
-1.580053999161835365e-01 1.047763198761048953e+00
-1.589170939083499046e-01 1.047406727298774376e+00
-1.598216183460961781e-01 1.047049252707134670e+00
-1.607189516901594561e-01 1.046690738069239623e+00
-1.616090742656303703e-01 1.046331211535483252e+00
-1.624919662709319590e-01 1.045970684014372099e+00
-1.633676080597753488e-01 1.045609164842361771e+00
-1.642359796518103321e-01 1.045246650336145944e+00
-1.650970626234363470e-01 1.044883177572814015e+00
-1.659508368226521591e-01 1.044518721880893342e+00
-1.667972842222510965e-01 1.044153324044511333e+00
-1.676363853847692709e-01 1.043786969199300918e+00
-1.684681221747878210e-01 1.043419682464204801e+00
-1.692924766643435774e-01 1.043051481585087092e+00
-1.701094290147424359e-01 1.042682327666606179e+00
-1.709189623745351605e-01 1.042312275942211652e+00
-1.717210590525965752e-01 1.041941333036732198e+00
-1.725157003078731099e-01 1.041569476014370332e+00
-1.733028696541830393e-01 1.041196749779023989e+00
-1.740825499196187176e-01 1.040823159639494566e+00
-1.748547242399353385e-01 1.040448715941753477e+00
-1.756193750473483695e-01 1.040073406270293432e+00
-1.763764866333186188e-01 1.039697270898493953e+00
-1.771260421616958902e-01 1.039320301772769461e+00
-1.778680254909992264e-01 1.038942512233058668e+00
-1.786024210086601949e-01 1.038563922172144549e+00
-1.793292120099819198e-01 1.038184514233206457e+00
-1.800483834814856354e-01 1.037804322018286873e+00
-1.807599199877211738e-01 1.037423351779122704e+00
-1.814638064269354090e-01 1.037041614984007598e+00
-1.821600279210232320e-01 1.036659122958290213e+00
-1.828485698631460710e-01 1.036275888146307000e+00
-1.835294177296715734e-01 1.035891918850381899e+00
-1.842025571420553010e-01 1.035507222848874864e+00
-1.848679743296882949e-01 1.035121819229352980e+00
-1.855256556221051567e-01 1.034735720039188678e+00
-1.861755875784395775e-01 1.034348937042045335e+00
-1.868177564483324005e-01 1.033961468382433857e+00
-1.874521491200003553e-01 1.033573329097006166e+00
-1.880787529853918949e-01 1.033184539297382409e+00
-1.886975552906368925e-01 1.032795105393907065e+00
-1.893085434201793038e-01 1.032405034049604486e+00
-1.899117052422670815e-01 1.032014340691087773e+00
-1.905070285113857620e-01 1.031623030187601486e+00
-1.910945015769426603e-01 1.031231119846813593e+00
-1.916741129255954412e-01 1.030838621753816797e+00
-1.922458514068347002e-01 1.030445551021980988e+00
-1.928097052849752358e-01 1.030051900578594637e+00
-1.933656638435535258e-01 1.029657692367845323e+00
-1.939137172038228885e-01 1.029262958304747677e+00
-1.944538540980953745e-01 1.028867679623276965e+00
-1.949860639292159969e-01 1.028471863703744882e+00
-1.955103377488548178e-01 1.028075555456933854e+00
-1.960266650874272210e-01 1.027678739306867817e+00
-1.965350363418010837e-01 1.027281429126871481e+00
-1.970354423933605437e-01 1.026883643966512993e+00
-1.975278747399492052e-01 1.026485408762063622e+00
-1.980123236188634783e-01 1.026086704467979338e+00
-1.984887809922972479e-01 1.025687564683924746e+00
-1.989572386544399829e-01 1.025288002009621557e+00
-1.994176888222988775e-01 1.024888033315373592e+00
-1.998701226417535781e-01 1.024487640258145094e+00
-2.003145334327220695e-01 1.024086868017375807e+00
-2.007509135546633183e-01 1.023685715171309463e+00
-2.011792559322619078e-01 1.023284195139710473e+00
-2.015995544294592601e-01 1.022882338113879852e+00
-2.020118012409285735e-01 1.022480117457763571e+00
-2.024159913499579411e-01 1.022077589568706868e+00
-2.028121179715977884e-01 1.021674738439440677e+00
-2.032001745026349449e-01 1.021271560609740225e+00
-2.035801563088104338e-01 1.020868103573348229e+00
-2.039520573037113815e-01 1.020464354773288340e+00
-2.043158725177468549e-01 1.020060335851622035e+00
-2.046715963200805843e-01 1.019656041098244925e+00
-2.050192238035455083e-01 1.019251485749836483e+00
-2.053587512815847338e-01 1.018846707939989660e+00
-2.056901739710138288e-01 1.018441699319813099e+00
-2.060134863234477642e-01 1.018036436584845772e+00
-2.063286862287284917e-01 1.017630994038531966e+00
-2.066357688294802875e-01 1.017225340152151603e+00
-2.069347309551458902e-01 1.016819501331806430e+00
-2.072255681461225296e-01 1.016413458554410010e+00
-2.075082776714579358e-01 1.016007245524681135e+00
-2.077828570470784675e-01 1.015600885266944475e+00
-2.080493031517070546e-01 1.015194373363277780e+00
-2.083076114081764407e-01 1.014787671207464603e+00
-2.085577815278796820e-01 1.014380866710404172e+00
-2.087998107012413729e-01 1.013973940803335250e+00
-2.090336967794864664e-01 1.013566900471885912e+00
-2.092594366224971858e-01 1.013159724425302111e+00
-2.094770306529902537e-01 1.012752491089068840e+00
-2.096864756898236259e-01 1.012345149579459092e+00
-2.098877717986071256e-01 1.011937755623407931e+00
-2.100809174443682703e-01 1.011530297069823225e+00
-2.102659104108926258e-01 1.011122750812111004e+00
-2.104427520431868537e-01 1.010715194327501898e+00
-2.106114417903049152e-01 1.010307618955792908e+00
-2.107719787130309108e-01 1.009900010660137015e+00
-2.109243630396362423e-01 1.009492391609292383e+00
-2.110685946214936048e-01 1.009084763465171175e+00
-2.112046749042278404e-01 1.008677166915032064e+00
-2.113326047510243610e-01 1.008269607741519636e+00
-2.114523841355939460e-01 1.007862066599090278e+00
-2.115640141339370783e-01 1.007454561372214563e+00
-2.116674975333714126e-01 1.007047143786056420e+00
-2.117628339091228717e-01 1.006639759400905554e+00
-2.118500282120722167e-01 1.006232515388276738e+00
-2.119290797789167291e-01 1.005825324979342072e+00
-2.119999903592175994e-01 1.005418205111283436e+00
-2.120627658101446877e-01 1.005011266942909653e+00
-2.121174052295193846e-01 1.004604397069913446e+00
-2.121639149945326042e-01 1.004197720774377744e+00
-2.122022954113201021e-01 1.003791148920967213e+00
-2.122325508770969149e-01 1.003384739218994737e+00
-2.122546865777399649e-01 1.002978540239664262e+00
-2.122687052288866894e-01 1.002572514512590995e+00
-2.122746095007168321e-01 1.002166642166140154e+00
-2.122724047292421645e-01 1.001760979910294225e+00
-2.122620965151356398e-01 1.001355562716574887e+00
-2.122436897350301888e-01 1.000950389969741838e+00
-2.122171861753261446e-01 1.000545384106360736e+00
-2.121825945962172166e-01 1.000140680689547867e+00
-2.121399182553402596e-01 9.997362099369406785e-01
-2.120891644534841913e-01 9.993320380361593314e-01
-2.120303392699115774e-01 9.989281675428547391e-01
-2.119634458490042839e-01 9.985245263628357293e-01
-2.118884930336840666e-01 9.981212209125032153e-01
-2.118054891473307166e-01 9.977182914115088064e-01
-2.117144383286399534e-01 9.973156533525759926e-01
-2.116153469976840007e-01 9.969133215164798223e-01
-2.115082242241468902e-01 9.965113695339031796e-01
-2.113930789758123319e-01 9.961098316726781920e-01
-2.112699174307772210e-01 9.957086553245522165e-01
-2.111387465908900474e-01 9.953078347791878278e-01
-2.109995751153375954e-01 9.949074086148730345e-01
-2.108524139242799744e-01 9.945074526450865537e-01
-2.106972712075120269e-01 9.941079365174354532e-01
-2.105341548946256247e-01 9.937088385506485100e-01
-2.103630728398474536e-01 9.933101460199607047e-01
-2.101840380583944179e-01 9.929119815877455180e-01
-2.099970595909125270e-01 9.925143072209164918e-01
-2.098021455314891814e-01 9.921170802389656096e-01
-2.095993062553595521e-01 9.917203363303328523e-01
-2.093885537451228296e-01 9.913241335233388130e-01
-2.091698985958916623e-01 9.909284661449808684e-01
-2.089433498991252469e-01 9.905332937674206084e-01
-2.087089202582921021e-01 9.901386839769725778e-01
-2.084666211897434895e-01 9.897446433888614781e-01
-2.082164625206201214e-01 9.893511330804372061e-01
-2.079584571308197571e-01 9.889582099093001677e-01
-2.076926182250231623e-01 9.885659104238257999e-01
-2.074189563553900939e-01 9.881741865851768614e-01
-2.071374828154749215e-01 9.877830329087995409e-01
-2.068482113855953375e-01 9.873925088215009804e-01
-2.065511562677360691e-01 9.870026545783598948e-01
-2.062463277211489254e-01 9.866133917385921936e-01
-2.059337400456086042e-01 9.862247820948788490e-01
-2.056134044796934235e-01 9.858367800136504933e-01
-2.052853373886513733e-01 9.854494908448644397e-01
-2.049495513705911764e-01 9.850628730850178316e-01
-2.046060594030709445e-01 9.846769154685941494e-01
-2.042548744663341964e-01 9.842916124299692093e-01
-2.038960124972374888e-01 9.839070351016580007e-01
-2.035294872781324149e-01 9.835231651872933245e-01
-2.031553127152658234e-01 9.831399966360729881e-01
-2.027735038398756628e-01 9.827575545473734575e-01
-2.023840756374177263e-01 9.823758503263291253e-01
-2.019870430466640665e-01 9.819948885084139878e-01
-2.015824212718757280e-01 9.816146779985891468e-01
-2.011702257787281456e-01 9.812352297846957949e-01
-2.007504722807754716e-01 9.808565555576217454e-01
-2.003231759713064997e-01 9.804786481561773570e-01
-1.998883547412347028e-01 9.801015714403843448e-01
-1.994460229926177108e-01 9.797252701188582380e-01
-1.989961984401367456e-01 9.793497993614959096e-01
-1.985388972496112125e-01 9.789751480317007148e-01
-1.980741365320287384e-01 9.786013341903795348e-01
-1.976019329598143470e-01 9.782283559039209875e-01
-1.971223050092207885e-01 9.778562573012122838e-01
-1.966352697411782313e-01 9.774850250636331062e-01
-1.961408448907397128e-01 9.771146693849440679e-01
-1.956390475812618268e-01 9.767451800696155262e-01
-1.951298975737026653e-01 9.763766179599197015e-01
-1.946134124475482341e-01 9.760089589401894639e-01
-1.940896114293650387e-01 9.756422321296058797e-01
-1.935585127276361062e-01 9.752764266356704903e-01
-1.930201343358730337e-01 9.749115316378494933e-01
-1.924744966685904557e-01 9.745476022509511616e-01
-1.919216203448880498e-01 9.741846711470064646e-01
-1.913615232775224273e-01 9.738226870034530913e-01
-1.907942256182507679e-01 9.734616801340258974e-01
-1.902197475998083087e-01 9.731016677200421405e-01
-1.896381095267564987e-01 9.727426601478166290e-01
-1.890493318293695602e-01 9.723846657533254945e-01
-1.884534350703742367e-01 9.720276920158705813e-01
-1.878504400342055347e-01 9.716717482178084397e-01
-1.872403675079875041e-01 9.713168390675440689e-01
-1.866232390655215845e-01 9.709629865862146048e-01
-1.859990760312312252e-01 9.706101955499388811e-01
-1.853678991976124013e-01 9.702584550485897630e-01
-1.847297307992260551e-01 9.699077956787269805e-01
-1.840845927563196371e-01 9.695582248807936843e-01
-1.834325073579690379e-01 9.692097555957225330e-01
-1.827734960523574870e-01 9.688623732716631354e-01
-1.821075816876055742e-01 9.685161056311245575e-01
-1.814347870622489423e-01 9.681709652957373180e-01
-1.807551350216866359e-01 9.678269597479016717e-01
-1.800686485337887333e-01 9.674840957905943561e-01
-1.793753503185418485e-01 9.671423706282160637e-01
-1.786752633469324281e-01 9.668017891379635520e-01
-1.779684119557310151e-01 9.664623879030369569e-01
-1.772548197745361098e-01 9.661241675357367109e-01
-1.765345104604547077e-01 9.657871290299240297e-01
-1.758075082198660988e-01 9.654512866143376559e-01
-1.750738369727083132e-01 9.651166402423146939e-01
-1.743335210025524773e-01 9.647831989813522302e-01
-1.735865854838117839e-01 9.644509896362498669e-01
-1.728330548762591068e-01 9.641200077433985660e-01
-1.720729538046998353e-01 9.637902551968083875e-01
-1.713063075636768740e-01 9.634617496869212205e-01
-1.705331414608578511e-01 9.631345003870759314e-01
-1.697534811385909836e-01 9.628085202509570895e-01
-1.689673522391661464e-01 9.624838157539485906e-01
-1.681747804663622503e-01 9.621603916709674520e-01
-1.673757914313787343e-01 9.618382480749864127e-01
-1.665704116738754292e-01 9.615174082140014455e-01
-1.657586676514698765e-01 9.611978816609524356e-01
-1.649405857898583461e-01 9.608796724042786286e-01
-1.641161926672776439e-01 9.605627862517125415e-01
-1.632855147201596191e-01 9.602472225619964608e-01
-1.624485796037382912e-01 9.599330114845555650e-01
-1.616054143028090306e-01 9.596201513331368282e-01
-1.607560458930757941e-01 9.593086435373281429e-01
-1.599005020372946950e-01 9.589985034882273496e-01
-1.590388101769570350e-01 9.586897333497630402e-01
-1.581709981113306740e-01 9.583823431483132760e-01
-1.572970938234223848e-01 9.580763424905405223e-01
-1.564171254896372931e-01 9.577717410147335020e-01
-1.555311212549241040e-01 9.574685427536280269e-01
-1.546391095702477625e-01 9.571667573739959245e-01
-1.537411189177502746e-01 9.568663904886516303e-01
-1.528371780294494331e-01 9.565674511508953648e-01
-1.519273158294317805e-01 9.562699486890973155e-01
-1.510115614035442977e-01 9.559738918114526474e-01
-1.500899437606331710e-01 9.556792829470389661e-01
-1.491624921833520356e-01 9.553861301555819363e-01
-1.482292357995277365e-01 9.550944335962743281e-01
-1.472902044429538204e-01 9.548042109978803760e-01
-1.463454276571692914e-01 9.545154639684175768e-01
-1.453949354334552746e-01 9.542282045054488737e-01
-1.444387575903627874e-01 9.539424342895033160e-01
-1.434769241559117059e-01 9.536581593975653748e-01
-1.425094652858902855e-01 9.533753860623380705e-01
-1.415364113530021839e-01 9.530941228230576101e-01
-1.405577929270821758e-01 9.528143788776193279e-01
-1.395736410116006077e-01 9.525361696658611876e-01
-1.385839864372423458e-01 9.522594985880646901e-01
-1.375888590768853670e-01 9.519843433991983517e-01
-1.365882907858939899e-01 9.517107425389053077e-01
-1.355823130948093924e-01 9.514387071064281942e-01
-1.345709571971760721e-01 9.511682342264717871e-01
-1.335542543449841635e-01 9.508993239225292937e-01
-1.325322367860682360e-01 9.506320011024573802e-01
-1.315049359486593905e-01 9.503662577300986403e-01
-1.304723835969788248e-01 9.501020981871258764e-01
-1.294346116094799715e-01 9.498395275201826360e-01
-1.283916523474649685e-01 9.495785603238071637e-01
-1.273435379185803573e-01 9.493191975538789462e-01
-1.262903012810045189e-01 9.490614609516345723e-01
-1.252319744571395166e-01 9.488053379932828157e-01
-1.241685902578455042e-01 9.485508421283820324e-01
-1.231001811107515498e-01 9.482979705009327853e-01
-1.220267802713302790e-01 9.480467423790253090e-01
-1.209484211112037133e-01 9.477971703004393067e-01
-1.198651365085373205e-01 9.475492481976505177e-01
-1.187769596048605936e-01 9.473029796209980757e-01
-1.176839239131449860e-01 9.470583756316995894e-01
-1.165860627458174120e-01 9.468154367467511712e-01
-1.154834097175038155e-01 9.465741707796264670e-01
-1.143759986911858373e-01 9.463345878459545890e-01
-1.132638635190146570e-01 9.460966927327885134e-01
-1.121470381973692920e-01 9.458604914393510255e-01
-1.110255568636454720e-01 9.456259904906706426e-01
-1.098994532921353379e-01 9.453931840716727208e-01
-1.087687617566795301e-01 9.451620817635318916e-01
-1.076335166012701711e-01 9.449326901106227528e-01
-1.064937524534552982e-01 9.447050194740301832e-01
-1.053495038248345866e-01 9.444790721355880159e-01
-1.042008052474150820e-01 9.442548497463970625e-01
-1.030476913938788014e-01 9.440323566488820761e-01
-1.018901972234994568e-01 9.438116021790481369e-01
-1.007283577982782952e-01 9.435925935730858916e-01
-9.956220811555363537e-02 9.433753328325171772e-01
-9.839178300251602560e-02 9.431598167044089598e-01
-9.721711789774907519e-02 9.429460588471214599e-01
-9.603824822435792774e-02 9.427340657028728810e-01
-9.485520917778751671e-02 9.425238348012670020e-01
-9.366803659069959653e-02 9.423153808375261953e-01
-9.247676591318113037e-02 9.421087015948921284e-01
-9.128143284036036031e-02 9.419038020910175391e-01
-9.008207320807008756e-02 9.417006883523426630e-01
-8.887872328478221839e-02 9.414993742080655093e-01
-8.767141884720520972e-02 9.412998542786983336e-01
-8.646019617179626082e-02 9.411021383682163233e-01
-8.524509134963029200e-02 9.409062267440498895e-01
-8.402614079491869947e-02 9.407121276183258995e-01
-8.280338090133806950e-02 9.405198445837378296e-01
-8.157684826594785443e-02 9.403293845212044033e-01
-8.034657932556567295e-02 9.401407468651385990e-01
-7.911261099888600157e-02 9.399539433796683108e-01
-7.787498000807334397e-02 9.397689750336084558e-01
-7.663372351116809478e-02 9.395858532082637105e-01
-7.538887854943926436e-02 9.394045806750019878e-01
-7.414048218743439500e-02 9.392251594014700000e-01
-7.288857121224444346e-02 9.390475834350769935e-01
-7.163318325284698251e-02 9.388718708466927687e-01
-7.037435612365992854e-02 9.386980353077608585e-01
-6.911212676703566704e-02 9.385260618523648679e-01
-6.784653297374190761e-02 9.383559642079293273e-01
-6.657761250015255261e-02 9.381877483783215288e-01
-6.530540279202327880e-02 9.380214096000196733e-01
-6.402994194534047945e-02 9.378569617470305930e-01
-6.275126765990092503e-02 9.376944018516173429e-01
-6.146941778869074308e-02 9.375337322596448697e-01
-6.018443037556439612e-02 9.373749589157545081e-01
-5.889634387909747915e-02 9.372180951602950838e-01
-5.760519673907860128e-02 9.370631471937663770e-01
-5.631102739844274369e-02 9.369101181950776347e-01
-5.501387355459157885e-02 9.367589911153504367e-01
-5.371377419817711246e-02 9.366097897614044099e-01
-5.241076721555847084e-02 9.364624984293268284e-01
-5.110489160177953544e-02 9.363171369842807623e-01
-4.979618581429481883e-02 9.361737019191133102e-01
-4.848468846716840613e-02 9.360321953954870988e-01
-4.717043842466098202e-02 9.358926247491488049e-01
-4.585347379516642452e-02 9.357549747513012051e-01
-4.453383316398575736e-02 9.356192497102246985e-01
-4.321155600150289322e-02 9.354854739071315484e-01
-4.188668159505934407e-02 9.353536549065677441e-01
-4.055924765606833821e-02 9.352237570925995280e-01
-3.922929408917432553e-02 9.350958174880402707e-01
-3.789685982228931105e-02 9.349698301859855620e-01
-3.656198396983958293e-02 9.348457968958403530e-01
-3.522470559702911563e-02 9.347237172417492967e-01
-3.388506405956611539e-02 9.346035982983904589e-01
-3.254309797595943826e-02 9.344854251731191663e-01
-3.119884662166761899e-02 9.343692068433548936e-01
-2.985234963759805099e-02 9.342549569340290461e-01
-2.850364664266041154e-02 9.341426817076643463e-01
-2.715277596281899866e-02 9.340323519718876089e-01
-2.579977727116563799e-02 9.339239868087005902e-01
-2.444468958555453750e-02 9.338175793781635647e-01
-2.308755354676554628e-02 9.337131668334477386e-01
-2.172840791356381654e-02 9.336107207007714459e-01
-2.036729149208685308e-02 9.335102279275524495e-01
-1.900424471277491895e-02 9.334117225950686603e-01
-1.763930737989735306e-02 9.333152060896859892e-01
-1.627251816601382392e-02 9.332206508118454646e-01
-1.490391681513283072e-02 9.331280697479886754e-01
-1.353354297421765530e-02 9.330374669652057307e-01
-1.216143719611405098e-02 9.329488671441035219e-01
-1.078763808401137295e-02 9.328622338835755867e-01
-9.412185734387186475e-03 9.327775863152738545e-01
-8.035119434488688372e-03 9.326949137742652773e-01
-6.656479301623201110e-03 9.326142316795862364e-01
-5.276305993563547639e-03 9.325355612523925641e-01
-3.894637570547072099e-03 9.324588481648751204e-01
-2.511514535502629500e-03 9.323841263204172281e-01
-1.126976987845168749e-03 9.323114025828629359e-01
2.589353850753438584e-04 9.322406700825094372e-01
1.646183501134376032e-03 9.321719102538696955e-01
3.034727044451445213e-03 9.321051446580989053e-01
4.424525739950569900e-03 9.320403830556621694e-01
5.815539889426698736e-03 9.319776159050187081e-01
7.207730478600015388e-03 9.319168213372671650e-01
8.601057270474020411e-03 9.318580189858741702e-01
9.995480557288631204e-03 9.318012054366625607e-01
1.139096061158350118e-02 9.317463794750503459e-01
1.278745662302377406e-02 9.316935675656090599e-01
1.418492972288465208e-02 9.316427344003733735e-01
1.558334025449715360e-02 9.315938820239648699e-01
1.698264779219878923e-02 9.315470306835322845e-01
1.838281261261800678e-02 9.315021729453765165e-01
1.978379506500010931e-02 9.314593032772264802e-01
2.118555480087702322e-02 9.314184363557811430e-01
2.258805239288757052e-02 9.313795564917176639e-01
2.399124789510454631e-02 9.313426688045252089e-01
2.539510133391416347e-02 9.313077765461129642e-01
2.679957268788688007e-02 9.312748825378293072e-01
2.820462275606185065e-02 9.312439676786312681e-01
2.961021102051726236e-02 9.312150553420210919e-01
3.101629809990260125e-02 9.311881288004678625e-01
3.242284364003161778e-02 9.311632040110993103e-01
3.382980754350444624e-02 9.311402825328196631e-01
3.523715055031707150e-02 9.311193442101850515e-01
3.664483193353156032e-02 9.311004156388210662e-01
3.805281216662698140e-02 9.310834801061158572e-01
3.946104999339529462e-02 9.310685724979408384e-01
4.086950679571187128e-02 9.310556443051468678e-01
4.227814268793642083e-02 9.310447029610504632e-01
4.368691717208735004e-02 9.310357674908428249e-01
4.509578978327184046e-02 9.310288465798999269e-01
4.650472079581646767e-02 9.310239260904250580e-01
4.791367065431583611e-02 9.310209946968192041e-01
4.932259918052427777e-02 9.310200623072892867e-01
5.073146694271506857e-02 9.310211152129655998e-01
5.214023321501742858e-02 9.310241789130145884e-01
5.354885787342971576e-02 9.310292511102910007e-01
5.495730217630808573e-02 9.310362960972770052e-01
5.636552553608006888e-02 9.310453421684297126e-01
5.777348862759951187e-02 9.310563719103195357e-01
5.918115082380256270e-02 9.310694091641743553e-01
6.058847217939552360e-02 9.310844488063538815e-01
6.199541460909387819e-02 9.311014417748089134e-01
6.340193693152017251e-02 9.311204409408379012e-01
6.480800093262381600e-02 9.311413985569186869e-01
6.621356574578635135e-02 9.311643570634865474e-01
6.761859221197451253e-02 9.311892949911299011e-01
6.902304157224201098e-02 9.312161916029680908e-01
7.042687387483026473e-02 9.312450663508683446e-01
7.183004993783458081e-02 9.312759097144168718e-01
7.323252970298892162e-02 9.313087388424404756e-01
7.463427547647011329e-02 9.313435031982812973e-01
7.603524672646787275e-02 9.313802484632875966e-01
7.743540505092538773e-02 9.314189442342966085e-01
7.883471105747752450e-02 9.314596000674356668e-01
8.023312481664410245e-02 9.315022341686443053e-01
8.163060794748573656e-02 9.315468169273719568e-01
8.302712124691870310e-02 9.315933540919526523e-01
8.442262605439984635e-02 9.316418349730385406e-01
8.581708373232894982e-02 9.316922536523822851e-01
8.721045512978779779e-02 9.317446200038107529e-01
8.860270153117140446e-02 9.317989280814059638e-01
8.999378461336304813e-02 9.318551651000027691e-01
9.138366517952851986e-02 9.319133465099553870e-01
9.277230487257867586e-02 9.319734590428145893e-01
9.415966519155639924e-02 9.320354996610549225e-01
9.554570792571297211e-02 9.320994595907040603e-01
9.693039392196223236e-02 9.321653580032113195e-01
9.831368528338481350e-02 9.322331730801317606e-01
9.969554400373634162e-02 9.323028966453685840e-01
1.010759318367569215e-01 9.323745306112605213e-01
1.024548103318701775e-01 9.324480810418898091e-01
1.038321419292054654e-01 9.325235287016535590e-01
1.052078879723999660e-01 9.326008913850551973e-01
1.065820108311801018e-01 9.326801523371149871e-01
1.079544726772675850e-01 9.327613081304612086e-01
1.093252361729756261e-01 9.328443447866201499e-01
1.106942633823171929e-01 9.329292702738615217e-01
1.120615169189226323e-01 9.330160748358854450e-01
1.134269588926226230e-01 9.331047661895336409e-01
1.147905520908262256e-01 9.331953312537674128e-01
1.161522583765334377e-01 9.332877865982942556e-01
1.175120410002155058e-01 9.333821058211863031e-01
1.188698627519238493e-01 9.334782872319754565e-01
1.202256862412336147e-01 9.335763344973343481e-01
1.215794744399621707e-01 9.336762403945439992e-01
1.229311901799893803e-01 9.337780048106824049e-01
1.242807964496501633e-01 9.338816237779123952e-01
1.256282561253917462e-01 9.339870981095071967e-01
1.269735326462547997e-01 9.340944141472676820e-01
1.283165886629228924e-01 9.342035847710223884e-01
1.296573876166927930e-01 9.343145966553543236e-01
1.309958923518053098e-01 9.344274580639549965e-01
1.323320665669714957e-01 9.345421517669135758e-01
1.336658734464711562e-01 9.346586820100560855e-01
1.349972768496525977e-01 9.347770340395826771e-01
1.363262398461835279e-01 9.348972202206086157e-01
1.376527260698739152e-01 9.350192326321355996e-01
1.389766989524330865e-01 9.351430723661795508e-01
1.402981218340821623e-01 9.352687422559534669e-01
1.416169582167846330e-01 9.353962396745054697e-01
1.429331730471290196e-01 9.355255271927337413e-01
1.442467295740500755e-01 9.356566285374313674e-01
1.455575924395564047e-01 9.357895207451484287e-01
1.468657254694082648e-01 9.359242127403684108e-01
1.481710924453392975e-01 9.360607100859993368e-01
1.494736582756104326e-01 9.361989874003120438e-01
1.507733864307243821e-01 9.363390679363978730e-01
1.520702421744987154e-01 9.364809184879316906e-01
1.533641903229450709e-01 9.366245336468975724e-01
1.546551950293668931e-01 9.367699272769942631e-01
1.559432210064838620e-01 9.369170923246636917e-01
1.572282325240882128e-01 9.370660363363141343e-01
1.585101954772179800e-01 9.372167224540033370e-01
1.597890753016757426e-01 9.373691437296481910e-01
1.610648369506735289e-01 9.375233087539702748e-01
1.623374462639614879e-01 9.376791996588766942e-01
1.636068680464569935e-01 9.378368333811413216e-01
1.648730679748692529e-01 9.379961965943550695e-01
1.661360131702195875e-01 9.381572465275097583e-01
1.673956666887788380e-01 9.383200634138645357e-01
1.686519959605320973e-01 9.384845780271914295e-01
1.699049670318621141e-01 9.386507903444364365e-01
1.711545462695352460e-01 9.388186923444807874e-01
1.724007005739272846e-01 9.389882666765304586e-01
1.736433947767524189e-01 9.391595563817276560e-01
1.748825967418039529e-01 9.393325071786665648e-01
1.761182728984651280e-01 9.395071277868948245e-01
1.773503890561431429e-01 9.396834380655881835e-01
1.785789132702451654e-01 9.398613917943340335e-01
1.798038118239588534e-01 9.400410101684154585e-01
1.810250524077511858e-01 9.402222686034905630e-01
1.822426020323993645e-01 9.404051717996319004e-01
1.834564274116129434e-01 9.405897295335673425e-01
1.846664965207319709e-01 9.407759151528988228e-01
1.858727769088966142e-01 9.409637259864240821e-01
1.870752358331121690e-01 9.411531680019139534e-01
1.882738416983948948e-01 9.413442154829796404e-01
1.894685615781746824e-01 9.415368888610857745e-01
1.906593630497602498e-01 9.417311857549942600e-01
1.918462150422368395e-01 9.419270711796727813e-01
1.930290864794030059e-01 9.421245277747731794e-01
1.942079465463354693e-01 9.423235403281658984e-01
1.953827624834815480e-01 9.425241498495215975e-01
1.965535034559650063e-01 9.427263287267650949e-01
1.977201356786058017e-01 9.429301369114531095e-01
1.988826304498680919e-01 9.431354772882597493e-01
2.000409573771113891e-01 9.433423435771379761e-01
2.011950852803877920e-01 9.435507523207493641e-01
2.023449829427896585e-01 9.437607127144189700e-01
2.034906195344228508e-01 9.439722196804702925e-01
2.046319650553630742e-01 9.441852499308204250e-01
2.057689894694573474e-01 9.443997927271441384e-01
2.069016631152804930e-01 9.446158333320839873e-01
2.080299558087323752e-01 9.448333774438355537e-01
2.091538374241783405e-01 9.450524264498590954e-01
2.102732778421460835e-01 9.452729808898270303e-01
2.113882467574725865e-01 9.454950456758417499e-01
2.124987162469196278e-01 9.457185637158356251e-01
2.136046553807516846e-01 9.459435816262072860e-01
2.147060365300390850e-01 9.461700401950091655e-01
2.158028293548281129e-01 9.463979775918694992e-01
2.168950052031990983e-01 9.466273707007506477e-01
2.179825334193653819e-01 9.468582580603090992e-01
2.190653880234676165e-01 9.470905420416894094e-01
2.201435413750041648e-01 9.473242153465214477e-01
2.212169614654909966e-01 9.475593835251804320e-01
2.222856203333408165e-01 9.477959981804354728e-01
2.233494897015153302e-01 9.480340429999454255e-01
2.244085434069563179e-01 9.482734569780387757e-01
2.254627513183838916e-01 9.485143088174209369e-01
2.265120882062547081e-01 9.487565103260311439e-01
2.275565244573880264e-01 9.490001269987733412e-01
2.285960327009272930e-01 9.492451355249960088e-01
2.296305856138044499e-01 9.494915230546598917e-01
2.306601569126480178e-01 9.497392571703315856e-01
2.316847194774231677e-01 9.499883425798776315e-01
2.327042457115746366e-01 9.502387935502426553e-01
2.337187053795867220e-01 9.504906831889099461e-01
2.347280766486192494e-01 9.507438379827328756e-01
2.357323321764265844e-01 9.509983089102740372e-01
2.367314458543602895e-01 9.512540906208853952e-01
2.377253910274098048e-01 9.515111940982956540e-01
2.387141380245657030e-01 9.517697002343410428e-01
2.396976659209363869e-01 9.520294308219940937e-01
2.406759481263601730e-01 9.522904383894932323e-01
2.416489590772642748e-01 9.525527235362349909e-01
2.426166728390287131e-01 9.528162958380970160e-01
2.435790606384848900e-01 9.530812310467347004e-01
2.445361011702111287e-01 9.533473803443022199e-01
2.454877706086033007e-01 9.536147323264374531e-01
2.464340439817028494e-01 9.538833099498209567e-01
2.473748950317785633e-01 9.541531568371083294e-01
2.483103000049559084e-01 9.544242322032113757e-01
2.492402344722466634e-01 9.546965325334276775e-01
2.501646735748071504e-01 9.549700668167919737e-01
2.510835946296846033e-01 9.552447851505505572e-01
2.519969745366624769e-01 9.555206730149186090e-01
2.529047874683091335e-01 9.557977913303832285e-01
2.538070119126585311e-01 9.560760626705480103e-01
2.547036235705369411e-01 9.563555180024044811e-01
2.555946007255354702e-01 9.566361082403301852e-01
2.564799185187289776e-01 9.569178874044177441e-01
2.573595555551757563e-01 9.572007959051302972e-01
2.582334909031635539e-01 9.574847923669610461e-01
2.591016992320956946e-01 9.577699660742682308e-01
2.599641573049855103e-01 9.580563093289793386e-01
2.608208464830624185e-01 9.583437033266583027e-01
2.616717437023928783e-01 9.586321992941582160e-01
2.625168278926738874e-01 9.589217730041440513e-01
2.633560766206086146e-01 9.592124464177945731e-01
2.641894678581049871e-01 9.595042203855788099e-01
2.650169816698064729e-01 9.597970430143427656e-01
2.658385976022283881e-01 9.600909013107142842e-01
2.666542965621589434e-01 9.603857547711842635e-01
2.674640557172417998e-01 9.606816766226118354e-01
2.682678528399282669e-01 9.609786883582349670e-01
2.690656672820844753e-01 9.612767612393023908e-01
2.698574807002614429e-01 9.615758232793172322e-01
2.706432765454571121e-01 9.618757936238577777e-01
2.714230336093672036e-01 9.621767483282670508e-01
2.721967303127906246e-01 9.624787346926388931e-01
2.729643472071656141e-01 9.627817231010352694e-01
2.737258646718023769e-01 9.630857030486899006e-01
2.744812668714829984e-01 9.633905746464208608e-01
2.752305334603657450e-01 9.636964007152318823e-01
2.759736439432250998e-01 9.640032164002224624e-01
2.767105799631451313e-01 9.643109858162011161e-01
2.774413241815466002e-01 9.646196655621546157e-01
2.781658615740691398e-01 9.649291760821048225e-01
2.788841716328516740e-01 9.652396146855796166e-01
2.795962344307051373e-01 9.655510155105442305e-01
2.803020323943042347e-01 9.658633367793856284e-01
2.810015489697385571e-01 9.661765321179256460e-01
2.816947687930333455e-01 9.664905485906836180e-01
2.823816752079887360e-01 9.668053920355478281e-01
2.830622471430443432e-01 9.671211757554741828e-01
2.837364690326730776e-01 9.674378187511101235e-01
2.844043241707083225e-01 9.677553090387640555e-01
2.850657987436268082e-01 9.680735683105103906e-01
2.857208753120305533e-01 9.683926480592519592e-01
2.863695370172468224e-01 9.687125595133103673e-01
2.870117664021415438e-01 9.690333232483783199e-01
2.876475481685853985e-01 9.693548955771830178e-01
2.882768674233413542e-01 9.696772445337831225e-01
2.888997105169522350e-01 9.700003230407104882e-01
2.895160619366133337e-01 9.703241541429192818e-01
2.901259057346304848e-01 9.706487602351213662e-01
2.907292267279847908e-01 9.709741333977943700e-01
2.913260125435039871e-01 9.713001994250075599e-01
2.919162448932260956e-01 9.716270690835412394e-01
2.924999123430574444e-01 9.719546264100771271e-01
2.930769981871358953e-01 9.722829452171687370e-01
2.936474916791241840e-01 9.726119134229684882e-01
2.942113805118782288e-01 9.729415140067234624e-01
2.947686479740102006e-01 9.732718485641531636e-01
2.953192784688916661e-01 9.736029400241301701e-01
2.958632623565803921e-01 9.739346509339378288e-01
2.964005866623193319e-01 9.742669959375858113e-01
2.969312426314921760e-01 9.745998768535629742e-01
2.974552153798304399e-01 9.749333978324159489e-01
2.979724871378526263e-01 9.752676830797443186e-01
2.984830494011378454e-01 9.756025630718330177e-01
2.989868915562799434e-01 9.759380057714550638e-01
2.994840020180619677e-01 9.762740194552680384e-01
2.999743711707404947e-01 9.766105590247617929e-01
3.004579826855214852e-01 9.769477697569471930e-01
3.009348292305735195e-01 9.772854993662638545e-01
3.014048998506010379e-01 9.776237622965348040e-01
3.018681836962366916e-01 9.779625631214673431e-01
3.023246720414557998e-01 9.783018510443463045e-01
3.027743507892258212e-01 9.786417349420135636e-01
3.032172096265453032e-01 9.789821746521105705e-01
3.036532443896264866e-01 9.793229963631160384e-01
3.040824427267581065e-01 9.796643178673589691e-01
3.045047934113729871e-01 9.800061699323987519e-01
3.049202896646128758e-01 9.803484567492934953e-01
3.053289238697433072e-01 9.806911513604770203e-01
3.057306845608415147e-01 9.810343365168738838e-01
3.061255644507109852e-01 9.813779491257912380e-01
3.065135525768292735e-01 9.817220495240287503e-01
3.068946430290415139e-01 9.820665415707989787e-01
3.072688289521814942e-01 9.824114008209903215e-01
3.076361029235886169e-01 9.827566292394084302e-01
3.079964506976316518e-01 9.831023983827186230e-01
3.083498689668519588e-01 9.834485205749419201e-01
3.086963603053476946e-01 9.837947549391681257e-01
3.090359072954196873e-01 9.841414808318751373e-01
3.093685030525802349e-01 9.844886246010147168e-01
3.096941416093170196e-01 9.848361264961791317e-01
3.100128149343836514e-01 9.851840082355151074e-01
3.103245261140157307e-01 9.855320027410462425e-01
3.106292620486690303e-01 9.858803811182818011e-01
3.109270160774002534e-01 9.862291179549506071e-01
3.112177797904729926e-01 9.865782442647477168e-01
3.115015547028994192e-01 9.869275274358044747e-01
3.117783420545069961e-01 9.872768580418039841e-01
3.120481200706682334e-01 9.876267567309621187e-01
3.123108899992282361e-01 9.879769082655720513e-01
3.125666545856050638e-01 9.883271175874555059e-01
3.128154081298434308e-01 9.886774983018592478e-01
3.130571287997983010e-01 9.890285105161489287e-01
3.132918297214663528e-01 9.893795103304633409e-01
3.135195096945888049e-01 9.897305339512616484e-01
3.137401622663873457e-01 9.900817307947582524e-01
3.139537677974958974e-01 9.904335052337561729e-01
3.141603313152880883e-01 9.907854427861635394e-01
3.143598677745758074e-01 9.911370880249795734e-01
3.145523674135325964e-01 9.914888311526613984e-01
3.147378105056600206e-01 9.918411163872353775e-01
3.149161991963193019e-01 9.921936190412263823e-01
3.150875387808871331e-01 9.925460980205088601e-01
3.152518362206831459e-01 9.928983911294443354e-01
3.154090755868620977e-01 9.932509895243385456e-01
3.155592494602822429e-01 9.936039260407558693e-01
3.157023717072688918e-01 9.939566849598030496e-01
3.158384380185224050e-01 9.943094628126543100e-01
3.159674459613145969e-01 9.946623109506129712e-01
3.160893920740531771e-01 9.950152807709322644e-01
3.162042731498604375e-01 9.953683916043751800e-01
3.163120965954203667e-01 9.957213877772795874e-01
3.164128621974581224e-01 9.960743319517870731e-01
3.165065681990189006e-01 9.964272940509653065e-01
3.165932110085212248e-01 9.967803549020154419e-01
3.166727902595707356e-01 9.971334742888608993e-01
3.167453113969532219e-01 9.974864868239587956e-01
3.168107779264506263e-01 9.978393582886355695e-01
3.168691910645226595e-01 9.981921288066074593e-01
3.169205484309748910e-01 9.985449083560892225e-01
3.169648518836218343e-01 9.988976459759622006e-01
3.170020997716081479e-01 9.992504039024137086e-01
3.170323008380100394e-01 9.996029534052499610e-01
3.170554529240413588e-01 9.999554526659323317e-01
3.170715631101795884e-01 1.000307749793601264e+00
3.170806342813475842e-01 1.000659873731692073e+00
3.170826639302758987e-01 1.001011973756729123e+00
3.170776510106572132e-01 1.001364087982923090e+00
3.170656085134132551e-01 1.001715884536651391e+00
3.170465454803030325e-01 1.002067296210171987e+00
3.170204567044501709e-01 1.002418645615498205e+00
3.169873323692013467e-01 1.002770209303060156e+00
3.169471968904385983e-01 1.003121269734689180e+00
3.169000616979370522e-01 1.003471792793973805e+00
3.168459092010554312e-01 1.003822486933117819e+00
3.167847552370396946e-01 1.004172870681042884e+00
3.167166052411077293e-01 1.004522963352910914e+00
3.166414519681536310e-01 1.004873091614398195e+00
3.165593222196441681e-01 1.005222567634026287e+00
3.164702151197562596e-01 1.005571739428301914e+00
3.163741149210163028e-01 1.005921152796741103e+00
3.162710490736965752e-01 1.006270000695454359e+00
3.161610302513255255e-01 1.006618249021094202e+00
3.160440534447356287e-01 1.006966322789385471e+00
3.159201249236029407e-01 1.007314152537100105e+00
3.157892489007551595e-01 1.007661754953835587e+00
3.156514358210952831e-01 1.008008982582506041e+00
3.155066965990600547e-01 1.008355749956224345e+00
3.153550427708018966e-01 1.008701998798657407e+00
3.151964531921571666e-01 1.009048516979537125e+00
3.150309706425415412e-01 1.009394100344249479e+00
3.148585957053759987e-01 1.009739201715353696e+00
3.146793167561514060e-01 1.010084352702382615e+00
3.144931698148891175e-01 1.010428627996839079e+00
3.143001457245156449e-01 1.010772694371847136e+00
3.141002416562268529e-01 1.011116727007233651e+00
3.138935013966271947e-01 1.011459648107698950e+00
3.136799065801182951e-01 1.011802472580663137e+00
3.134594740959812942e-01 1.012144826507846984e+00
3.132322148648823412e-01 1.012486672145488154e+00
3.129981351676177082e-01 1.012828106618451018e+00
3.127572450993417741e-01 1.013169083130214032e+00
3.125095690044033536e-01 1.013509222052658920e+00
3.122551033950198285e-01 1.013849029375008426e+00
3.119938437753612681e-01 1.014188783293058949e+00
3.117258247722671793e-01 1.014527644837972531e+00
3.114510744046337098e-01 1.014865359723913674e+00
3.111695520276394067e-01 1.015203517400904865e+00
3.108812941703535948e-01 1.015540983246687734e+00
3.105863393168586395e-01 1.015877141074808199e+00
3.102846607836293735e-01 1.016213311982227196e+00
3.099762747676627073e-01 1.016549084504370315e+00
3.096612304667105686e-01 1.016883427890079794e+00
3.093394999379930899e-01 1.017217755277067148e+00
3.090111011769227645e-01 1.017551624779382324e+00
3.086760558983687175e-01 1.017884722467633063e+00
3.083344060226898553e-01 1.018216386239879201e+00
3.079860993516276291e-01 1.018548638010585483e+00
3.076311893502827188e-01 1.018879847153006724e+00
3.072697090318643465e-01 1.019209709651053730e+00
3.069016299122134805e-01 1.019539610930889406e+00
3.065269902670643698e-01 1.019868574708263864e+00
3.061457973716288361e-01 1.020196887854111223e+00
3.057580651338712152e-01 1.020524527985086527e+00
3.053638120156526581e-01 1.020851370062098251e+00
3.049630543859960241e-01 1.021177403886555979e+00
3.045557823048851143e-01 1.021503282085141961e+00
3.041420616023000623e-01 1.021827436721287841e+00
3.037218517081149427e-01 1.022151743829362136e+00
3.032952335372008368e-01 1.022474104301624775e+00
3.028621362427554309e-01 1.022797262626038650e+00
3.024226455116992840e-01 1.023118677703514390e+00
3.019767853167238392e-01 1.023438621840234264e+00
3.015245027113079845e-01 1.023759154169603836e+00
3.010658590856372663e-01 1.024078445840660212e+00
3.006008951331950452e-01 1.024396099845475971e+00
3.001295818185945041e-01 1.024713660901842793e+00
2.996519674436465275e-01 1.025029967938711151e+00
2.991680438637882578e-01 1.025345851579902989e+00
2.986778475742188355e-01 1.025660611143277556e+00
2.981813983925186151e-01 1.025974313228235513e+00
2.976786971229333223e-01 1.026287466467841192e+00
2.971697857524496778e-01 1.026599295610102436e+00
2.966546636072315835e-01 1.026910479549594468e+00
2.961333473464083932e-01 1.027220924409468106e+00
2.956058771429197485e-01 1.027529995406040397e+00
2.950722566690132664e-01 1.027838287664773365e+00
2.945325052455091130e-01 1.028145707534081188e+00
2.939866450202510695e-01 1.028452137512582354e+00
2.934346941905979222e-01 1.028757617611710362e+00
2.928766733010449985e-01 1.029062109158769500e+00
2.923126107704443477e-01 1.029365395958491858e+00
2.917425014874730493e-01 1.029668208167618726e+00
2.911663853901316767e-01 1.029969784631433960e+00
2.905843099101227955e-01 1.030269557430029348e+00
2.899962268723059178e-01 1.030569632774527955e+00
2.894022053665516458e-01 1.030868132145212002e+00
2.888022652970257398e-01 1.031165345924844212e+00
2.881964083733119519e-01 1.031461874169357751e+00
2.875846886297218075e-01 1.031756708788523547e+00
2.869670766986937571e-01 1.032051430784053592e+00
2.863436394611063585e-01 1.032344424445802655e+00
2.857143748807492445e-01 1.032636604845919459e+00
2.850793119765526185e-01 1.032927653141966440e+00
2.844384724576147216e-01 1.033217592658521644e+00
2.837918833825246456e-01 1.033506301320602949e+00
2.831395459923899960e-01 1.033794363527758442e+00
2.824815174662726469e-01 1.034080673030903785e+00
2.818177867133315750e-01 1.034366383453069416e+00
2.811483991171667696e-01 1.034650659744746237e+00
2.804733611569498741e-01 1.034934056991886120e+00
2.797927102862405313e-01 1.035216078377767079e+00
2.791064598102326877e-01 1.035497079203169912e+00
2.784146330113742573e-01 1.035776987687136108e+00
2.777172641796150643e-01 1.036055492751638774e+00
2.770143719191134335e-01 1.036332831002450661e+00
2.763059716311986880e-01 1.036609200813184417e+00
2.755920934132212174e-01 1.036884333970120364e+00
2.748727731223774562e-01 1.037157952370245440e+00
2.741480123448370443e-01 1.037430773737723966e+00
2.734178503162849050e-01 1.037702215696756358e+00
2.726823121089991253e-01 1.037972341144613342e+00
2.719414177754779782e-01 1.038241307024426074e+00
2.711951944019788119e-01 1.038509015963782645e+00
2.704436607443619356e-01 1.038775627536403512e+00
2.696868559980012958e-01 1.039040710541308643e+00
2.689247936065761180e-01 1.039304693170374216e+00
2.681575002519239748e-01 1.039567458565581415e+00
2.673850071714772847e-01 1.039828834408049518e+00
2.666073363116371331e-01 1.040088966814118665e+00
2.658245116925319063e-01 1.040347876998780396e+00
2.650365650550912111e-01 1.040605382549498525e+00
2.642435181932428767e-01 1.040861640935048404e+00
2.634453971550332896e-01 1.041116624536855273e+00
2.626422284366430882e-01 1.041370308342273177e+00
2.618340398299822125e-01 1.041622647451748707e+00
2.610208598611478692e-01 1.041873601060823606e+00
2.602027108523847221e-01 1.042123303863581540e+00
2.593796225014302070e-01 1.042371638819743707e+00
2.585516195376914017e-01 1.042618671617432602e+00
2.577187380261396488e-01 1.042864151711600407e+00
2.568809967748076351e-01 1.043108385253190606e+00
2.560384165916197996e-01 1.043351475320382304e+00
2.551910364376267504e-01 1.043593019624108553e+00
2.543388864102491542e-01 1.043833038610585184e+00
2.534819826678671451e-01 1.044071890978932826e+00
2.526203537302920688e-01 1.044309447042933492e+00
2.517540362461114789e-01 1.044545438740072552e+00
2.508830523020591508e-01 1.044780096085435872e+00
2.500074272829833077e-01 1.045013451633704182e+00
2.491271987246565789e-01 1.045245217889110956e+00
2.482423874460030211e-01 1.045475669024985121e+00
2.473530180586265836e-01 1.045704847310994445e+00
2.464591303662030941e-01 1.045932394080174799e+00
2.455607445696861846e-01 1.046158620067101364e+00
2.446578856450342676e-01 1.046383561263939388e+00
2.437506035762415924e-01 1.046606610465877329e+00
2.428389066667737961e-01 1.046828506083724575e+00
2.419228247627750183e-01 1.047049078755922347e+00
2.410024048997017609e-01 1.047267814068883363e+00
2.400776615775371547e-01 1.047485268202647646e+00
2.391486228374133383e-01 1.047701380718509823e+00
2.382153249067355538e-01 1.047915916740290276e+00
2.372777977153695816e-01 1.048128916268385558e+00
2.363360703128977724e-01 1.048340421310078874e+00
2.353901784253103757e-01 1.048550285958814943e+00
2.344401290958316175e-01 1.048759154330467069e+00
2.334859805260884325e-01 1.048966069522903499e+00
2.325277541960003580e-01 1.049171471127744448e+00
2.315654754834220175e-01 1.049375481492421658e+00
2.305991719976261956e-01 1.049578106005197187e+00
2.296288832446764794e-01 1.049779049940432252e+00
2.286546373990200887e-01 1.049978449225716259e+00
2.276764678375729489e-01 1.050176241763127738e+00
2.266943984581207827e-01 1.050372633481958751e+00
2.257084583308720249e-01 1.050567598036288963e+00
2.247186975448956237e-01 1.050760596781644907e+00
2.237251322865676795e-01 1.050952207963111507e+00
2.227277924432081724e-01 1.051142378179634074e+00
2.217267192147381605e-01 1.051330797915657866e+00
2.207219425792833478e-01 1.051517592958290059e+00
2.197134876640065293e-01 1.051702947475156247e+00
2.187013885745697217e-01 1.051886729087589512e+00
2.176856826528519029e-01 1.052068790700830814e+00
2.166664024388949561e-01 1.052249178813429831e+00
2.156435759859282320e-01 1.052428028844973884e+00
2.146172252035165873e-01 1.052605562096869063e+00
2.135874054982265235e-01 1.052781051794776879e+00
2.125541358069876208e-01 1.052955046292451735e+00
2.115174516705207730e-01 1.053127404671987843e+00
2.104773819014257308e-01 1.053298224677461148e+00
2.094339681732317882e-01 1.053467233657670254e+00
2.083872359824535669e-01 1.053634699712381551e+00
2.073372200589092273e-01 1.053800526058889853e+00
2.062839519906796704e-01 1.053964742849274661e+00
2.052274699885229259e-01 1.054127199592646669e+00
2.041678121635581988e-01 1.054287823534532098e+00
2.031049990197145716e-01 1.054447018477447706e+00
2.020390693768589208e-01 1.054604528424206045e+00
2.009700593249836020e-01 1.054760293623076439e+00
1.998980057668152399e-01 1.054914263879838332e+00
1.988229344016804734e-01 1.055066694182378972e+00
1.977448823574158576e-01 1.055217426311895856e+00
1.966638876816205472e-01 1.055366358164921303e+00
1.955799805718296536e-01 1.055513634941324108e+00
1.944931959221115891e-01 1.055659211827704391e+00
1.934035686283279432e-01 1.055803066372533960e+00
1.923111298735113717e-01 1.055945280170772049e+00
1.912159223248104389e-01 1.056085606916999931e+00
1.901179720227725023e-01 1.056224339123539080e+00
1.890173155949612382e-01 1.056361358371142201e+00
1.879139916864276116e-01 1.056496555013002769e+00
1.868080338689121489e-01 1.056630001058478374e+00
1.856994721889504429e-01 1.056761820642372784e+00
1.845883490994310316e-01 1.056891765673262595e+00
1.834746916266840888e-01 1.057020097769395983e+00
1.823585370122619842e-01 1.057146692359341111e+00
1.812399254999201847e-01 1.057271412102306352e+00
1.801188881273957931e-01 1.057394418478353471e+00
1.789954567939546493e-01 1.057515770689295920e+00
1.778696713645201433e-01 1.057635299194601197e+00
1.767415670561549301e-01 1.057753035420522014e+00
1.756111758724698269e-01 1.057869075416479232e+00
1.744785353215262402e-01 1.057983329595920230e+00
1.733436815908272477e-01 1.058095786179525932e+00
1.722066467563628522e-01 1.058206542065463385e+00
1.710674678830422513e-01 1.058315520979837387e+00
1.699261853664109367e-01 1.058422601519791950e+00
1.687828280983930673e-01 1.058528010574433464e+00
1.676374316825291755e-01 1.058631693797904560e+00
1.664900366206886750e-01 1.058733501559055323e+00
1.653406754186823591e-01 1.058833558943776509e+00
1.641893832005205112e-01 1.058931863040025068e+00
1.630361979073543244e-01 1.059028341963257791e+00
1.618811559414002621e-01 1.059122998244571567e+00
1.607242927784274522e-01 1.059215856310696813e+00
1.595656426602080902e-01 1.059306959224923128e+00
1.584052430539777123e-01 1.059396247882312014e+00
1.572431272906112676e-01 1.059483796139408351e+00
1.560793350719316686e-01 1.059569481650785017e+00
1.549139016154247872e-01 1.059653355352154991e+00
1.537468616263886201e-01 1.059735455516072733e+00
1.525782541582448582e-01 1.059815692575720947e+00
1.514081124259786248e-01 1.059894167708607116e+00
1.502364778020435776e-01 1.059970727566770465e+00
1.490633806039973197e-01 1.060045571848632795e+00
1.478888622177541579e-01 1.060118523694486115e+00
1.467129563937838443e-01 1.060189685560591455e+00
1.455357046034310708e-01 1.060258915653205847e+00
1.443571361779482920e-01 1.060326446577763093e+00
1.431772935245013423e-01 1.060392067739145849e+00
1.419962102848356389e-01 1.060455892975306069e+00
1.408139284365670929e-01 1.060517770808457438e+00
1.396304791551150060e-01 1.060577895554621897e+00
1.384459054826422952e-01 1.060636067703219165e+00
1.372602368126590866e-01 1.060692528715280414e+00
1.360735156370133370e-01 1.060747071862874646e+00
1.348857780988338695e-01 1.060799752500015014e+00
1.336970614988090278e-01 1.060850569364719442e+00
1.325074015332722566e-01 1.060899561934869562e+00
1.313168378294009564e-01 1.060946651678307928e+00
1.301254084696724100e-01 1.060991837946458682e+00
1.289331446385305890e-01 1.061035292865865953e+00
1.277400876492400805e-01 1.061076849279286805e+00
1.265462797786059135e-01 1.061116399519588249e+00
1.253517456336317448e-01 1.061154331498239012e+00
1.241565347539198422e-01 1.061190215856007812e+00
1.229606767901724046e-01 1.061224335135780628e+00
1.217642111390696141e-01 1.061256586959550718e+00
1.205671793236485767e-01 1.061286866979392007e+00
1.193696132289828321e-01 1.061315363970430248e+00
1.181715502335148882e-01 1.061342034986004323e+00
1.169730327363461830e-01 1.061366733036310572e+00
1.157740926026071537e-01 1.061389647975721884e+00
1.145747690998199925e-01 1.061410689671630658e+00
1.133750995157205843e-01 1.061429862552391468e+00
1.121751208684575452e-01 1.061447175571862411e+00
1.109748704044801332e-01 1.061462627499457412e+00
1.097743853573309725e-01 1.061476218042548547e+00
1.085737026474988542e-01 1.061487954881167983e+00
1.073728614156303912e-01 1.061497786351386585e+00
1.061718919643941383e-01 1.061505907570690521e+00
1.049708387336980159e-01 1.061512062666839062e+00
1.037697382409495522e-01 1.061516321766221793e+00
1.025686234598024021e-01 1.061518808525880431e+00
1.013675336491443313e-01 1.061519427643482505e+00
1.001665053146556517e-01 1.061518200298049219e+00
9.896557493007109019e-02 1.061515137877729664e+00
9.776477956895131272e-02 1.061510231080949884e+00
9.656415789290737073e-02 1.061503435555664288e+00
9.536374088910722080e-02 1.061494920986926660e+00
9.416357481107674732e-02 1.061484390558316004e+00
9.296368736220575468e-02 1.061472159615023614e+00
9.176412337178756207e-02 1.061457957682057307e+00
9.056491629325612303e-02 1.061441933918405578e+00
8.936609657054400691e-02 1.061424238141096543e+00
8.816771410422540034e-02 1.061404458842604148e+00
8.696979804263332836e-02 1.061382909075194503e+00
8.577238372321069337e-02 1.061359590637253936e+00
8.457550814355883906e-02 1.061334462924014010e+00
8.337921222883978856e-02 1.061307407444074036e+00
8.218353294788990904e-02 1.061278463859874899e+00
8.098850492415207714e-02 1.061247710637474029e+00
7.979416059719532384e-02 1.061215241606746407e+00
7.860054298611515722e-02 1.061180839194468373e+00
7.740769354964167903e-02 1.061144433623161909e+00
7.621563558791293047e-02 1.061106443968890201e+00
7.502441635787251983e-02 1.061066480849546245e+00
7.383406991457859558e-02 1.061024679621211941e+00
7.264463510967260340e-02 1.060980988047346640e+00
7.145614471022712633e-02 1.060935532123901126e+00
7.026863550259661306e-02 1.060888274366803996e+00
6.908214873796962585e-02 1.060839084413167432e+00
6.789672076905683973e-02 1.060788019543494221e+00
6.671238544086526001e-02 1.060735171090627427e+00
6.552917427457939648e-02 1.060680642816551167e+00
6.434713833257126037e-02 1.060623998072569796e+00
6.316630427735543674e-02 1.060565628530771409e+00
6.198670628054762932e-02 1.060505542299671866e+00
6.080838834239596369e-02 1.060443497717718175e+00
5.963138581726318971e-02 1.060379590101269143e+00
5.845573029804797260e-02 1.060313961145105788e+00
5.728145964422017011e-02 1.060246525032338738e+00
5.610861641672804795e-02 1.060177121317563032e+00
5.493722999926976824e-02 1.060105999209329353e+00
5.376733891720127112e-02 1.060033054770467942e+00
5.259897975109759788e-02 1.059958284651916438e+00
5.143218864632625315e-02 1.059881698059332633e+00
5.026700145111359652e-02 1.059803307024073549e+00
4.910345429303272780e-02 1.059723110578149274e+00
4.794158292310396474e-02 1.059641117651384468e+00
4.678142515108750510e-02 1.059557281240194548e+00
4.562300924100207156e-02 1.059471816486323714e+00
4.446637868068797211e-02 1.059384450365105312e+00
4.331157252537883029e-02 1.059295157179372060e+00
4.215861181674321334e-02 1.059204374419667305e+00
4.100754921346810855e-02 1.059111530405802082e+00
3.985840902259780300e-02 1.059017048088749524e+00
3.871122315002546721e-02 1.058920948972774001e+00
3.756604123875334489e-02 1.058822800382280827e+00
3.642288805479278885e-02 1.058723007904245117e+00
3.528179600946114436e-02 1.058621583199504501e+00
3.414280790677574895e-02 1.058518272280977834e+00
3.300595721501123347e-02 1.058413181548692572e+00
3.187127086603573634e-02 1.058306527612824510e+00
3.073879497334620556e-02 1.058197939237741192e+00
2.960855278783717723e-02 1.058087802370687225e+00
2.848058841058566035e-02 1.057975788730722400e+00
2.735492819408652868e-02 1.057862177891930155e+00
2.623160772301714669e-02 1.057746878836790527e+00
2.511066813823359389e-02 1.057629707152074827e+00
2.399213527827599723e-02 1.057510953189068070e+00
2.287604604085411580e-02 1.057390485644171818e+00
2.176243440813094635e-02 1.057268311754255841e+00
2.065133158502651875e-02 1.057144504568829246e+00
1.954277982480242051e-02 1.057018824404107882e+00
1.843679647434431912e-02 1.056891774077597157e+00
1.733343423025302324e-02 1.056762721255171789e+00
1.623271434699317950e-02 1.056632135823172725e+00
1.513466687949423586e-02 1.056500032713150627e+00
1.403933553975732045e-02 1.056366077964089101e+00
1.294674986760390237e-02 1.056230458899970692e+00
1.185693534767487574e-02 1.056093370562301681e+00
1.076993724952438232e-02 1.055954415849003958e+00
9.685779094075301632e-03 1.055813939924819644e+00
8.604494918546109691e-03 1.055671852464730387e+00
7.526124626222940178e-03 1.055527961654535218e+00
6.450693944408657579e-03 1.055382525986715336e+00
5.378231889718355224e-03 1.055235592474705886e+00
4.308780853991467721e-03 1.055086850244616015e+00
3.242370061322464095e-03 1.054936473053123880e+00
2.179028898491659934e-03 1.054784543711422939e+00
1.118784557656256513e-03 1.054631158490687337e+00
6.168617347194907743e-05 1.054475816964042245e+00
-9.922538986363923109e-04 1.054319188398820328e+00
-2.042988839506265208e-03 1.054160745835247770e+00
-3.090489986213848517e-03 1.054000679699404364e+00
-4.134736719607201051e-03 1.053839286298626776e+00
-5.175678880891258771e-03 1.053675975295505607e+00
-6.213298504074100947e-03 1.053511256341414626e+00
-7.247557752281355223e-03 1.053344887489979564e+00
-8.278432562758388999e-03 1.053177092121006408e+00
-9.305881000483516227e-03 1.053007535117722160e+00
-1.032988070075162648e-02 1.052836538179654724e+00
-1.135039927245902643e-02 1.052664011496603047e+00
-1.236739819499560293e-02 1.052489756925806708e+00
-1.338086210239482036e-02 1.052314254261974558e+00
-1.439074160171774711e-02 1.052136892728151363e+00
-1.539701762709361904e-02 1.051958125112563369e+00
-1.639966301994602582e-02 1.051777975491682726e+00
-1.739863718986433411e-02 1.051596120107889831e+00
-1.839391394743213060e-02 1.051412757107230478e+00
-1.938546856502483540e-02 1.051228022107523641e+00
-2.037326871311227749e-02 1.051041792870038627e+00
-2.135727784470176777e-02 1.050853902838847276e+00
-2.233747348457167797e-02 1.050664620530262106e+00
-2.331383041883230631e-02 1.050474011735737401e+00
-2.428630922902653630e-02 1.050281754236815246e+00
-2.525488423439888400e-02 1.050088030366806979e+00
-2.621953214443193195e-02 1.049892991048320567e+00
-2.718022186516616534e-02 1.049696516656606793e+00
-2.813691721675361246e-02 1.049498420232080509e+00
-2.908960637329105828e-02 1.049299217143567331e+00
-3.003824036688615765e-02 1.049098236525751959e+00
-3.098280593284715584e-02 1.048896035525991755e+00
-3.192326873720647412e-02 1.048692365986069630e+00
-3.285960995481745917e-02 1.048487491547400285e+00
-3.379179064372160590e-02 1.048281041110394662e+00
-3.471978740011999465e-02 1.048073217579247762e+00
-3.564357802997939612e-02 1.047864152650199721e+00
-3.656313080388649828e-02 1.047653673786868023e+00
-3.747841850404749070e-02 1.047441807511549694e+00
-3.838942192849346263e-02 1.047228767481015010e+00
-3.929610366040341835e-02 1.047014205152347222e+00
-4.019844103943168157e-02 1.046798315165970994e+00
-4.109641116354124935e-02 1.046581188799815543e+00
-4.198999126950379163e-02 1.046362875163062034e+00
-4.287914581320890345e-02 1.046143079288249567e+00
-4.376385398522839726e-02 1.045922022058702883e+00
-4.464408861739709716e-02 1.045699654947659818e+00
-4.551983606485729417e-02 1.045476291774425581e+00
-4.639105324779180251e-02 1.045251353574666364e+00
-4.725772304737075463e-02 1.045025199890897927e+00
-4.811983038987787537e-02 1.044798061622217888e+00
-4.897733180552252263e-02 1.044569344316315984e+00
-4.983021714948562830e-02 1.044339583871326305e+00
-5.067845742483410160e-02 1.044108576933465704e+00
-5.152202756180253307e-02 1.043876320005034497e+00
-5.236091140386520126e-02 1.043643034168174832e+00
-5.319507293150636112e-02 1.043408333389207243e+00
-5.402449244175822757e-02 1.043172432564990926e+00
-5.484915210020187976e-02 1.042935485857677591e+00
-5.566902387652467032e-02 1.042697315450999307e+00
-5.648408787776569573e-02 1.042458035870616140e+00
-5.729431376441650875e-02 1.042217443215669226e+00
-5.809968723728159423e-02 1.041975836543552525e+00
-5.890018164124825872e-02 1.041733056485033559e+00
-5.969577320651330010e-02 1.041489095488233652e+00
-6.048644710364471655e-02 1.041244173286492991e+00
-6.127217029570387885e-02 1.040997944558816446e+00
-6.205292586126177207e-02 1.040750639532446398e+00
-6.282869150488874788e-02 1.040502238970988369e+00
-6.359944960260441316e-02 1.040252850042476584e+00
-6.436517662910673510e-02 1.040002378797887150e+00
-6.512584532636171708e-02 1.039750684944408921e+00
-6.588144501546994158e-02 1.039498112814001063e+00
-6.663194406710877538e-02 1.039244310812062144e+00
-6.737733227660749891e-02 1.038989638757590095e+00
-6.811757868704004792e-02 1.038733757753699471e+00
-6.885267352205662328e-02 1.038477027866354874e+00
-6.958258723311361305e-02 1.038219134823692880e+00
-7.030730394515487258e-02 1.037960263326968668e+00
-7.102680436090433314e-02 1.037700420171311588e+00
-7.174106783412245725e-02 1.037439575030199901e+00
-7.245007469977587933e-02 1.037177737270526423e+00
-7.315380574728755358e-02 1.036914922937145711e+00
-7.385224352650691937e-02 1.036651184063147824e+00
-7.454536253810535584e-02 1.036386345435625467e+00
-7.523315159039889455e-02 1.036120677139241941e+00
-7.591559108554594981e-02 1.035854104062387870e+00
-7.659265691997793613e-02 1.035586476006084222e+00
-7.726433354029269007e-02 1.035317931625001853e+00
-7.793060918032698736e-02 1.035048634927449251e+00
-7.859145579867621301e-02 1.034778261036545910e+00
-7.924686088855231736e-02 1.034507035879266290e+00
-7.989680963669354430e-02 1.034235014757254545e+00
-8.054127752176414023e-02 1.033961982619482800e+00
-8.118025650636724599e-02 1.033688244038909909e+00
-8.181372314444262939e-02 1.033413566085430446e+00
-8.244165985420870424e-02 1.033137978900957821e+00
-8.306405805816519106e-02 1.032861722663481974e+00
-8.368089395709471523e-02 1.032584536919070040e+00
-8.429215687245883437e-02 1.032306619457728836e+00
-8.489782664461149875e-02 1.032027832146771740e+00
-8.549789069564374400e-02 1.031748295463282838e+00
-8.609233589891827909e-02 1.031468055927595495e+00
-8.668114174641848579e-02 1.031186952265393808e+00
-8.726429835540427948e-02 1.030905169471432403e+00
-8.784178725144559108e-02 1.030622585250839718e+00
-8.841359679042189168e-02 1.030339309213918142e+00
-8.897971474199289910e-02 1.030055381510324830e+00
-8.954012222971984014e-02 1.029770656062426681e+00
-9.009481054404100409e-02 1.029485314003333096e+00
-9.064376366563436926e-02 1.029199263155591515e+00
-9.118696707847948058e-02 1.028912495013014405e+00
-9.172441077715925983e-02 1.028625118087592494e+00
-9.225608357533547632e-02 1.028337157112292566e+00
-9.278197103340128649e-02 1.028048543121882208e+00
-9.330205589143890366e-02 1.027759171125972371e+00
-9.381633140669463911e-02 1.027469251558470242e+00
-9.432479031045842843e-02 1.027178876487420789e+00
-9.482741172910894023e-02 1.026887751824063999e+00
-9.532418785096373470e-02 1.026596057072492574e+00
-9.581510876389008613e-02 1.026303829473496076e+00
-9.630016246741275598e-02 1.026011035438905816e+00
-9.677933809260010067e-02 1.025717686463227141e+00
-9.725262475139023755e-02 1.025423787815457732e+00
-9.772001293063939387e-02 1.025129376503048695e+00
-9.818148769403071963e-02 1.024834335450398370e+00
-9.863704597861969181e-02 1.024538902954014175e+00
-9.908667181115318745e-02 1.024242875404435260e+00
-9.953035924395711720e-02 1.023946401636406600e+00
-9.996809418171599682e-02 1.023649352376266197e+00
-1.003998724291984418e-01 1.023351910489284977e+00
-1.008256844953215464e-01 1.023054035011810914e+00
-1.012455174393774582e-01 1.022755619221394019e+00
-1.016593629588544850e-01 1.022456725711713421e+00
-1.020672132830361262e-01 1.022157399074488771e+00
-1.024690643099139681e-01 1.021857753323281104e+00
-1.028649028140987132e-01 1.021557617380350003e+00
-1.032547193269847396e-01 1.021256999626416251e+00
-1.036385075821543295e-01 1.020955984306538555e+00
-1.040162639710368320e-01 1.020654679989422497e+00
-1.043879767263834746e-01 1.020352936992467985e+00
-1.047536375787647828e-01 1.020050767919857604e+00
-1.051132399848144078e-01 1.019748222225260070e+00
-1.054667780839692870e-01 1.019445341705592867e+00
-1.058142460384566830e-01 1.019142147829072087e+00
-1.061556356481839214e-01 1.018838592271807508e+00
-1.064909395255232705e-01 1.018534671183478180e+00
-1.068201513011636933e-01 1.018230408096840511e+00
-1.071432679841270580e-01 1.017925899236595155e+00
-1.074602843699616617e-01 1.017621137378253549e+00
-1.077711908420744824e-01 1.017316008606038213e+00
-1.080759837817237001e-01 1.017010605908340359e+00
-1.083746580809834131e-01 1.016704938549753745e+00
-1.086672127698087992e-01 1.016399114609602305e+00
-1.089536405637820671e-01 1.016093030268223618e+00
-1.092339364343490743e-01 1.015786690012377758e+00
-1.095080969078326416e-01 1.015480134957368996e+00
-1.097761195653128991e-01 1.015173412029781730e+00
-1.100379997610796134e-01 1.014866489023149354e+00
-1.102937347503402388e-01 1.014559397357181147e+00
-1.105433200413948047e-01 1.014252109069045504e+00
-1.107867534799296394e-01 1.013944668611984401e+00
-1.110240322151426762e-01 1.013637080800409151e+00
-1.112551554035972612e-01 1.013329398225659927e+00
-1.114801183773398291e-01 1.013021551570485013e+00
-1.116989196857993694e-01 1.012713586610821892e+00
-1.119115578095312286e-01 1.012405524512798083e+00
-1.121180315638611591e-01 1.012097384228737962e+00
-1.123183392126996805e-01 1.011789161449422991e+00
-1.125124784520242088e-01 1.011480839821915279e+00
-1.127004489176938601e-01 1.011172459666789925e+00
-1.128822499197702639e-01 1.010864032999395867e+00
-1.130578815990443825e-01 1.010555586595641708e+00
-1.132273423112814537e-01 1.010247089217838568e+00
-1.133906322443543752e-01 1.009938571049833200e+00
-1.135477512806886413e-01 1.009630039547364078e+00
-1.136986993822994008e-01 1.009321500428041585e+00
-1.138434769993350720e-01 1.009012968754003481e+00
-1.139820847722490954e-01 1.008704456813942940e+00
-1.141145232094586126e-01 1.008395967451300113e+00
-1.142407933611743337e-01 1.008087515632634101e+00
-1.143608964793236260e-01 1.007779113884140099e+00
-1.144748334380471799e-01 1.007470759024249762e+00
-1.145826077715361158e-01 1.007162515963439198e+00
-1.146842204021702866e-01 1.006854351861664387e+00
-1.147796721714745144e-01 1.006546248277528921e+00
-1.148689667423358624e-01 1.006238266524388969e+00
-1.149521057427292797e-01 1.005930386386120645e+00
-1.150290953674189265e-01 1.005622711924392121e+00
-1.150999343459745972e-01 1.005315108540178359e+00
-1.151646261834860796e-01 1.005007628321966884e+00
-1.152231723184373030e-01 1.004700245648854739e+00
-1.152755793673471835e-01 1.004393077161265024e+00
-1.153218513321135480e-01 1.004086115813882296e+00
-1.153619908401381511e-01 1.003779323721647021e+00
-1.153960010302367972e-01 1.003472694727380654e+00
-1.154238834922398788e-01 1.003166187027858314e+00
-1.154456459797738865e-01 1.002859933816370175e+00
-1.154612937896512953e-01 1.002553940269210964e+00
-1.154708320982065495e-01 1.002248205962577465e+00
-1.154742626030258318e-01 1.001942643715861614e+00
-1.154715892321588888e-01 1.001637265700347834e+00
-1.154628212874289073e-01 1.001332212346015327e+00
-1.154479634989786924e-01 1.001027439575843170e+00
-1.154270225101790698e-01 1.000722973182021747e+00
-1.154000011737062042e-01 1.000418731293279739e+00
-1.153669051773571486e-01 1.000114743852004384e+00
-1.153277430944504023e-01 9.998110979674245113e-01
-1.152825234222848855e-01 9.995078352936650479e-01
-1.152312491635339581e-01 9.992048392921499822e-01
-1.151739262543490933e-01 9.989021250305440969e-01
-1.151105642117591504e-01 9.985997895646143707e-01
-1.150411705050509159e-01 9.982978302286921179e-01
-1.149657537523932904e-01 9.979962744119962315e-01
-1.148843182235902982e-01 9.976950271000141202e-01
-1.147968708442223124e-01 9.973941071798982927e-01
-1.147034223759760690e-01 9.970936199978839287e-01
-1.146039806758397950e-01 9.967935456096257418e-01
-1.144985546463723469e-01 9.964939001822176179e-01
-1.143871523025971060e-01 9.961946696108185950e-01
-1.142697795180419584e-01 9.958957933056213907e-01
-1.141464476715285670e-01 9.955973786040666074e-01
-1.140171671185141733e-01 9.952994535907642160e-01
-1.138819454697111988e-01 9.950019636893986386e-01
-1.137407920403907119e-01 9.947049242257777202e-01
-1.135937137125250379e-01 9.944082820303378201e-01
-1.134407220811158301e-01 9.941121283440295109e-01
-1.132818286394291218e-01 9.938165062439376918e-01
-1.131170433479578574e-01 9.935213989492779341e-01
-1.129463746177949562e-01 9.932267593346573165e-01
-1.127698314507463995e-01 9.929325786052055625e-01
-1.125874249200475574e-01 9.926389041492224008e-01
-1.123991678551106294e-01 9.923458035652785725e-01
-1.122050704681237382e-01 9.920532452220579556e-01
-1.120051432664120605e-01 9.917612206823277488e-01
-1.117993959243165636e-01 9.914697049028672327e-01
-1.115878406547384238e-01 9.911787488260708212e-01
-1.113704900121309238e-01 9.908883864619387749e-01
-1.111473552375660950e-01 9.905986019809394083e-01
-1.109184482429823593e-01 9.903094042399671615e-01
-1.106837805109512629e-01 9.900207869332968702e-01
-1.104433650257151123e-01 9.897327844498355898e-01
-1.101972144192060604e-01 9.894454051762824331e-01
-1.099453415407324192e-01 9.891586587403908837e-01
-1.096877592567317150e-01 9.888725503842684672e-01
-1.094244813813690237e-01 9.885871064221577464e-01
-1.091555206293144953e-01 9.883023125238064033e-01
-1.088808898845754214e-01 9.880181657575171084e-01
-1.086006038570824506e-01 9.877347103055250654e-01
-1.083146765529144212e-01 9.874519506626525667e-01
-1.080231222119322487e-01 9.871698949208627116e-01
-1.077259546640686322e-01 9.868885368779317657e-01
-1.074231888254231215e-01 9.866079005869188290e-01
-1.071148390272029377e-01 9.863279834520455314e-01
-1.068009206421636909e-01 9.860488102141322653e-01
-1.064814478921574936e-01 9.857703644710019697e-01
-1.061564360992328926e-01 9.854926655264767410e-01
-1.058259010278387729e-01 9.852157340924760920e-01
-1.054898554522556847e-01 9.849395057707515111e-01
-1.051483226242893587e-01 9.846642103003084845e-01
-1.048013108494738194e-01 9.843895888938565264e-01
-1.044488382149529881e-01 9.841157566979983340e-01
-1.040909205807564880e-01 9.838427156081774871e-01
-1.037275743886908741e-01 9.835704811165392192e-01
-1.033588150835897668e-01 9.832990360448325973e-01
-1.029846571138835903e-01 9.830283468938525449e-01
-1.026051209638811357e-01 9.827585478109557293e-01
-1.022202267923808111e-01 9.824896977320605185e-01
-1.018299859709398819e-01 9.822216064440978389e-01
-1.014344191106613252e-01 9.819544098291757006e-01
-1.010335442744636353e-01 9.816881121237364116e-01
-1.006273750227340558e-01 9.814226028827196524e-01
-1.002159317362827790e-01 9.811579973941687571e-01
-9.979922915366605529e-02 9.808942122457572355e-01
-9.937729067960220097e-02 9.806314223853731527e-01
-9.895012654505694338e-02 9.803693859431458213e-01
-9.851775711287906467e-02 9.801082352812167109e-01
-9.808020975127068608e-02 9.798482117144895476e-01
-9.763750067578620684e-02 9.795891570842234497e-01
-9.718963938354693854e-02 9.793308243502206745e-01
-9.673665079896993924e-02 9.790734756747760947e-01
-9.627855453264792807e-02 9.788171092934285777e-01
-9.581536822174989421e-02 9.785616749883543353e-01
-9.534710980545225978e-02 9.783071552008272276e-01
-9.487380123908858987e-02 9.780536415554127450e-01
-9.439545923441258757e-02 9.778010487748969304e-01
-9.391210640506533758e-02 9.775494817678578308e-01
-9.342376688259414197e-02 9.772990309362397099e-01
-9.293045926177075089e-02 9.770496030616259153e-01
-9.243220440644550617e-02 9.768012082617726355e-01
-9.192901638773424977e-02 9.765536817771954814e-01
-9.142091913694715133e-02 9.763071877330108395e-01
-9.090793376840515527e-02 9.760617377670464112e-01
-9.039008420688768308e-02 9.758174079596773076e-01
-8.986738554619623509e-02 9.755740155766433608e-01
-8.933985919496764683e-02 9.753316271216976308e-01
-8.880753670302928005e-02 9.750905293764803305e-01
-8.827043116961481861e-02 9.748504044669695778e-01
-8.772856418010131774e-02 9.746113056097380767e-01
-8.718195540976260427e-02 9.743732116604919558e-01
-8.663062713231400869e-02 9.741361770081219396e-01
-8.607460390260250616e-02 9.739002858753642577e-01
-8.551390740574156546e-02 9.736655086302492546e-01
-8.494856117538880647e-02 9.734318766703963233e-01
-8.437858055519102674e-02 9.731992009443443115e-01
-8.380399280271830231e-02 9.729676847744446189e-01
-8.322482966987691799e-02 9.727375421802786359e-01
-8.264110726334632229e-02 9.725084890409650962e-01
-8.205284511589798491e-02 9.722804689483649510e-01
-8.146006271528952181e-02 9.720534525730615272e-01
-8.086279157177983512e-02 9.718277258128794616e-01
-8.026105151167753360e-02 9.716031395179731689e-01
-7.965486636654629804e-02 9.713797192447963802e-01
-7.904425272411277903e-02 9.711572966756509828e-01
-7.842923712649588208e-02 9.709360365114937386e-01
-7.780984820752019637e-02 9.707160733954455223e-01
-7.718610873790236748e-02 9.704973280713677930e-01
-7.655803825463705636e-02 9.702796800681419143e-01
-7.592565632967619715e-02 9.700630700241403837e-01
-7.528899528985871781e-02 9.698477871307238374e-01
-7.464807697955652688e-02 9.696337139218980106e-01
-7.400293567796026317e-02 9.694211025351332500e-01
-7.335357878841873569e-02 9.692094071431190949e-01
-7.270003764345957242e-02 9.689989530616712754e-01
-7.204234048944005431e-02 9.687898257944382863e-01
-7.138051358655193857e-02 9.685820184391071841e-01
-7.071457233601044501e-02 9.683752560701068823e-01
-7.004454451453198671e-02 9.681697106121829322e-01
-6.937045706295251468e-02 9.679654471306953223e-01
-6.869233635953828077e-02 9.677624840940826090e-01
-6.801020802775961660e-02 9.675608118666656488e-01
-6.732408936956089940e-02 9.673602175924556068e-01
-6.663401260136510296e-02 9.671609677054235910e-01
-6.594000756801675356e-02 9.669631361330938146e-01
-6.524210576835222375e-02 9.667668011890244717e-01
-6.454031698311783749e-02 9.665714590777433335e-01
-6.383467195964448448e-02 9.663773820661285541e-01
-6.312520194430470966e-02 9.661847187636607437e-01
-6.241193955681127725e-02 9.659935778085853020e-01
-6.169489403347461209e-02 9.658034289349668455e-01
-6.097409935657107510e-02 9.656146256589858146e-01
-6.024958533608986561e-02 9.654272404315533684e-01
-5.952138755057643366e-02 9.652414536920317367e-01
-5.878951580888458484e-02 9.650567114178103534e-01
-5.805400106313126501e-02 9.648732651791629422e-01
-5.731487585296032167e-02 9.646912804493986693e-01
-5.657216562389256326e-02 9.645106626120962812e-01
-5.582589598420876348e-02 9.643313684280440112e-01
-5.507609484461600813e-02 9.641534338382937719e-01
-5.432279128906632171e-02 9.639769061444954934e-01
-5.356601458675883110e-02 9.638018136286512494e-01
-5.280579325962490161e-02 9.636281517500682181e-01
-5.204214416274040994e-02 9.634556265670126685e-01
-5.127510388071253311e-02 9.632845843469002300e-01
-5.050470192965983429e-02 9.631150215112234125e-01
-4.973097060451025370e-02 9.629470057409629247e-01
-4.895392507590823339e-02 9.627801427695216185e-01
-4.817359918172750555e-02 9.626147021443334229e-01
-4.739002228511033504e-02 9.624507067708282237e-01
-4.660322406541562296e-02 9.622881760071371193e-01
-4.581322280631898447e-02 9.621268346402434002e-01
-4.502005271052172269e-02 9.619669430392809861e-01
-4.422374624801694853e-02 9.618085880711119140e-01
-4.342433972470238074e-02 9.616519090667826619e-01
-4.262184581339373279e-02 9.614963848647659628e-01
-4.181629711825859269e-02 9.613422531680951844e-01
-4.100772725855205553e-02 9.611896582054749727e-01
-4.019616553120580055e-02 9.610385640331717827e-01
-3.938163634969613774e-02 9.608888305929350615e-01
-3.856416993921529118e-02 9.607405331485371347e-01
-3.774379861170092804e-02 9.605937615005002428e-01
-3.692055082097880220e-02 9.604484640962878128e-01
-3.609445862572648045e-02 9.603047052809267070e-01
-3.526554328559659141e-02 9.601622472513068329e-01
-3.443383867068494641e-02 9.600212863669530527e-01
-3.359937422023881459e-02 9.598818100364140404e-01
-3.276218019341214233e-02 9.597438324616308636e-01
-3.192228775015049091e-02 9.596073832633650325e-01
-3.107971918906096004e-02 9.594722557185350054e-01
-3.023451394117411886e-02 9.593387747761872308e-01
-2.938669712840761769e-02 9.592067451830218472e-01
-2.853630610547128535e-02 9.590763751321933483e-01
-2.768335948664749774e-02 9.589473002095927345e-01
-2.682789475123868728e-02 9.588198098336668806e-01
-2.596994545378134012e-02 9.586939505944905848e-01
-2.510953494426580029e-02 9.585694906734476550e-01
-2.424669534214051250e-02 9.584465333976823764e-01
-2.338145044495143834e-02 9.583249223832051022e-01
-2.251384014666317490e-02 9.582049818484867920e-01
-2.164389701873445718e-02 9.580866908401162174e-01
-2.077164305115325113e-02 9.579697743446187186e-01
-1.989711485211804326e-02 9.578544603105199062e-01
-1.902033535518515492e-02 9.577405208460285646e-01
-1.814134099724780055e-02 9.576281795886711912e-01
-1.726015801926763377e-02 9.575172934589222251e-01
-1.637682069908538707e-02 9.574079918389957200e-01
-1.549135711023288259e-02 9.573001843122760368e-01
-1.460379925429705628e-02 9.571939238718331078e-01
-1.371418475815909359e-02 9.570893776465583258e-01
-1.282253638194709618e-02 9.569862575320700060e-01
-1.192888115334195254e-02 9.568845261649971956e-01
-1.103326060717209692e-02 9.567845275423429996e-01
-1.013569792788258234e-02 9.566859749030244275e-01
-9.236223146657099661e-03 9.565888960349659964e-01
-8.334869538239867565e-03 9.564933859211429690e-01
-7.431665265604717532e-03 9.563993642587834687e-01
-6.526648492200953083e-03 9.563070409083884726e-01
-5.619852473824784797e-03 9.562163981088808162e-01
-4.711301321493519510e-03 9.561271983602495084e-01
-3.801018567263749620e-03 9.560393084384712914e-01
-2.889039745867063354e-03 9.559529617984092731e-01
-1.975399304801132763e-03 9.558682479866471571e-01
-1.060134999780588299e-03 9.557852944819007490e-01
-1.432740948548479184e-04 9.557039027318976476e-01
7.751526914963151587e-04 9.556240598212605297e-01
1.695118309271599882e-03 9.555456675803388755e-01
2.616593331984704875e-03 9.554687363364325892e-01
3.539543020018057120e-03 9.553934040814733297e-01
4.463933094312011983e-03 9.553197282974785765e-01
5.389730430695745256e-03 9.552477088532367322e-01
6.316898621716072332e-03 9.551774277652009815e-01
7.245418331986126954e-03 9.551084992399399010e-01
8.175255566843691105e-03 9.550410968626216190e-01
9.106380014211308202e-03 9.549752153612112160e-01
1.003875503652750835e-02 9.549110102367913688e-01
1.097234616784165638e-02 9.548485049496326926e-01
1.190711607921661995e-02 9.547877828045330251e-01
1.284304313377220529e-02 9.547284931524676610e-01
1.378010211246407518e-02 9.546705502230279361e-01
1.471825618231074190e-02 9.546142014794380959e-01
1.565747336095753284e-02 9.545594493876400355e-01
1.659772106997518468e-02 9.545063100824694446e-01
1.753896285721740292e-02 9.544548884742700690e-01
1.848116693843499664e-02 9.544051203207859491e-01
1.942430889139092759e-02 9.543567894505854410e-01
2.036835095713139879e-02 9.543101211958716634e-01
2.131326513048200158e-02 9.542649843782615715e-01
2.225901802356225131e-02 9.542214479762153312e-01
2.320557855418084112e-02 9.541794888367337579e-01
2.415290750536005712e-02 9.541392987529773162e-01
2.510097856461246044e-02 9.541006510092693294e-01
2.604976128442012401e-02 9.540635356235338538e-01
2.699922412209211989e-02 9.540279749840577805e-01
2.794934016199796326e-02 9.539938646084735741e-01
2.890007209540578631e-02 9.539614120831320099e-01
2.985138939397350560e-02 9.539305516914637906e-01
3.080325486270953442e-02 9.539014172414219672e-01
3.175563782364459325e-02 9.538739127114252980e-01
3.270850550863754064e-02 9.538480423449796630e-01
3.366183409276886362e-02 9.538235846832974207e-01
3.461558972902416959e-02 9.538006795493568779e-01
3.556973771421619718e-02 9.537794182589685033e-01
3.652424426526470341e-02 9.537598234673623221e-01
3.747908000558577285e-02 9.537417963397452070e-01
3.843421382867075187e-02 9.537253307068388475e-01
3.938961356148208692e-02 9.537104501472268847e-01
4.034523756493945540e-02 9.536974031012699360e-01
4.130106606275127379e-02 9.536857672194303248e-01
4.225706973292614466e-02 9.536755699694342558e-01
4.321321603468428196e-02 9.536669055548543383e-01
4.416946900961612327e-02 9.536599065182219670e-01
4.512579507341639429e-02 9.536545797781951217e-01
4.608216420953312187e-02 9.536508396002701948e-01
4.703854261983247270e-02 9.536487376567420737e-01
4.799490101581440488e-02 9.536481870429134311e-01
4.895120229700251208e-02 9.536493396058448591e-01
4.990742309623856510e-02 9.536519279361119761e-01
5.086353442876143105e-02 9.536559587690750517e-01
5.181950321046695923e-02 9.536615379559900685e-01
5.277529731964350490e-02 9.536686943626722091e-01
5.373088253202457087e-02 9.536774949859001538e-01
5.468622599845188864e-02 9.536879389463578383e-01
5.564129855033232708e-02 9.536999337902586360e-01
5.659606890462719198e-02 9.537134861518484774e-01
5.755050907214790540e-02 9.537285170019971225e-01
5.850458792750162784e-02 9.537450652312462474e-01
5.945827253428590670e-02 9.537631955601069134e-01
6.041153088896089596e-02 9.537829170272694723e-01
6.136433000194650017e-02 9.538042588030853919e-01
6.231664080262084432e-02 9.538271374987747908e-01
6.326843278464308606e-02 9.538515473129219879e-01
6.421967853188055575e-02 9.538774080896149643e-01
6.517034366127287537e-02 9.539048539240904123e-01
6.612040093909075933e-02 9.539337731306887225e-01
6.706981779301421365e-02 9.539642433313486602e-01
6.801856309325685079e-02 9.539962672736991278e-01
6.896660373755718332e-02 9.540298956434319910e-01
6.991391117620078532e-02 9.540650399697165884e-01
7.086045627725690021e-02 9.541016705725463565e-01
7.180620681099222913e-02 9.541398500569805430e-01
7.275113241815883702e-02 9.541795629634159948e-01
7.369520004508917088e-02 9.542208689225404328e-01
7.463838225797470027e-02 9.542636572532229300e-01
7.558064759746846439e-02 9.543079732533579218e-01
7.652196690865692430e-02 9.543537819610582451e-01
7.746230862246367144e-02 9.544011262494510595e-01
7.840164357629723912e-02 9.544499673929769390e-01
7.933994162570652542e-02 9.545003105753470107e-01
8.027717338484584297e-02 9.545521394232812096e-01
8.121330641758943425e-02 9.546055220071416603e-01
8.214830999483574425e-02 9.546604496865038758e-01
8.308215561667285642e-02 9.547168624114150681e-01
8.401481364940652230e-02 9.547747585014566551e-01
8.494625467468282232e-02 9.548341317329114286e-01
8.587644498854586639e-02 9.548950861339703389e-01
8.680535765635316592e-02 9.549575044858935602e-01
8.773296228138459385e-02 9.550214147312520163e-01
8.865923181435028666e-02 9.550867471555746224e-01
8.958413215878417712e-02 9.551536430810309009e-01
9.050763778689453753e-02 9.552219589518471388e-01
9.142971540249207607e-02 9.552918172000757213e-01
9.235033739252257456e-02 9.553631369633660553e-01
9.326947614150507548e-02 9.554358778712113143e-01
9.418709766224765689e-02 9.555101790311317789e-01
9.510317478726064422e-02 9.555859395043320159e-01
9.601767449551419642e-02 9.556632551599179015e-01
9.693057398780292877e-02 9.557419183868314239e-01
9.784184068858317596e-02 9.558220697880002170e-01
9.875144823786456694e-02 9.559036242760562407e-01
9.965936484946542884e-02 9.559866749620973270e-01
1.005655638993282058e-01 9.560711393485701315e-01
1.014700168027009158e-01 9.561570252040579865e-01
1.023726896789320662e-01 9.562444688103408641e-01
1.032735562383972072e-01 9.563333485326328542e-01
1.041725882758434973e-01 9.564236514442499004e-01
1.050697591865987074e-01 9.565153310673353282e-01
1.059650379901347639e-01 9.566084735593569643e-01
1.068583969659045591e-01 9.567030404995242598e-01
1.077498057444613577e-01 9.567990788999329865e-01
1.086392397519570924e-01 9.568964673766638951e-01
1.095266736441254801e-01 9.569951644982130912e-01
1.104120714539784526e-01 9.570954151168731272e-01
1.112954068148994946e-01 9.571971016495013362e-01
1.121766516225279342e-01 9.573002087481305988e-01
1.130557877095633573e-01 9.574044803122705449e-01
1.139327775767859097e-01 9.575102715896623984e-01
1.148075953461034915e-01 9.576174696759822691e-01
1.156802104565935740e-01 9.577261351898299635e-01
1.165506046521033040e-01 9.578359908212624729e-01
1.174187443088083455e-01 9.579472821070957878e-01
1.182846014698941683e-01 9.580599901404930341e-01
1.191481488716328863e-01 9.581740881408693511e-01
1.200093628268974061e-01 9.582894733029124756e-01
1.208682192630716468e-01 9.584061038611909611e-01
1.217246872195766605e-01 9.585241311320608082e-01
1.225787372633241473e-01 9.586435925864340568e-01
1.234303429607051666e-01 9.587644319727821607e-01
1.242794865550814615e-01 9.588864042410745192e-01
1.251261385467788145e-01 9.590096804421941457e-01
1.259702674093429731e-01 9.591343967710835861e-01
1.268118453789943423e-01 9.592605272583482057e-01
1.276508495326347248e-01 9.593879379022556275e-01
1.284872630132804228e-01 9.595164100490762848e-01
1.293210558291837953e-01 9.596461627410444173e-01
1.301521905605765861e-01 9.597774911997934977e-01
1.309806413847234285e-01 9.599102531103165248e-01
1.318063921702318508e-01 9.600441350315387368e-01
1.326294305181550393e-01 9.601788869317802178e-01
1.334497153883687226e-01 9.603150998246385850e-01
1.342672165112998584e-01 9.604527999531315974e-01
1.350819041276573318e-01 9.605919876817196057e-01
1.358937704250474943e-01 9.607321145201963564e-01
1.367027909981544387e-01 9.608733210465150165e-01
1.375089306731235306e-01 9.610159467631209651e-01
1.383121615193173282e-01 9.611599803408061859e-01
1.391124604272641896e-01 9.613052955858224502e-01
1.399098139116127515e-01 9.614515887982882925e-01
1.407041962351135711e-01 9.615990144257147154e-01
1.414955703547738086e-01 9.617479323354420906e-01
1.422839074053947328e-01 9.618983180162885560e-01
1.430691915121292956e-01 9.620498344538710445e-01
1.438514169606715520e-01 9.622020591274695889e-01
1.446305437326077525e-01 9.623556383794208413e-01
1.454065414879798235e-01 9.625106534194992625e-01
1.461793811982885494e-01 9.626671120661219883e-01
1.469490523800085491e-01 9.628245546041516167e-01
1.477155392829214986e-01 9.629828828433426580e-01
1.484788126691409249e-01 9.631423848802763699e-01
1.492388343396890138e-01 9.633034287905269943e-01
1.499955783834789613e-01 9.634658914146057018e-01
1.507490397500882429e-01 9.636291896561616221e-01
1.514991992722037051e-01 9.637933848892850097e-01
1.522460248241690184e-01 9.639588317596003986e-01
1.529894820760198670e-01 9.641257626976198480e-01
1.537295494534771656e-01 9.642939750264680754e-01
1.544662242322003554e-01 9.644628961592454086e-01
1.551994812732348239e-01 9.646328001678520225e-01
1.559292886884449392e-01 9.648039928177637448e-01
1.566556164185720634e-01 9.649765812697945755e-01
1.573784415115856983e-01 9.651504414236471430e-01
1.580977580538645288e-01 9.653250852689436723e-01
1.588135473346968529e-01 9.655005887277546828e-01
1.595257761061894541e-01 9.656773531906530650e-01
1.602344120449281373e-01 9.658555562409505413e-01
1.609394406522967058e-01 9.660348410503518668e-01
1.616408531070611942e-01 9.662148872701548097e-01
1.623386280848965746e-01 9.663958473032838725e-01
1.630327334144752172e-01 9.665780685262668204e-01
1.637231414219207926e-01 9.667616121910846960e-01
1.644098404652253320e-01 9.669461081270196434e-01
1.650928164651279673e-01 9.671314321800343894e-01
1.657720487001758392e-01 9.673176883279112070e-01
1.664475072994130722e-01 9.675051572971158365e-01
1.671191663114261483e-01 9.676938814623217144e-01
1.677870115341708601e-01 9.678835882766341214e-01
1.684510330529445932e-01 9.680740342830645995e-01
1.691112067758939741e-01 9.682654521818885307e-01
1.697675049740494657e-01 9.684580492511474237e-01
1.704199097422674503e-01 9.686516835342151577e-01
1.710684082984828547e-01 9.688461559758132502e-01
1.717129830303482652e-01 9.690414878053619230e-01
1.723536029510248091e-01 9.692380239998582558e-01
1.729902523912131007e-01 9.694355541093124806e-01
1.736229193175607421e-01 9.696338820100562916e-01
1.742515858822443198e-01 9.698330550020297647e-01
1.748762255747320360e-01 9.700333133029126476e-01
1.754968193151736078e-01 9.702345912545076168e-01
1.761133512778273735e-01 9.704367746750007795e-01
1.767258086814904872e-01 9.706397303600129423e-01
1.773341694832164250e-01 9.708436232509487507e-01
1.779384144672555568e-01 9.710484651385868915e-01
1.785385280555141507e-01 9.712541709769195730e-01
1.791344898839600797e-01 9.714608178914024839e-01
1.797262844131674031e-01 9.716683238296089931e-01
1.803138939586040879e-01 9.718767013929784371e-01
1.808973009192576253e-01 9.720859547942417578e-01
1.814764883210809032e-01 9.722960704656293807e-01
1.820514362145772003e-01 9.725071160094980183e-01
1.826221323451813483e-01 9.727189328537362289e-01
1.831885575962853008e-01 9.729316132633604175e-01
1.837506955556866273e-01 9.731451357607378005e-01
1.843085266611122763e-01 9.733595683588185388e-01
1.848620376211939920e-01 9.735747882914569384e-01
1.854112158097976915e-01 9.737907175447269026e-01
1.859560437195122151e-01 9.740074391435912249e-01
1.864965048436942885e-01 9.742249695813344212e-01
1.870325745309229792e-01 9.744435207240405017e-01
1.875642496187061026e-01 9.746626612815330049e-01
1.880915007561586305e-01 9.748828303185439470e-01
1.886143235000920793e-01 9.751036246750266479e-01
1.891327051976399165e-01 9.753250480129083133e-01
1.896466231799799618e-01 9.755473525620436126e-01
1.901560696554303598e-01 9.757702925088522772e-01
1.906610171766071615e-01 9.759942363390965436e-01
1.911614593637287751e-01 9.762188416055985751e-01
1.916573818881162905e-01 9.764441358072019073e-01
1.921487753610263416e-01 9.766700091949408469e-01
1.926356168380692346e-01 9.768967457854891290e-01
1.931178870975462647e-01 9.771243945199096226e-01
1.935955898663949126e-01 9.773524061528297002e-01
1.940687028078298959e-01 9.775811576546312720e-01
1.945372035188301096e-01 9.778108391664007693e-01
1.950010938941414140e-01 9.780409383145088897e-01
1.954603402387437849e-01 9.782720886562858986e-01
1.959149521971826624e-01 9.785035234812615723e-01
1.963649079477259585e-01 9.787356460911393885e-01
1.968101960204552137e-01 9.789683993414288743e-01
1.972507909366982282e-01 9.792021048787298287e-01
1.976866982602001888e-01 9.794361474659065703e-01
1.981178940636437180e-01 9.796709567609560576e-01
1.985443679308504517e-01 9.799064098144003587e-01
1.989661111743563915e-01 9.801424019336426596e-01
1.993831125710699703e-01 9.803789441630728074e-01
1.997953574260218079e-01 9.806161288218312455e-01
2.002028333411367544e-01 9.808539446471326029e-01
2.006055267407931830e-01 9.810924154462461466e-01
2.010034456796947477e-01 9.813310123646746819e-01
2.013965441887468344e-01 9.815708215701262063e-01
2.017848336381060648e-01 9.818109526651732644e-01
2.021683134938455084e-01 9.820512580531911562e-01
2.025469530551887998e-01 9.822924181071042149e-01
2.029207467919288965e-01 9.825341437491403873e-01
2.032896825856064238e-01 9.827764551467230714e-01
2.036537714254763320e-01 9.830187846907049165e-01
2.040129593494673932e-01 9.832624723596670169e-01
2.043672881744392766e-01 9.835057936696268710e-01
2.047167133665975802e-01 9.837500451449465722e-01
2.050612289563545909e-01 9.839949109426388008e-01
2.054008532712749968e-01 9.842396257124002013e-01
2.057355273081292735e-01 9.844857400489339661e-01
2.060652950591059518e-01 9.847314543641408902e-01
2.063901125187247443e-01 9.849780688056911648e-01
2.067099751487332382e-01 9.852252467667241831e-01
2.070249016097674977e-01 9.854722399715966086e-01
2.073348602977840571e-01 9.857199308994754050e-01
2.076398209601769129e-01 9.859687270040072837e-01
2.079398326800652452e-01 9.862168486188859218e-01
2.082348468161067390e-01 9.864658490224960108e-01
2.085248662771906070e-01 9.867152160982419762e-01
2.088098785388110279e-01 9.869650796227010803e-01
2.090899093839599931e-01 9.872145467967173849e-01
2.093648919802127417e-01 9.874654866061308711e-01
2.096348523808475306e-01 9.877165114012864677e-01
2.098998130837929077e-01 9.879670162410995049e-01
2.101597093870745114e-01 9.882188786526003854e-01
2.104145660096329029e-01 9.884708018764314374e-01
2.106644074965229319e-01 9.887221418800554718e-01
2.109091689806293357e-01 9.889748119514584213e-01
2.111488527600654252e-01 9.892280896039175042e-01
2.113835134512064562e-01 9.894803056375239825e-01
2.116130736777090127e-01 9.897339252702886947e-01
2.118375701493979135e-01 9.899873289570123580e-01
2.120569933788457873e-01 9.902408618564002563e-01
2.122713167224948017e-01 9.904951254510654390e-01
2.124805341380359425e-01 9.907499054510953140e-01
2.126847093974662262e-01 9.910033493538815685e-01
2.128837408975931267e-01 9.912586652878589977e-01
2.130776572599758223e-01 9.915142016984526130e-01
2.132665220943067430e-01 9.917682581050439872e-01
2.134502289370303063e-01 9.920242360985236374e-01
2.136288188684341005e-01 9.922801478782574680e-01
2.138023076089432817e-01 9.925356335404900143e-01
2.139706661858446213e-01 9.927916304618022991e-01
2.141338978232968926e-01 9.930478024086849542e-01
2.142919997020895084e-01 9.933041323486175855e-01
2.144449750828573142e-01 9.935604597692047069e-01
2.145927875971706256e-01 9.938176951408602688e-01
2.147354920654739041e-01 9.940740139769387307e-01
2.148730582715337178e-01 9.943306299510649149e-01
2.150054623194022352e-01 9.945879918929102503e-01
2.151326986421393250e-01 9.948458659921185498e-01
2.152548266671822641e-01 9.951025104840768298e-01
2.153717797349750940e-01 9.953602066613080890e-01
2.154836032416858616e-01 9.956172937769757203e-01
2.155902567696045824e-01 9.958750868046107874e-01
2.156917400911710359e-01 9.961332384772348947e-01
2.157880797057049604e-01 9.963909069893600590e-01
2.158792826813716870e-01 9.966481572171029812e-01
2.159653265913131504e-01 9.969057589741054937e-01
2.160461706910926094e-01 9.971645551066568025e-01
2.161218742617344035e-01 9.974224664013743302e-01
2.161924504042832540e-01 9.976796077510565741e-01
2.162578300728109082e-01 9.979380902764274364e-01
2.163180526891980981e-01 9.981962578426248900e-01
2.163731538955895040e-01 9.984533768756178596e-01
2.164230623725562352e-01 9.987117546277312075e-01
2.164678305632700417e-01 9.989694506601112245e-01
2.165074139614223403e-01 9.992279184903390954e-01
2.165418872757529922e-01 9.994849045009940314e-01
2.165711792219167930e-01 9.997429317104931101e-01
2.165953398575935773e-01 1.000000228077417619e+00
2.166143374517843501e-01 1.000257952298029940e+00
2.166281725399620828e-01 1.000515877058662184e+00
2.166368881849512207e-01 1.000772825518693399e+00
2.166404600804911484e-01 1.001029893484939093e+00
2.166388883706109048e-01 1.001287017603566420e+00
2.166321758983122125e-01 1.001544098723341047e+00
2.166203286037182985e-01 1.001801009840609602e+00
2.166033537334545178e-01 1.002057654790989849e+00
2.165812663250790970e-01 1.002313790718970976e+00
2.165540374806907142e-01 1.002570394583285784e+00
2.165217034746279856e-01 1.002826325557302001e+00
2.164842385106620359e-01 1.003082564991890635e+00
2.164416802908347148e-01 1.003338016105718822e+00
2.163940083357918931e-01 1.003593585043020653e+00
2.163412323665259429e-01 1.003848969867249696e+00
2.162833584447898250e-01 1.004104111091118634e+00
2.162203939099160144e-01 1.004358947031495530e+00
2.161523509030462142e-01 1.004613326801583550e+00
2.160792144915229529e-01 1.004867851802964340e+00
2.160010096018415149e-01 1.005121826257609152e+00
2.159177269722943882e-01 1.005375756981573332e+00
2.158293722386301905e-01 1.005629524946481945e+00
2.157359686187738379e-01 1.005882631083740320e+00
2.156375101804183514e-01 1.006135554614848049e+00
2.155340056393570680e-01 1.006388168948046946e+00
2.154254470430057300e-01 1.006640827496897650e+00
2.153118525536979466e-01 1.006893054095234330e+00
2.151932449538025982e-01 1.007144495159091546e+00
2.150696098566176606e-01 1.007395903123259773e+00
2.149409448030366598e-01 1.007647356015245910e+00
2.148072760201911180e-01 1.007898175692852227e+00
2.146686130371065759e-01 1.008148440537630197e+00
2.145249525415791336e-01 1.008398510771091772e+00
2.143762961213446228e-01 1.008648444005499023e+00
2.142226614999433731e-01 1.008897865651871228e+00
2.140640552821124198e-01 1.009146866385799868e+00
2.139004846999162657e-01 1.009395475861894376e+00
2.137319517422222592e-01 1.009643839987388159e+00
2.135584685410336914e-01 1.009891778137498974e+00
2.133800461814064353e-01 1.010139226173521365e+00
2.131966878779192887e-01 1.010386348788030020e+00
2.130084037851437406e-01 1.010633054827494437e+00
2.128152026681530695e-01 1.010879333452605167e+00
2.126170919347431520e-01 1.011125213175640969e+00
2.124140817804010262e-01 1.011370638560464830e+00
2.122061819461217025e-01 1.011615593251306233e+00
2.119933994503670205e-01 1.011860137133611115e+00
2.117757423724762056e-01 1.012104273628166906e+00
2.115532218353970428e-01 1.012347928355153082e+00
2.113258481695781121e-01 1.012591083937140812e+00
2.110936295787219086e-01 1.012833784854066277e+00
2.108565757357702963e-01 1.013076016614914643e+00
2.106146958684454729e-01 1.013317783104668690e+00
2.103679993153406702e-01 1.013559083494044888e+00
2.101165016758156368e-01 1.013799760849239062e+00
2.098602111393501335e-01 1.014039921950348200e+00
2.095991357420869117e-01 1.014279624020845594e+00
2.093332866207654464e-01 1.014518818157550406e+00
2.090626701614198835e-01 1.014757598676505168e+00
2.087873094732311252e-01 1.014995594657062128e+00
2.085072093468622323e-01 1.015233078601843753e+00
2.082223764896673213e-01 1.015470138844885462e+00
2.079328295560621820e-01 1.015706520876661578e+00
2.076385699971386445e-01 1.015942527525510064e+00
2.073396309254498804e-01 1.016177518669064916e+00
2.070360058053342389e-01 1.016412165451514360e+00
2.067277002965443033e-01 1.016646498559596656e+00
2.064147368318199893e-01 1.016880114011996739e+00
2.060971343265347866e-01 1.017112897752219247e+00
2.057749064744229250e-01 1.017344923292996972e+00
2.054480550091373481e-01 1.017576526392728997e+00
2.051165970738867694e-01 1.017807489691719747e+00
2.047805347262613429e-01 1.018038081650586069e+00
2.044398925191604766e-01 1.018267874116905780e+00
2.040946929711907609e-01 1.018496703871786702e+00
2.037449256840464240e-01 1.018725312228592861e+00
2.033906081131658938e-01 1.018953373500400161e+00
2.030316183102450489e-01 1.019184209937312069e+00
2.026683739116869332e-01 1.019405993046699432e+00
2.023006093586348919e-01 1.019629888463741585e+00
2.019282815389989716e-01 1.019855917836859582e+00
2.015514819061026974e-01 1.020080727854927538e+00
2.011702452662932905e-01 1.020304058036789696e+00
2.007845870888498030e-01 1.020526261568572846e+00
2.003944953087022085e-01 1.020748203402067400e+00
1.999999992663206438e-01 1.020969280874663543e+00
1.996010946444222722e-01 1.021190034098881982e+00
1.991976522787356763e-01 1.021413854305696534e+00
1.987900479194550096e-01 1.021629814248955936e+00
1.983781431097074444e-01 1.021845305482258048e+00
1.979618478957372307e-01 1.022062811204474730e+00
1.975409813219040911e-01 1.022285848062157054e+00
1.971161498414224222e-01 1.022496489157211252e+00
1.966870570583221789e-01 1.022708342270202575e+00
1.962535932429139707e-01 1.022923544634397386e+00
1.958158003111099832e-01 1.023139373726389190e+00
1.953738457820623498e-01 1.023351328203476296e+00
1.949277492655532851e-01 1.023560855128555769e+00
1.944771592503094781e-01 1.023777956059463978e+00
1.940226683045936096e-01 1.023984029786719763e+00
1.935639307085528227e-01 1.024193232908470641e+00
1.931011097342372751e-01 1.024399918926214514e+00
1.926341054635993810e-01 1.024607844343145446e+00
1.921629555470633355e-01 1.024815448199064560e+00
1.916877744278998319e-01 1.025020030192710818e+00
1.912082585008652302e-01 1.025230691386310955e+00
1.907249107737598037e-01 1.025431816984881728e+00
1.902375919883242672e-01 1.025631656242420142e+00
1.897461794689974668e-01 1.025833919218470669e+00
1.892506464662475907e-01 1.026038062792073102e+00
1.887512486720892002e-01 1.026236754364087345e+00
1.882478717329212348e-01 1.026435578775333646e+00
1.877405429904071277e-01 1.026633786064610199e+00
1.872292119424240342e-01 1.026832947345972968e+00
1.867138225555736164e-01 1.027033986458337544e+00
1.861948333382597021e-01 1.027224501776107024e+00
1.856719642437077988e-01 1.027416756365941986e+00
1.851451149937800855e-01 1.027612387545254302e+00
1.846143462949176028e-01 1.027808189358279778e+00
1.840797186777250460e-01 1.028002563223044730e+00
1.835415054810713986e-01 1.028189389641954499e+00
1.829995317497293550e-01 1.028376816218619316e+00
1.824536767716083974e-01 1.028567560676424408e+00
1.819040962593281296e-01 1.028756071259309790e+00
1.813505262254102857e-01 1.028950064591692026e+00
1.807936344580569898e-01 1.029130104593769079e+00
1.802330783124483360e-01 1.029311734051191918e+00
1.796687459717702107e-01 1.029496953656639624e+00
1.791006593448717377e-01 1.029683420614872169e+00
1.785288868936953655e-01 1.029868799700935922e+00
1.779537820244614377e-01 1.030044799695406743e+00
1.773750988912475846e-01 1.030222256292140148e+00
1.767928010567030306e-01 1.030401352123774483e+00
1.762066602512193936e-01 1.030586974313069115e+00
1.756173012501539288e-01 1.030760240297262209e+00
1.750245137650396632e-01 1.030932585390578859e+00
1.744282085710790464e-01 1.031106700658395825e+00
1.738283034045078890e-01 1.031283757607567519e+00
1.732249454840835701e-01 1.031458604928482403e+00
1.726183591147389118e-01 1.031626739811948301e+00
1.720084139525284994e-01 1.031794777075325520e+00
1.713950631145225445e-01 1.031963937601902082e+00
1.707780999116900456e-01 1.032138826985854241e+00
1.701580643514900293e-01 1.032303080612018364e+00
1.695348037912776940e-01 1.032465832425408347e+00
1.689082047922413621e-01 1.032630669302703641e+00
1.682783662076019759e-01 1.032794077381427256e+00
1.676449693115425743e-01 1.032964739206289506e+00
1.670087285650489473e-01 1.033121166379576517e+00
1.663693649719577561e-01 1.033277451131158653e+00
1.657267132831968803e-01 1.033437795898692224e+00
1.650809306657759212e-01 1.033596241498961010e+00
1.644318631214016502e-01 1.033757587472928119e+00
1.637799031703314756e-01 1.033910570627309289e+00
1.631249147767132313e-01 1.034062773268201285e+00
1.624668713676729048e-01 1.034215249974199669e+00
1.618056172405986093e-01 1.034371756278047894e+00
1.611414711722194970e-01 1.034522307962592924e+00
1.604744722272701540e-01 1.034668905719120957e+00
1.598044763895296039e-01 1.034817126917164876e+00
1.591315715727868452e-01 1.034963961991241854e+00
1.584554812541134894e-01 1.035117017076545576e+00
1.577768224570353928e-01 1.035257756579316402e+00
1.570953383877990994e-01 1.035398758134656649e+00
1.564109671270478286e-01 1.035541438700201100e+00
1.557237887813163468e-01 1.035682956107478292e+00
1.550336062910119550e-01 1.035828818425439612e+00
1.543409498187756357e-01 1.035963599132718294e+00
1.536455923951162705e-01 1.036098513271934030e+00
1.529474394030274076e-01 1.036235859552279370e+00
1.522465945717598190e-01 1.036371828671920126e+00
1.515431248550947185e-01 1.036505435366678496e+00
1.508370299449348084e-01 1.036637868551427921e+00
1.501283438760345201e-01 1.036768864112311617e+00
1.494170995270544811e-01 1.036898318894747817e+00
1.487033095421350648e-01 1.037026687184449791e+00
1.479868464959097629e-01 1.037157697861948336e+00
1.472680393924025721e-01 1.037281804632744775e+00
1.465467835623169568e-01 1.037405076182603247e+00
1.458230626591976165e-01 1.037528338783376025e+00
1.450968750358163917e-01 1.037651638090309358e+00
1.443682633133625270e-01 1.037773890220592410e+00
1.436373721839291073e-01 1.037892001460222868e+00
1.429041430514849387e-01 1.038009507155306821e+00
1.421685602494189848e-01 1.038127101743392844e+00
1.414305520898173352e-01 1.038246532975828584e+00
1.406904663353900908e-01 1.038358188462686238e+00
1.399481679597208150e-01 1.038469331737165602e+00
1.392036664158697312e-01 1.038579982578950567e+00
1.384566734519621922e-01 1.038697593501254790e+00
1.377077557252078255e-01 1.038804518033577651e+00
1.369568132597922538e-01 1.038908598766268732e+00
1.362037295030408268e-01 1.039014171416010379e+00
1.354485057743249898e-01 1.039120457039991896e+00
1.346912115149822842e-01 1.039225363117654677e+00
1.339319125735159710e-01 1.039327933209576393e+00
1.331706514881695613e-01 1.039428271852538943e+00
1.324074385032633916e-01 1.039527238663014774e+00
1.316423020799115107e-01 1.039624808029395053e+00
1.308750497262113621e-01 1.039726490971291994e+00
1.301061229812298103e-01 1.039819192224275657e+00
1.293353428529453175e-01 1.039911877433341347e+00
1.285627049128949817e-01 1.040004665332020073e+00
1.277882221443567834e-01 1.040097179993555887e+00
1.270119423745509624e-01 1.040188362356014640e+00
1.262339813323948290e-01 1.040275985346001519e+00
1.254543027640807606e-01 1.040362734994942917e+00
1.246729292589585369e-01 1.040448483239617916e+00
1.238897296055828240e-01 1.040537011068292550e+00
1.231050855197350496e-01 1.040617385794431193e+00
1.223188475795191632e-01 1.040697419516703359e+00
1.215310118357581792e-01 1.040777381466467144e+00
1.207414604677164993e-01 1.040860253048366380e+00
1.199505324550670937e-01 1.040936104954508945e+00
1.191581476578129489e-01 1.041010450522699138e+00
1.183642521419215055e-01 1.041085391272726479e+00
1.175689204703119772e-01 1.041158765540692199e+00
1.167720356222277517e-01 1.041234282086542562e+00
1.159739487731439173e-01 1.041302090384457868e+00
1.151745125305573408e-01 1.041369729370984265e+00
1.143737345117585985e-01 1.041437093269551362e+00
1.135715402095386767e-01 1.041506182304364314e+00
1.127681570543330319e-01 1.041570448146414085e+00
1.119635825902526166e-01 1.041632363789308124e+00
1.111577908973974821e-01 1.041693752330123290e+00
1.103508249402186669e-01 1.041753803208622875e+00
1.095425192935636921e-01 1.041817320884776521e+00
1.087332852317893367e-01 1.041872290100837928e+00
1.079229729707659874e-01 1.041926729690093367e+00
1.071115482145281600e-01 1.041981761865083067e+00
1.062990735212967636e-01 1.042035526377417254e+00
1.054855948040637897e-01 1.042087509233623699e+00
1.046710606481600775e-01 1.042139886628495438e+00
1.038556663861455315e-01 1.042187577978701984e+00
1.030393699669992918e-01 1.042233977582097904e+00
1.022221635888059116e-01 1.042279926359974462e+00
1.014040507055722629e-01 1.042325563374919106e+00
1.005850536713479987e-01 1.042370485657156731e+00
9.976536129611968118e-02 1.042410330323377154e+00
9.894489048742702297e-02 1.042449713493095675e+00
9.812364797800561533e-02 1.042488697596173797e+00
9.730164350861893185e-02 1.042527238646844712e+00
9.647892060520536772e-02 1.042564470022852241e+00
9.565562347177421210e-02 1.042597441461295515e+00
9.483169713951761226e-02 1.042629657151153522e+00
9.400716897302584252e-02 1.042660810851961939e+00
9.318189936644233340e-02 1.042694923704659438e+00
9.235626036037136721e-02 1.042721215118194378e+00
9.153011364611374212e-02 1.042747053529628598e+00
9.070344037705532769e-02 1.042773136605365414e+00
8.987628028166001759e-02 1.042798348801656116e+00
8.904870945610884880e-02 1.042821223153697963e+00
8.822074145208487483e-02 1.042842589791539210e+00
8.739235936501794921e-02 1.042863625186533527e+00
8.656371636755476329e-02 1.042880665643937332e+00
8.573474710534177701e-02 1.042897342491384105e+00
8.490549676381561883e-02 1.042912707897936775e+00
8.407591345383000347e-02 1.042928714812699553e+00
8.324617553083865640e-02 1.042940583595224124e+00
8.241628090585904898e-02 1.042950435536192932e+00
8.158618971714491630e-02 1.042960275600040454e+00
8.075594182269520138e-02 1.042969113275353799e+00
7.992561868137261494e-02 1.042975413284832342e+00
7.909512103284639661e-02 1.042982925969662134e+00
7.826468527570795697e-02 1.042985135027382881e+00
7.743424013851248067e-02 1.042986474057668866e+00
7.660377498787827866e-02 1.042987643908780404e+00
7.577333153199010407e-02 1.042987686465685515e+00
7.494300001272825862e-02 1.042984909328479759e+00
7.411269835472661383e-02 1.042982774228371712e+00
7.328257277800875880e-02 1.042977304646223180e+00
7.245265257040540974e-02 1.042969435627286057e+00
7.162288433629417084e-02 1.042961701780515060e+00
7.079330828126280395e-02 1.042953030380132651e+00
6.996401395420157043e-02 1.042941651480687959e+00
6.913493856953362160e-02 1.042930488471133454e+00
6.830622358986868092e-02 1.042915896841281276e+00
6.747784726528555099e-02 1.042900134649309640e+00
6.664981570277594969e-02 1.042883634501485801e+00
6.582217033744687529e-02 1.042865729498060334e+00
6.499496861376426182e-02 1.042845685955186230e+00
6.416816812321364527e-02 1.042825633355449533e+00
6.334185977392657596e-02 1.042803303523992087e+00
6.251611474246011879e-02 1.042778055662748171e+00
6.169088797240828564e-02 1.042752475196760731e+00
6.086620448393766786e-02 1.042726102924236731e+00
6.004212092830173847e-02 1.042697918467107465e+00
5.921868739412907562e-02 1.042667575701961002e+00
5.839580670490823050e-02 1.042638583195592439e+00
5.757371383849887309e-02 1.042604391372120798e+00
5.675232954866125251e-02 1.042569581046091765e+00
5.593165080767543290e-02 1.042534537161782238e+00
5.511173232927419480e-02 1.042498008655012853e+00
5.429263332919154889e-02 1.042459257443663301e+00
5.347427789623136751e-02 1.042421292659927001e+00
5.265684139625087523e-02 1.042379336943566770e+00
5.184030941282394972e-02 1.042335746171547228e+00
5.102466068991778209e-02 1.042291869272518490e+00
5.020991675392160597e-02 1.042247311150254374e+00
4.939615481303812755e-02 1.042200482211304902e+00
4.858341199987419035e-02 1.042151589548841573e+00
4.777161319075091256e-02 1.042103543116593478e+00
4.696093976000671744e-02 1.042051385440992295e+00
4.615133866393872353e-02 1.041998498236286874e+00
4.534280602441021629e-02 1.041945343220447073e+00
4.453541551812553734e-02 1.041890212381431313e+00
4.372920327475762758e-02 1.041833190389004127e+00
4.292416316822757899e-02 1.041775375971844220e+00
4.212035752787459536e-02 1.041715607108837371e+00
4.131771121635099964e-02 1.041656739456599423e+00
4.051642383168718720e-02 1.041593332458985888e+00
3.971643741002812977e-02 1.041529104885060342e+00
3.891773739145145544e-02 1.041464831021037707e+00
3.812039630208241547e-02 1.041398720858835780e+00
3.732446335356612993e-02 1.041330462256415679e+00
3.652987036212976268e-02 1.041262834028207740e+00
3.573678343816090452e-02 1.041191368227416092e+00
3.494516292289445714e-02 1.041118975109459832e+00
3.415500250639851715e-02 1.041046276081219135e+00
3.336635745599848130e-02 1.040972042414701315e+00
3.257927689463974846e-02 1.040895813355409816e+00
3.179372558221409822e-02 1.040819467602436932e+00
3.100981687390209907e-02 1.040740229623109192e+00
3.022753635966187249e-02 1.040659905781651018e+00
2.944689486059428804e-02 1.040578768481605909e+00
2.866791877319297549e-02 1.040496564539926672e+00
2.789065846047327629e-02 1.040412568202046639e+00
2.711515570761401442e-02 1.040326631036595728e+00
2.634133649080222170e-02 1.040241574052683360e+00
2.556936300432833056e-02 1.040152902302279747e+00
2.479921155371325042e-02 1.040063015530607649e+00
2.403089350467753349e-02 1.039972237105287522e+00
2.326440927452762611e-02 1.039881002420482314e+00
2.249981637185828609e-02 1.039788101891065519e+00
2.173717512881826602e-02 1.039692860135624120e+00
2.097641076043784900e-02 1.039598317391413396e+00
2.021767131052609398e-02 1.039500423057591272e+00
1.946092525228221987e-02 1.039401641098983253e+00
1.870617823807712785e-02 1.039302274018709671e+00
1.795347076930885882e-02 1.039201601842652423e+00
1.720285142153123170e-02 1.039099062729857526e+00
1.645429817057003988e-02 1.038996140753049469e+00
1.570789685551496687e-02 1.038890881366992369e+00
1.496364645023850852e-02 1.038784478929498434e+00
1.422155659394206718e-02 1.038677263986250932e+00
1.348165244797543648e-02 1.038569013756382109e+00
1.274397972193997558e-02 1.038459103143168472e+00
1.200857262963887784e-02 1.038347506993202440e+00
1.127537274781436651e-02 1.038236528656304891e+00
1.054451562982865534e-02 1.038122470391885876e+00
9.815996073326789528e-03 1.038007002222580244e+00
9.089821223305300998e-03 1.037890650475918219e+00
8.365971439978400759e-03 1.037774347935222385e+00
7.644536540032266687e-03 1.037655824580355324e+00
6.925540968887714845e-03 1.037535579682882236e+00
6.208935308830362820e-03 1.037415709456965596e+00
5.494845065828982827e-03 1.037292888917608069e+00
4.783237872596263554e-03 1.037169402403712803e+00
4.074137467353486017e-03 1.037044989447016619e+00
3.367570264854847974e-03 1.036919452900064931e+00
2.663563943332002658e-03 1.036792662602194381e+00
1.962151021045523049e-03 1.036664432472349962e+00
1.263286474500938724e-03 1.036536608013880478e+00
5.671153328650325011e-04 1.036405360661928787e+00
-1.264022260689723126e-04 1.036273397418405295e+00
-8.172633299193032873e-04 1.036141004419551592e+00
-1.505434383398235407e-03 1.036007556660839768e+00
-2.190887288879809266e-03 1.035872879081549902e+00
-2.873589305697748977e-03 1.035736768075314229e+00
-3.553525974834578164e-03 1.035599578880168625e+00
-4.230664562434546284e-03 1.035461032244174406e+00
-4.905055238190640134e-03 1.035323061130080324e+00
-5.576580605914302491e-03 1.035182442872222497e+00
-6.245222090386933975e-03 1.035040036662017826e+00
-6.910996639754755227e-03 1.034897160179295117e+00
-7.573918768391495193e-03 1.034754411419656961e+00
-8.233907700725181383e-03 1.034609707132261303e+00
-8.890938479338000855e-03 1.034463401145542027e+00
-9.545043292408777330e-03 1.034317099013631225e+00
-1.019614008933584018e-02 1.034168747544083056e+00
-1.084424659202023675e-02 1.034019814453242203e+00
-1.148933318625308501e-02 1.033869850196533102e+00
-1.213137943358800347e-02 1.033718859395730272e+00
-1.277036917995643533e-02 1.033566951471166728e+00
-1.340626933728552260e-02 1.033413757782901454e+00
-1.403904865155558221e-02 1.033259139862293008e+00
-1.466878322480488599e-02 1.033105712376469976e+00
-1.529531238395856994e-02 1.032948863281167862e+00
-1.591867396921496994e-02 1.032791249386084687e+00
-1.653885613642618047e-02 1.032632956987413309e+00
-1.715587482089249438e-02 1.032474723719455145e+00
-1.776966001176175092e-02 1.032314769745549921e+00
-1.838019378657954409e-02 1.032153507357310707e+00
-1.898748495860216878e-02 1.031991811093311728e+00
-1.959148695468843071e-02 1.031828733562903277e+00
-2.019219596392749644e-02 1.031664870126519196e+00
-2.078959514380196091e-02 1.031500192674212002e+00
-2.138366419281183262e-02 1.031334600676443447e+00
-2.197438141730077149e-02 1.031168009064536095e+00
-2.256172559819196247e-02 1.031000387168638621e+00
-2.314566652405264727e-02 1.030831494844927310e+00
-2.372626591544051838e-02 1.030663510321251364e+00
-2.430338751180210685e-02 1.030492573183756200e+00
-2.487705906315967538e-02 1.030320853489907984e+00
-2.544727558901821104e-02 1.030148618005508165e+00
-2.601404635627277764e-02 1.029976356298209161e+00
-2.657730647332132851e-02 1.029802459189409047e+00
-2.713703664281555752e-02 1.029627261946151062e+00
-2.769327404685157160e-02 1.029452344188066748e+00
-2.824593041340048988e-02 1.029275359371847109e+00
-2.879502135126632209e-02 1.029097731246660041e+00
-2.934055449708544011e-02 1.028919972382898784e+00
-2.988248406695158052e-02 1.028741003552193556e+00
-3.042078825231513475e-02 1.028560884524276409e+00
-3.095547776119270816e-02 1.028380458098168360e+00
-3.148650815812417680e-02 1.028198767086461629e+00
-3.201387590018986429e-02 1.028016355208963617e+00
-3.253756855713563212e-02 1.027833272142216758e+00
-3.305757522710536800e-02 1.027649580934442586e+00
-3.357386768584243175e-02 1.027464880049738793e+00
-3.408643283724380191e-02 1.027279346923994474e+00
-3.459524561078330257e-02 1.027092770914575404e+00
-3.510036404111609165e-02 1.026907124329698107e+00
-3.560165609417538513e-02 1.026718641605422144e+00
-3.609915897884148628e-02 1.026529671033454383e+00
-3.659287448312371210e-02 1.026340501237873681e+00
-3.708279427873448914e-02 1.026151023623296910e+00
-3.756888501413273990e-02 1.025960558310695436e+00
-3.805111628604759128e-02 1.025768839067309868e+00
-3.852953146867098971e-02 1.025577577213330649e+00
-3.900404829161542575e-02 1.025384487294366931e+00
-3.947468078867774621e-02 1.025190834187832412e+00
-3.994144522009094450e-02 1.024997305993337049e+00
-4.040429991337772531e-02 1.024802798442928875e+00
-4.086322328321311675e-02 1.024607261581439888e+00
-4.131824330715022642e-02 1.024411909503238460e+00
-4.176929149849455819e-02 1.024214937649318369e+00
-4.221639034504871824e-02 1.024017718102604002e+00
-4.265953192687313433e-02 1.023820176711003116e+00
-4.309868381664157255e-02 1.023621663713803365e+00
-4.353384598381816739e-02 1.023422664150407169e+00
-4.396501121852540439e-02 1.023223241056975485e+00
-4.439215072773158161e-02 1.023022886372733087e+00
-4.481531013711076428e-02 1.022823206534936968e+00
-4.523439017476800494e-02 1.022621382322990380e+00
-4.564941486481642607e-02 1.022419086526796583e+00
-4.606038882550295838e-02 1.022216670394652249e+00
-4.646731479001259962e-02 1.022014262424157938e+00
-4.687015396239632009e-02 1.021810888635762860e+00
-4.726888686545064472e-02 1.021606545008330258e+00
-4.766355980091184497e-02 1.021402874004785799e+00
-4.805408154767901868e-02 1.021197258785663031e+00
-4.844050187845991978e-02 1.020991915776444658e+00
-4.882279142206079336e-02 1.020785974592334888e+00
-4.920094138605038414e-02 1.020579514509997843e+00
-4.957494182586869025e-02 1.020372546364547217e+00
-4.994478276974501085e-02 1.020165074893272461e+00
-5.031045490544589632e-02 1.019957118953249031e+00
-5.067196629262219615e-02 1.019749122270122710e+00
-5.102927315370946876e-02 1.019540010776333938e+00
-5.138239024005220035e-02 1.019330710660826034e+00
-5.173130525787261735e-02 1.019121008890014224e+00
-5.207600914436612272e-02 1.018910879721435458e+00
-5.241648917839122901e-02 1.018700218825436155e+00
-5.275273663373146460e-02 1.018489073910314735e+00
-5.308477592694483410e-02 1.018278297399582311e+00
-5.341253794550483713e-02 1.018065977277882173e+00
-5.373605125119429449e-02 1.017853599395268427e+00
-5.405531509085585717e-02 1.017641173803264021e+00
-5.437030941797963562e-02 1.017428223193817427e+00
-5.468101939927552668e-02 1.017214639243396945e+00
-5.498748942592168731e-02 1.017001848401943187e+00
-5.528962825403153925e-02 1.016787173017808632e+00
-5.558747107363526396e-02 1.016572435113088257e+00
-5.588101966795958053e-02 1.016357710528742908e+00
-5.617026700855089899e-02 1.016142816893245149e+00
-5.645518877628213916e-02 1.015927230753994381e+00
-5.673580877217813262e-02 1.015711893388487885e+00
-5.701209514408065587e-02 1.015495884105897861e+00
-5.728403301794493530e-02 1.015279167013646733e+00
-5.755163864617132002e-02 1.015062502326573801e+00
-5.781490440511171530e-02 1.014845673250887481e+00
-5.807382378874793860e-02 1.014628599330440029e+00
-5.832838683281798414e-02 1.014411153881062067e+00
-5.857860823197368755e-02 1.014193890033514567e+00
-5.882444581498025293e-02 1.013975662706012359e+00
-5.906592327595406450e-02 1.013757545991442299e+00
-5.930302627234318447e-02 1.013539126019539882e+00
-5.953577884238898943e-02 1.013321155375005889e+00
-5.976413416741747919e-02 1.013102238927305887e+00
-5.998809936682644728e-02 1.012883027562968108e+00
-6.020768677268040214e-02 1.012663977041923680e+00
-6.042288835908007916e-02 1.012444806295044408e+00
-6.063369091862393784e-02 1.012225245250209404e+00
-6.084010661053101954e-02 1.012005793036872436e+00
-6.104211496778895463e-02 1.011785883563975474e+00
-6.123972032780180402e-02 1.011565853896399636e+00
-6.143292796442478138e-02 1.011345895977864950e+00
-6.162172189364548830e-02 1.011125574333541000e+00
-6.180613397002939630e-02 1.010905867190459162e+00
-6.198611599595809513e-02 1.010685262357537750e+00
-6.216168048650938527e-02 1.010464521556641904e+00
-6.233284025741365336e-02 1.010244033165018429e+00
-6.249958963448437599e-02 1.010023529123367902e+00
-6.266191448440569522e-02 1.009802663923807797e+00
-6.281984166572875117e-02 1.009582289609071148e+00
-6.297333617611526602e-02 1.009361285678289200e+00
-6.312240840494878769e-02 1.009140226674073215e+00
-6.326706465347588237e-02 1.008919297664304882e+00
-6.340730197026550607e-02 1.008698359865983774e+00
-6.354311039727325583e-02 1.008477168722276440e+00
-6.367452709909302011e-02 1.008256780020722942e+00
-6.380149537320732589e-02 1.008035374977309662e+00
-6.392404269539421480e-02 1.007814148657417919e+00
-6.404217704377214437e-02 1.007593211152247870e+00
-6.415589099191137956e-02 1.007372232393695555e+00
-6.426520627350457149e-02 1.007151776350768246e+00
-6.437008013593858990e-02 1.006930512850325199e+00
-6.447053777671923891e-02 1.006709475558769551e+00
-6.456658109450875982e-02 1.006488598838213733e+00
-6.465821828588308451e-02 1.006268007317555613e+00
-6.474544118680025662e-02 1.006047354295797946e+00
-6.482823869598294819e-02 1.005826392991557183e+00
-6.490662841460337340e-02 1.005605717575379865e+00
-6.498060672448065234e-02 1.005385094648712618e+00
-6.505019618121056502e-02 1.005165061856694964e+00
-6.511535803724201321e-02 1.004944355443224469e+00
-6.517611552075450176e-02 1.004723892923515161e+00
-6.523247402851765908e-02 1.004503687269927337e+00
-6.528445234241607442e-02 1.004284079596515111e+00
-6.533202641314521386e-02 1.004064169680576768e+00
-6.537519664778199124e-02 1.003844118820298448e+00
-6.541398478307107467e-02 1.003624540906467022e+00
-6.544838488907141205e-02 1.003405051217332922e+00
-6.547840951026578926e-02 1.003185919252616687e+00
-6.550404542139870445e-02 1.002966635518722116e+00
-6.552529812590437985e-02 1.002747413486093864e+00
-6.554218346089010772e-02 1.002528618231780744e+00
-6.555469781023015585e-02 1.002309945963482329e+00
-6.556286049246130843e-02 1.002091818151610747e+00
-6.556664727840046114e-02 1.001873356838374862e+00
-6.556664727840046114e-02 1.001655134266667080e+00
-6.556172828882940451e-02 1.001437370508147851e+00
-6.555245838173219541e-02 1.001219715690734313e+00
-6.553886418275342574e-02 1.001002780984988849e+00
-6.552091506496939000e-02 1.000785440661984271e+00
-6.549863483775801576e-02 1.000568492764798645e+00
-6.547202876653306081e-02 1.000351872715866230e+00
-6.544111719780970615e-02 1.000135925253940128e+00
-6.540587556827540117e-02 9.999197000027033599e-01
-6.536632194227089132e-02 9.997037874653298406e-01
-6.532246817235973224e-02 9.994883275989767668e-01
-6.527432467786668802e-02 9.992733545512528792e-01
-6.522188684187549268e-02 9.990585094899372409e-01
-6.516515818546281258e-02 9.988438164487424276e-01
-6.510414903043276746e-02 9.986294574627108123e-01
-6.503887414576116355e-02 9.984156347286560207e-01
-6.496933959121249658e-02 9.982022316147021179e-01
-6.489553527604831340e-02 9.979887860423373169e-01
-6.481747898231733640e-02 9.977757637919851819e-01
-6.473518546240245031e-02 9.975633220122114286e-01
-6.464866803941606010e-02 9.973515035455368105e-01
-6.455791055127184375e-02 9.971395926832535839e-01
-6.446292916692865360e-02 9.969280398471378479e-01
-6.436373908441518632e-02 9.967170459748229128e-01
-6.426034800823871018e-02 9.965065241970904042e-01
-6.415275476031044588e-02 9.962962090144292793e-01
-6.404097024095810331e-02 9.960862696374968017e-01
-6.392500928259430004e-02 9.958768889737441565e-01
-6.380487181869279323e-02 9.956677860034250926e-01
-6.368056923602143093e-02 9.954591065490192570e-01
-6.355210695792899711e-02 9.952507744362896203e-01
-6.341950814262491132e-02 9.950431949496335582e-01
-6.328275913370327854e-02 9.948356503658666306e-01
-6.314188048985477919e-02 9.946286372008117382e-01
-6.299688344949852525e-02 9.944221707055904691e-01
-6.284779231396300792e-02 9.942165850784980830e-01
-6.269459134894377061e-02 9.940110465278589880e-01
-6.253729994283013793e-02 9.938060162251796115e-01
-6.237593116808809457e-02 9.936015668581295035e-01
-6.221049417429158623e-02 9.933976366982427697e-01
-6.204099316649052537e-02 9.931940712681855965e-01
-6.186743932275980129e-02 9.929909676549154574e-01
-6.168984997842753837e-02 9.927885283332418265e-01
-6.150822823467958639e-02 9.925864986870128748e-01
-6.132258520373028848e-02 9.923849516838648688e-01
-6.113292972576854500e-02 9.921838670069795807e-01
-6.093928084433705011e-02 9.919834895817932763e-01
-6.074163744499107981e-02 9.917834379213381624e-01
-6.054001951739069326e-02 9.915840488847501577e-01
-6.033443968035003685e-02 9.913853066304494366e-01
-6.012490984198522181e-02 9.911871854701951312e-01
-5.991144077056800854e-02 9.909896440637580017e-01
-5.969404175850549776e-02 9.907926248444069994e-01
-5.947272370642940620e-02 9.905961392343920480e-01
-5.924750115436753367e-02 9.904002839297399996e-01
-5.901838653218145769e-02 9.902050545243089585e-01
-5.878538884817575971e-02 9.900103632761028116e-01
-5.854852059010668547e-02 9.898162533004153385e-01
-5.830779658582841557e-02 9.896228046573416481e-01
-5.806323362196914167e-02 9.894301063462798140e-01
-5.781483439245442557e-02 9.892378505493628627e-01
-5.756261675791941174e-02 9.890462625253968465e-01
-5.730659645341214942e-02 9.888554017641076888e-01
-5.704678614974252604e-02 9.886652214044039377e-01
-5.678319761591216208e-02 9.884756754705337212e-01
-5.651584572694956510e-02 9.882868186252927734e-01
-5.624474483994511970e-02 9.880986652516260405e-01
-5.596990603878777143e-02 9.879111407109699705e-01
-5.569134617280335070e-02 9.877243518199652073e-01
-5.540907847246239609e-02 9.875382615155495758e-01
-5.512311630178493016e-02 9.873528546049289423e-01
-5.483347387109045734e-02 9.871681446491933354e-01
-5.454016586298746777e-02 9.869841502361127450e-01
-5.424320978728622289e-02 9.868009513396160948e-01
-5.394261667485184680e-02 9.866184259730393924e-01
-5.363840173119614058e-02 9.864366175092177391e-01
-5.333058249457905270e-02 9.862556059532723296e-01
-5.301917133850483910e-02 9.860753021888716274e-01
-5.270418339072168584e-02 9.858957305139477434e-01
-5.238563381138510583e-02 9.857169038876500977e-01
-5.206353927982047824e-02 9.855388667688000925e-01
-5.173791386282944327e-02 9.853615760737149953e-01
-5.140877313848499219e-02 9.851850480423368639e-01
-5.107613328361754884e-02 9.850093057635732618e-01
-5.074000952115473306e-02 9.848343369343069975e-01
-5.040041764929312912e-02 9.846601497847042861e-01
-5.005737345963141155e-02 9.844867482649000134e-01
-4.971089437405890737e-02 9.843141751072281842e-01
-4.936099530379628453e-02 9.841423889111392542e-01
-4.900769244737732122e-02 9.839714011591864651e-01
-4.865100263212606552e-02 9.838012333124025455e-01
-4.829094236198161472e-02 9.836318880166808887e-01
-4.792752792907742365e-02 9.834633612998263663e-01
-4.756077574013173326e-02 9.832956540403615664e-01
-4.719070360497936573e-02 9.831288017554624670e-01
-4.681732722640905009e-02 9.829627695275641175e-01
-4.644066302836318688e-02 9.827975579267262951e-01
-4.606072847152202498e-02 9.826331931564249444e-01
-4.567754103204824806e-02 9.824696887054588101e-01
-4.529111756579411868e-02 9.823070358104669664e-01
-4.490147609274661861e-02 9.821452591931366660e-01
-4.450863320154271885e-02 9.819843354305615168e-01
-4.411260559284286425e-02 9.818242556118751407e-01
-4.371341173664704954e-02 9.816650595151329428e-01
-4.331106850512899537e-02 9.815067270837058988e-01
-4.290559447608092991e-02 9.813492909297421019e-01
-4.249700863068443107e-02 9.811927774440493133e-01
-4.208532590359849446e-02 9.810370986589671549e-01
-4.167056630986704091e-02 9.808823376002879790e-01
-4.125274691125100507e-02 9.807284619488338961e-01
-4.083188658386322639e-02 9.805755009038131798e-01
-4.040800333061592836e-02 9.804234472348150042e-01
-3.998111517492545369e-02 9.802722978392364173e-01
-3.955124253951015217e-02 9.801221111483264803e-01
-3.911840170909129666e-02 9.799728129277827104e-01
-3.868261320572222856e-02 9.798244719937554414e-01
-3.824389410584597138e-02 9.796770366140621356e-01
-3.780226319883379232e-02 9.795305237458173941e-01
-3.735773949256387949e-02 9.793849473302516095e-01
-3.691034229042598758e-02 9.792403217257693582e-01
-3.646009009198048628e-02 9.790966340158379078e-01
-3.600700228035515205e-02 9.789538998313763729e-01
-3.555109738558475535e-02 9.788121056605191272e-01
-3.509239595518848231e-02 9.786712951844435127e-01
-3.463091653384439000e-02 9.785314401727103206e-01
-3.416667914915220983e-02 9.783925635831414169e-01
-3.369970233074986304e-02 9.782546394456027583e-01
-3.323000764907702714e-02 9.781177307950711386e-01
-3.275761290170259299e-02 9.779817748272654487e-01
-3.228253893587051948e-02 9.778468163819217240e-01
-3.180480481876567234e-02 9.777128333774305347e-01
-3.132443205970752986e-02 9.775798758263525290e-01
-3.084143973677563183e-02 9.774479079539696302e-01
-3.035584780666338370e-02 9.773169338382694527e-01
-2.986767719045111194e-02 9.771869796279186726e-01
-2.937694737873074516e-02 9.770580226350409347e-01
-2.888367890690859280e-02 9.769300776360574368e-01
-2.838789211849965591e-02 9.768031472218960953e-01
-2.788960823100535003e-02 9.766772545376811721e-01
-2.738884804752747884e-02 9.765524007959845987e-01
-2.688563194977338158e-02 9.764285760682306359e-01
-2.637998089904558183e-02 9.763057898800110435e-01
-2.587191614355119698e-02 9.761840541667365923e-01
-2.536145845281000122e-02 9.760633629289291457e-01
-2.484862936016522458e-02 9.759437322624360256e-01
-2.433344998327441680e-02 9.758251598230386348e-01
-2.381594111369488703e-02 9.757076362861217822e-01
-2.329612397250354489e-02 9.755911677273680915e-01
-2.277401927808173424e-02 9.754757446172295232e-01
-2.224964966346882136e-02 9.753614100573827495e-01
-2.172303649838594475e-02 9.752481540157103002e-01
-2.119420158909235061e-02 9.751359823896060819e-01
-2.066316515459445599e-02 9.750248584464464852e-01
-2.012995061617305417e-02 9.749148438767789582e-01
-1.959457939152473363e-02 9.748059194362722613e-01
-1.905707291893376717e-02 9.746980760174527303e-01
-1.851745387672980997e-02 9.745913400677181926e-01
-1.797574305299324410e-02 9.744856775545357452e-01
-1.743196347469657542e-02 9.743811274339420070e-01
-1.688613569434579617e-02 9.742776473222922728e-01
-1.633828358560859145e-02 9.741752990568067760e-01
-1.578842786716573923e-02 9.740740346814229511e-01
-1.523659170546262306e-02 9.739738914122243463e-01
-1.468279705029936107e-02 9.738748574411213443e-01
-1.412706618566915949e-02 9.737769352188964112e-01
-1.356942187707645131e-02 9.736801380087212188e-01
-1.300988475286278187e-02 9.735844190131096587e-01
-1.244847821678710109e-02 9.734898242187535189e-01
-1.188522526469134970e-02 9.733963664210737443e-01
-1.132014851347827762e-02 9.733040425443009180e-01
-1.075326796036447062e-02 9.732127855583960763e-01
-1.018460859683580945e-02 9.731226868050723011e-01
-9.614193307743882505e-03 9.730337392893286808e-01
-9.042042723894330031e-03 9.729458831625162896e-01
-8.468180455783833049e-03 9.728591629925865680e-01
-7.892626531702322604e-03 9.727735115083462336e-01
-7.315407599885548687e-03 9.726890605728445438e-01
-6.736545326254977060e-03 9.726057515597488212e-01
-6.156061617408419527e-03 9.725235611728012541e-01
-5.573977235004637203e-03 9.724424491403967918e-01
-4.990316662621497451e-03 9.723624883747106207e-01
-4.405102530924776515e-03 9.722836690090280731e-01
-3.818357725802202281e-03 9.722059924905404049e-01
-3.230104728857219939e-03 9.721294494357364258e-01
-2.640364511606685914e-03 9.720539974006956463e-01
-2.049162778347011615e-03 9.719797334829467506e-01
-1.456521384453444458e-03 9.719066100082249804e-01
-8.624633327337142240e-04 9.718346318252100158e-01
-2.670107474857789280e-04 9.717637793954974068e-01
3.298132250471460473e-04 9.716940684985163612e-01
9.279839651724915801e-04 9.716255438602152683e-01
1.527480176161472893e-03 9.715581447694738859e-01
2.128276786916345146e-03 9.714919352299559163e-01
2.730352497052297017e-03 9.714268529756698856e-01
3.333683552691961254e-03 9.713629282109341734e-01
3.938246980642065229e-03 9.713001565208052579e-01
4.544018959070564648e-03 9.712385569137809149e-01
5.150974864524792037e-03 9.711781589346255572e-01
5.759091858318778068e-03 9.711189327365539192e-01
6.368349611161502194e-03 9.710608006612996279e-01
6.978722024050539909e-03 9.710038681225147128e-01
7.590184597319093313e-03 9.709481478436342572e-01
8.202716388930199332e-03 9.708935572456303120e-01
8.816297135637559193e-03 9.708400380692219223e-01
9.430897357370767245e-03 9.707877916053715417e-01
1.004649242427749223e-02 9.707367972441084403e-01
1.066306445630257199e-02 9.706868759355179455e-01
1.128059450942610863e-02 9.706379647537612954e-01
1.189904760300298722e-02 9.705904331515494698e-01
1.251840222921012970e-02 9.705441290346870087e-01
1.313864137233495578e-02 9.704988640533136479e-01
1.375974207982314478e-02 9.704546924535428776e-01
1.438166999421851104e-02 9.704119264809780709e-01
1.500440335734972742e-02 9.703704072762994182e-01
1.562793031981856567e-02 9.703298076905195746e-01
1.625222631627922659e-02 9.702902820478340740e-01
1.687725248629081548e-02 9.702522648877180966e-01
1.750298984297542909e-02 9.702154766408345177e-01
1.812942518226112742e-02 9.701796329523656448e-01
1.875653639826228153e-02 9.701448141902447864e-01
1.938428071419359688e-02 9.701115773109302287e-01
2.001264139976842438e-02 9.700795496301851673e-01
2.064160759339585607e-02 9.700483980884976321e-01
2.127116065743034704e-02 9.700181505574774210e-01
2.190124684043787129e-02 9.699896988176414103e-01
2.253185340293729216e-02 9.699624634604259166e-01
2.316296865482093612e-02 9.699361285472126726e-01
2.379457913252209372e-02 9.699105804451682022e-01
2.442662430112543109e-02 9.698869391215914071e-01
2.505909186474970102e-02 9.698645585842797789e-01
2.569198070131332307e-02 9.698428364921400924e-01
2.632527081937139843e-02 9.698219434087089752e-01
2.695890160360217905e-02 9.698029802126757470e-01
2.759285878057603572e-02 9.697853387960821969e-01
2.822713454364943891e-02 9.697685534352967762e-01
2.886172388131709454e-02 9.697523213900477446e-01
2.949655451872475187e-02 9.697381728739232765e-01
3.013161695632726733e-02 9.697253036109896307e-01
3.076690427193097543e-02 9.697132470294929085e-01
3.140241370099240009e-02 9.697016659023016683e-01
3.203806973608772091e-02 9.696922101878586719e-01
3.267386264396696105e-02 9.696840605110391698e-01
3.330978442748423751e-02 9.696767637816783303e-01
3.394583536099719800e-02 9.696698866671059625e-01
3.458193528881597228e-02 9.696652232521743020e-01
3.521807993505608053e-02 9.696617735841752683e-01
3.585425694601924312e-02 9.696592396320993235e-01
3.649046718749669738e-02 9.696571418932040665e-01
3.712664007630668561e-02 9.696570268404430815e-01
3.776276558695403074e-02 9.696581537681288054e-01
3.839883166278694471e-02 9.696602031023322521e-01
3.903480982261189197e-02 9.696634256696332610e-01
3.967069344159296351e-02 9.696674004743806030e-01
4.030641569449883166e-02 9.696734220286343797e-01
4.094198610152574580e-02 9.696802289527350904e-01
4.157738114548831937e-02 9.696880164913939115e-01
4.221257746441825498e-02 9.696968783865392849e-01
4.284754268002661376e-02 9.697070869171513507e-01
4.348224813610734180e-02 9.697186851706481869e-01
4.411668447419807293e-02 9.697312122471466456e-01
4.475082931129528707e-02 9.697447633102337372e-01
4.538465346504336195e-02 9.697595559255057784e-01
4.601813881753265972e-02 9.697754222646112199e-01
4.665123816979634130e-02 9.697930054398044009e-01
4.728396119785317070e-02 9.698112051325722405e-01
4.791628029633643315e-02 9.698304032182952783e-01
4.854815728661910496e-02 9.698510549661716329e-01
4.917958276048150362e-02 9.698726687506166177e-01
4.981051704772413574e-02 9.698957553083332739e-01
5.044094645223882317e-02 9.699199206553902330e-01
5.107086037672342593e-02 9.699448903296709057e-01
5.170022662404984148e-02 9.699710670957659708e-01
5.232901362650589638e-02 9.699986366005723948e-01
5.295721683160333620e-02 9.700270162869409907e-01
5.358479946951449219e-02 9.700567203097822944e-01
5.421173111622962226e-02 9.700878471011036286e-01
5.483801162598451323e-02 9.701196889207702734e-01
5.546361011237736782e-02 9.701526604146545329e-01
5.608849672987278878e-02 9.701869428840323994e-01
5.671265471067272329e-02 9.702223000361085425e-01
5.733606207292742812e-02 9.702587440757773907e-01
5.795869158804060894e-02 9.702964122741499775e-01
5.858052848753243086e-02 9.703350617638702991e-01
5.920155390071672741e-02 9.703746736664184969e-01
5.982173228604183157e-02 9.704156553141725094e-01
6.044104655433486101e-02 9.704577490638512938e-01
6.105948617278751656e-02 9.705006621846999915e-01
6.167699294483777045e-02 9.705454399051844927e-01
6.229358262112695555e-02 9.705907561594533384e-01
6.290922954944752621e-02 9.706369829858030318e-01
6.352389985484015178e-02 9.706845119721766446e-01
6.413756461090559802e-02 9.707334151985431703e-01
6.475022872171666555e-02 9.707828829430855677e-01
6.536183420051450144e-02 9.708340826156877101e-01
6.597238351427232861e-02 9.708860865779891380e-01
6.658185614915478057e-02 9.709390055310239687e-01
6.719023194168580182e-02 9.709928860663270545e-01
6.779747225901613938e-02 9.710482132139958145e-01
6.840356815623210851e-02 9.711044872906893222e-01
6.900848936254376509e-02 9.711619916016441811e-01
6.961221405755883829e-02 9.712206565395358204e-01
7.021473659522121935e-02 9.712800429422990822e-01
7.081603310486202230e-02 9.713403868442203049e-01
7.141606846519298057e-02 9.714020875279271161e-01
7.201482227662862889e-02 9.714649765921632429e-01
7.261227818556570401e-02 9.715288686867455947e-01
7.320842908571315033e-02 9.715934399537774491e-01
7.380322014390908181e-02 9.716597216360813860e-01
7.439665159628804092e-02 9.717268526226574554e-01
7.498872707368207935e-02 9.717943174905686599e-01
7.557939264981031191e-02 9.718632974561692839e-01
7.616862706743790512e-02 9.719335664014856491e-01
7.675641617465543687e-02 9.720048336343951600e-01
7.734274963808782100e-02 9.720768583454788558e-01
7.792757593060124777e-02 9.721505499739945266e-01
7.851090180384440176e-02 9.722249062700091260e-01
7.909272968604648402e-02 9.722995341940433578e-01
7.967300366064994366e-02 9.723756958460261224e-01
8.025169756247020614e-02 9.724532784915972394e-01
8.082881258744636921e-02 9.725315417354853942e-01
8.140431173628649708e-02 9.726110702608303793e-01
8.197816026110747722e-02 9.726921001239813291e-01
8.255039451117569815e-02 9.727729719243759510e-01
8.312097867414336427e-02 9.728546600020870905e-01
8.368986355166471713e-02 9.729379861771003668e-01
8.425702530474651897e-02 9.730227273755960304e-01
8.482246653570238437e-02 9.731081110279919955e-01
8.538614408571203185e-02 9.731948948778454955e-01
8.594805632011276453e-02 9.732824196929951155e-01
8.650820119828504795e-02 9.733703660062813512e-01
8.706655221180142901e-02 9.734591857793218894e-01
8.762307453173501237e-02 9.735493130054122535e-01
8.817774717880430546e-02 9.736406184400645536e-01
8.873055141971522564e-02 9.737329813113499988e-01
8.928146971149454603e-02 9.738263114752826466e-01
8.983049946447967116e-02 9.739201900271039491e-01
9.037761102218687392e-02 9.740150841849628538e-01
9.092278601163394924e-02 9.741109454703953396e-01
9.146600178204712661e-02 9.742078565889589203e-01
9.200723934369745005e-02 9.743057673673121144e-01
9.254647900374775304e-02 9.744046702964892503e-01
9.308371437265429427e-02 9.745042290396718210e-01
9.361891446693340613e-02 9.746048902769489652e-01
9.415206902382773635e-02 9.747063593302071061e-01
9.468315865362372796e-02 9.748087170342945029e-01
9.521216267833702840e-02 9.749120360134054808e-01
9.573906445221448680e-02 9.750162517738570900e-01
9.626384596154576034e-02 9.751213662677375993e-01
9.678648946876507175e-02 9.752273735674766852e-01
9.730697609294552963e-02 9.753342992933174971e-01
9.782528462182973894e-02 9.754422145386443255e-01
9.834140874343240413e-02 9.755507823433464676e-01
9.885532220880008381e-02 9.756603326515719266e-01
9.936700850821089670e-02 9.757707869546063950e-01
9.987644649994889545e-02 9.758822217979441493e-01
1.003836262962963799e-01 9.759943941043758286e-01
1.008885340324576774e-01 9.761072817622462594e-01
1.013911459176026209e-01 9.762211218665903800e-01
1.018914417927093835e-01 9.763359421697168639e-01
1.023894107347722432e-01 9.764515256473776939e-01
1.028850337946895094e-01 9.765679644398481685e-01
1.033783012596022899e-01 9.766850737111953951e-01
1.038691897283706145e-01 9.768031032504804756e-01
1.043576743987631589e-01 9.769222129795175347e-01
1.048437493031110779e-01 9.770420119951516158e-01
1.053274070821989539e-01 9.771623396344698564e-01
1.058086185346137909e-01 9.772836616209547023e-01
1.062873665187816924e-01 9.774059093203706361e-01
1.067636238746500627e-01 9.775292988775670100e-01
1.072373960350348626e-01 9.776531235432542877e-01
1.077086727615116785e-01 9.777774217237973353e-01
1.081774197432602280e-01 9.779028144322757798e-01
1.086436267209301837e-01 9.780290108884797107e-01
1.091072653139438520e-01 9.781563187329889164e-01
1.095683387800373276e-01 9.782841008282483486e-01
1.100268368887446918e-01 9.784123758105308655e-01
1.104827301543057777e-01 9.785416343803291506e-01
1.109359931289442130e-01 9.786720209382946400e-01
1.113866180805982986e-01 9.788031647918861156e-01
1.118346117840771370e-01 9.789345179230630745e-01
1.122799448708368814e-01 9.790667099066285850e-01
1.127225919890967876e-01 9.791999551109074051e-01
1.131625369615528731e-01 9.793341313581424012e-01
1.135997728759212955e-01 9.794689459339516180e-01
1.140342967320602946e-01 9.796041546775917652e-01
1.144660994643885155e-01 9.797397871446811290e-01
1.148951455397445448e-01 9.798765198025305434e-01
1.153214052431602576e-01 9.800145454299633574e-01
1.157448832800774124e-01 9.801530999061437432e-01
1.161655827213887160e-01 9.802918420343800232e-01
1.165834899174354039e-01 9.804310192301134430e-01
1.169985654350220866e-01 9.805713997894803802e-01
1.174107935197611641e-01 9.807127758903541048e-01
1.178201654751824395e-01 9.808548671737358227e-01
1.182266920740125266e-01 9.809970467302064900e-01
1.186303564559536977e-01 9.811396919306648590e-01
1.190311187430643930e-01 9.812835669016558571e-01
1.194289692114925971e-01 9.814282998542136482e-01
1.198239131541339042e-01 9.815733294751650684e-01
1.202159407065444691e-01 9.817187540414091806e-01
1.206050164853055273e-01 9.818652606657688464e-01
1.209911433702570288e-01 9.820122363231875706e-01
1.213743068804944564e-01 9.821598085197488226e-01
1.217544959781059061e-01 9.823079549336791727e-01
1.221316975204252420e-01 9.824567170229467905e-01
1.225059008000055627e-01 9.826060546360562142e-01
1.228770876456257571e-01 9.827561342916140141e-01
1.232452606469571499e-01 9.829065202266130674e-01
1.236103861646021679e-01 9.830579002862718241e-01
1.239724671226387631e-01 9.832097043063117159e-01
1.243314985383652538e-01 9.833618448740844009e-01
1.246874563520943696e-01 9.835147552079052113e-01
1.250403328410903403e-01 9.836682434931440788e-01
1.253901089798042101e-01 9.838224963928158262e-01
1.257367894158326893e-01 9.839770154097865484e-01
1.260803632551778242e-01 9.841319398353554071e-01
1.264208024267135244e-01 9.842877687433756462e-01
1.267581194377702392e-01 9.844437372093608474e-01
1.270922752892350016e-01 9.846007504321523385e-01
1.274232789926138532e-01 9.847580607456956070e-01
1.277511232956229092e-01 9.849157009117119888e-01
1.280757799533675800e-01 9.850742121263301732e-01
1.283972541117696931e-01 9.852330302172027654e-01
1.287155423617734051e-01 9.853920869725995013e-01
1.290306064027335609e-01 9.855522205763869170e-01
1.293424624487652941e-01 9.857124872514908542e-01
1.296510904504732387e-01 9.858733216971372615e-01
1.299564843101006784e-01 9.860345924719733368e-01
1.302586414494409928e-01 9.861961458665698954e-01
1.305575236388890059e-01 9.863587963111755119e-01
1.308531626211813237e-01 9.865212017123703436e-01
1.311455238810233515e-01 9.866843474742252873e-01
1.314346091718235077e-01 9.868478195811994924e-01
1.317203791130496515e-01 9.870124393740370428e-01
1.320028672049348983e-01 9.871767955039784104e-01
1.322820679092159557e-01 9.873411582590537749e-01
1.325579225640207970e-01 9.875069908734970259e-01
1.328304546163757149e-01 9.876729722419660407e-01
1.330996649663443721e-01 9.878390054858571245e-01
1.333655548265807733e-01 9.880050343511090905e-01
1.336280562978275077e-01 9.881727585084769672e-01
1.338872187449386131e-01 9.883400961905515203e-01
1.341430400604345097e-01 9.885072933219691826e-01
1.343954481527330491e-01 9.886762224676118871e-01
1.346445080728489174e-01 9.888443913449997957e-01
1.348901710510131136e-01 9.890133993324857764e-01
1.351324326962918820e-01 9.891829366483643193e-01
1.353713294611672557e-01 9.893518273163884880e-01
1.356067747892040209e-01 9.895225585713658401e-01
1.358388355778172851e-01 9.896925376844418754e-01
1.360674601257929606e-01 9.898634332569200556e-01
1.362926792441101487e-01 9.900340167846214401e-01
1.365144609573643031e-01 9.902052436750479192e-01
1.367327687015775506e-01 9.903777063462837482e-01
1.369476570408637850e-01 9.905494228050766292e-01
1.371591243066777321e-01 9.907208078712801402e-01
1.373670931360253256e-01 9.908939613160409055e-01
1.375716093123375006e-01 9.910668543643068595e-01
1.377726477198063237e-01 9.912402451095239098e-01
1.379702405206228999e-01 9.914130806484381386e-01
1.381643542945861503e-01 9.915864740892285090e-01
1.383549450944187575e-01 9.917612451628896597e-01
1.385420813589922917e-01 9.919349940811972299e-01
1.387257138975430959e-01 9.921094616909196251e-01
1.389058480667533513e-01 9.922841547292942099e-01
1.390824815858638097e-01 9.924590175009765369e-01
1.392556121655403600e-01 9.926340223726656253e-01
1.394252409753535538e-01 9.928090690550938069e-01
1.395913279164445742e-01 9.929851391143623696e-01
1.397539010928499081e-01 9.931610182611383397e-01
1.399129938915540938e-01 9.933359672770554205e-01
1.400685284353768989e-01 9.935123981570483931e-01
1.402205066140302103e-01 9.936895227262824148e-01
1.403690078199888724e-01 9.938650093282652698e-01
1.405139340385882785e-01 9.940421273132384883e-01
1.406553349179049117e-01 9.942188197877939171e-01
1.407931961530610732e-01 9.943956571290839541e-01
1.409275254278626877e-01 9.945723748085926186e-01
1.410582890523869037e-01 9.947498749052816613e-01
1.411854833863634140e-01 9.949278572173190227e-01
1.413091903913284708e-01 9.951040315986239282e-01
1.414292870998866136e-01 9.952823761994489260e-01
1.415458441942851753e-01 9.954600388538514810e-01
1.416588583936086443e-01 9.956374425579296306e-01
1.417682974987473365e-01 9.958155217645882074e-01
1.418741645334455070e-01 9.959938631289306787e-01
1.419764948366294410e-01 9.961714520989580768e-01
1.420752485446247770e-01 9.963496614636863091e-01
1.421704342593487214e-01 9.965279659778349952e-01
1.422620531329797933e-01 9.967062892622314818e-01
1.423501058759252536e-01 9.968846041715700990e-01
1.424345915058607970e-01 9.970629394514874955e-01
1.425155181505347868e-01 9.972410817229846458e-01
1.425928625290606711e-01 9.974197095124358592e-01
1.426666205882534399e-01 9.975986813904892392e-01
1.427368196378662746e-01 9.977771425690145080e-01
1.428034548473941789e-01 9.979554691604002326e-01
1.428665391214278269e-01 9.981334058434496725e-01
1.429260153079601747e-01 9.983125763725069213e-01
1.429819185125526804e-01 9.984914861855312962e-01
1.430342633584731349e-01 9.986699000588450392e-01
1.430830526674819192e-01 9.988479954182936105e-01
1.431282721483508324e-01 9.990262888015145615e-01
1.431698987468760509e-01 9.992052575517176294e-01
1.432079587739787663e-01 9.993839062123818229e-01
1.432424718002493769e-01 9.995619055635165395e-01
1.432734222708931804e-01 9.997399691297538249e-01
1.433007959538868392e-01 9.999184206041263900e-01
1.433245966568870988e-01 1.000096970841147570e+00
1.433448470002482156e-01 1.000275004950637037e+00
1.433615466832887098e-01 1.000452788513396918e+00
1.433746820118609877e-01 1.000630789156481848e+00
1.433842605957249550e-01 1.000808708095732191e+00
1.433902849876582675e-01 1.000986522363624287e+00
1.433927566732592640e-01 1.001164247155877707e+00
1.433916993419343255e-01 1.001341334975152986e+00
1.433870760717940174e-01 1.001519027355175284e+00
1.433789125620503202e-01 1.001696379535270909e+00
1.433672161084196262e-01 1.001873379222493865e+00
1.433519730742675302e-01 1.002050543579140252e+00
1.433332042971011688e-01 1.002227269332820025e+00
1.433109009320370497e-01 1.002403996907103689e+00
1.432850688836753150e-01 1.002580577776686077e+00
1.432557125150962229e-01 1.002756976216911067e+00
1.432228360885691165e-01 1.002933176885723920e+00
1.431864438935890327e-01 1.003109171431455282e+00
1.431465404569654543e-01 1.003284949745407717e+00
1.431031219839379309e-01 1.003460714812483001e+00
1.430561988644540039e-01 1.003636213507430597e+00
1.430057800254117828e-01 1.003811355843861497e+00
1.429518645186540760e-01 1.003986343704964312e+00
1.428944530256043011e-01 1.004161237292817477e+00
1.428335558844010811e-01 1.004335825290579853e+00
1.427691789093252506e-01 1.004510115136276305e+00
1.427013269479533164e-01 1.004684134716526955e+00
1.426300024160508384e-01 1.004857958769916237e+00
1.425552091762154749e-01 1.005031588494932793e+00
1.424769569339915942e-01 1.005204878417154335e+00
1.423952515490660709e-01 1.005377851945806089e+00
1.423100967570548325e-01 1.005550573887274757e+00
1.422214964048870711e-01 1.005723073861922279e+00
1.421294574991175119e-01 1.005895287689290596e+00
1.420339888251213045e-01 1.006067138808641070e+00
1.419350963206524041e-01 1.006238660130134077e+00
1.418327857018458760e-01 1.006409873649321218e+00
1.417270916383033819e-01 1.006580066527313688e+00
1.416179387327230754e-01 1.006751634017255315e+00
1.415053874580280979e-01 1.006922376990092571e+00
1.413894591145288537e-01 1.007092175196618200e+00
1.412701522517895159e-01 1.007261537280883301e+00
1.411474403544832334e-01 1.007431344187189159e+00
1.410213555501645399e-01 1.007600570315652977e+00
1.408919195332776209e-01 1.007768963694090303e+00
1.407591174883869867e-01 1.007937311083401788e+00
1.406229440212296289e-01 1.008105770334725371e+00
1.404834333735328622e-01 1.008273429473872662e+00
1.403405783647503624e-01 1.008440868070589858e+00
1.401943911902660822e-01 1.008607891511492882e+00
1.400449130246984308e-01 1.008773678009028840e+00
1.398921093975358521e-01 1.008939707797669838e+00
1.397359938089306752e-01 1.009105521728054899e+00
1.395765169958219643e-01 1.009272459305836200e+00
1.394138091998092521e-01 1.009436702667326546e+00
1.392478359534680965e-01 1.009600460606283390e+00
1.390785667306304041e-01 1.009764738988174759e+00
1.389059732031897032e-01 1.009929985794195906e+00
1.387302207783655539e-01 1.010091581631792135e+00
1.385512012022938610e-01 1.010254058331779170e+00
1.383689181518490685e-01 1.010416883541099820e+00
1.381834146882286729e-01 1.010578806475150859e+00
1.379945328758034051e-01 1.010744226662298351e+00
1.378026624196133365e-01 1.010901652849991450e+00
1.376075500315215028e-01 1.011061414241382517e+00
1.374091968262493024e-01 1.011222315366587132e+00
1.372076005565015522e-01 1.011383842541077716e+00
1.370028530653296661e-01 1.011543386663926958e+00
1.367950691974516297e-01 1.011699068143005142e+00
1.365840834503679047e-01 1.011856955862686425e+00
1.363698995817600734e-01 1.012015852760629997e+00
1.361525629086229872e-01 1.012174121322833020e+00
1.359319882372278521e-01 1.012334205560386113e+00
1.357085416373382536e-01 1.012486045891523911e+00
1.354819765650956132e-01 1.012639927865918610e+00
1.352522156997057745e-01 1.012796763681796275e+00
1.350192741243259609e-01 1.012954699339484232e+00
1.347832690416795876e-01 1.013110254849992620e+00
1.345444421900034992e-01 1.013258576830989410e+00
1.343025014514115933e-01 1.013410584994383301e+00
1.340573829220790270e-01 1.013566033844596870e+00
1.338090917940494839e-01 1.013723073237128069e+00
1.335580949318714572e-01 1.013869236287105347e+00
1.333040806907325737e-01 1.014017752286115792e+00
1.330469689782248222e-01 1.014169447069842134e+00
1.327867484297373391e-01 1.014323015361198843e+00
1.325236031140255566e-01 1.014472918687484793e+00
1.322576827465412885e-01 1.014617246644939685e+00
1.319887979926738231e-01 1.014763520283247455e+00
1.317167904714672266e-01 1.014914726285879532e+00
1.314418488280154340e-01 1.015063682343325446e+00
1.311641934362983430e-01 1.015206004078681001e+00
1.308836170717894709e-01 1.015350189266152947e+00
1.306000383469787252e-01 1.015497340867436149e+00
1.303134132427825054e-01 1.015647076152714545e+00
1.300242544365101671e-01 1.015785286347256733e+00
1.297322422769829064e-01 1.015925725275900637e+00
1.294372261647155908e-01 1.016071043558723686e+00
1.291392629555284388e-01 1.016217380123131564e+00
1.288387175451461697e-01 1.016355103435213625e+00
1.285354412167648563e-01 1.016492238041230456e+00
1.282292409681607126e-01 1.016633903349809298e+00
1.279200231559555201e-01 1.016780175094125438e+00
1.276084095008127584e-01 1.016913207039722433e+00
1.272940739118968712e-01 1.017047771356849095e+00
1.269768301264252996e-01 1.017187758429304534e+00
1.266567042009228983e-01 1.017329805466303139e+00
1.263341789380248159e-01 1.017460812419694660e+00
1.260089954253749978e-01 1.017592772140183843e+00
1.256809332215590436e-01 1.017730719279581919e+00
1.253500485577838663e-01 1.017870254348260950e+00
1.250168707397706080e-01 1.017997350738552687e+00
1.246810879988801690e-01 1.018126022005628073e+00
1.243423982581083331e-01 1.018263032636200771e+00
1.240010493700180183e-01 1.018398016634449066e+00
1.236574264155344965e-01 1.018522360293403484e+00
1.233112330159952252e-01 1.018648793249274487e+00
1.229622203539499220e-01 1.018782491289860870e+00
1.226105584755773359e-01 1.018915570718335717e+00
1.222567129730985358e-01 1.019036701035228587e+00
1.219003459536236317e-01 1.019160304118577720e+00
1.215412166571933350e-01 1.019291162584136989e+00
1.211797417705889335e-01 1.019415231571269231e+00
1.208157978898523749e-01 1.019538990918139154e+00
1.204493357626934824e-01 1.019663826752132740e+00
1.200805144720507173e-01 1.019785223756226378e+00
1.197092536111964006e-01 1.019906911513561942e+00
1.193354876618744620e-01 1.020030382603920094e+00
1.189594091502415435e-01 1.020149932206873666e+00
1.185809897971961124e-01 1.020268228043663461e+00
1.182001031601804253e-01 1.020389058061314635e+00
1.178168668051856882e-01 1.020508216019616388e+00
1.174314193156828223e-01 1.020623073361470734e+00
1.170436399709255115e-01 1.020738798413759030e+00
1.166533471466802280e-01 1.020859497927102399e+00
1.162609352223957782e-01 1.020972825184753408e+00
1.158663317947327825e-01 1.021084276398042334e+00
1.154694253571140333e-01 1.021197577253580624e+00
1.150701466823703806e-01 1.021313533609472524e+00
1.146687799821952541e-01 1.021423712423205288e+00
1.142652493119425822e-01 1.021532901082010003e+00
1.138594219971586219e-01 1.021644911524694832e+00
1.134514488065675591e-01 1.021754563641214864e+00
1.130413991674096147e-01 1.021861300913646797e+00
1.126291800021172185e-01 1.021968907703224128e+00
1.122147135000874929e-01 1.022078894516445846e+00
1.117982945085254642e-01 1.022182700161364366e+00
1.113798278996332158e-01 1.022285793417079036e+00
1.109591597386832690e-01 1.022392378846379124e+00
1.105364765849832509e-01 1.022496046379780754e+00
1.101118398354870576e-01 1.022596720041386131e+00
1.096851673425687929e-01 1.022697950457740701e+00
1.092563750319094779e-01 1.022801561109443869e+00
1.088257172774183129e-01 1.022900002531091701e+00
1.083931365219543697e-01 1.022997298266235200e+00
1.079585198449226902e-01 1.023096844173000397e+00
1.075219769950915144e-01 1.023194771446370277e+00
1.070835999171348973e-01 1.023289590786191194e+00
1.066433133411295170e-01 1.023384737907321096e+00
1.062010660027903064e-01 1.023481330526231359e+00
1.057570464177966102e-01 1.023573933002049019e+00
1.053112050314816556e-01 1.023665779272989074e+00
1.048634888947029553e-01 1.023758571170052978e+00
1.044139961401179539e-01 1.023849382563742472e+00
1.039627610311665423e-01 1.023938347119747405e+00
1.035096868854236407e-01 1.024028805317536817e+00
1.030548756963068913e-01 1.024117460500777899e+00
1.025984089565743496e-01 1.024203176857793496e+00
1.021402379299742452e-01 1.024288642207990208e+00
1.016802478803859877e-01 1.024376850457792365e+00
1.012186661724175929e-01 1.024460746042196613e+00
1.007554777240128874e-01 1.024542862345306782e+00
1.002906182645263433e-01 1.024625695773907719e+00
9.982411451474426656e-02 1.024708219745596560e+00
9.935605497462345059e-02 1.024788376489909503e+00
9.888639276836130865e-02 1.024868521515599040e+00
9.841514640732910990e-02 1.024948197897695312e+00
9.794241578281452643e-02 1.025025142675803247e+00
9.746814961825514545e-02 1.025102003565976805e+00
9.699232768016667616e-02 1.025179328349291152e+00
9.651507406023709934e-02 1.025253782786975876e+00
9.603637379264533258e-02 1.025327176197372792e+00
9.555618081993290380e-02 1.025401190530587980e+00
9.507457905324613601e-02 1.025473417546553856e+00
9.459160050620318838e-02 1.025543950563441387e+00
9.410718885913645082e-02 1.025615044572479873e+00
9.362141744209795391e-02 1.025684585826293294e+00
9.313433567702213145e-02 1.025752115154132893e+00
9.264591376199303452e-02 1.025819383566884513e+00
9.215613791453618198e-02 1.025886866083954185e+00
9.166513038851703543e-02 1.025951399306546774e+00
9.117286898199811196e-02 1.026015012930337145e+00
9.067929283161985099e-02 1.026079688338715767e+00
9.018453069024298663e-02 1.026141675817870302e+00
8.968859363249505334e-02 1.026202042466724196e+00
8.919141649871757671e-02 1.026263227691889712e+00
8.869307327563817622e-02 1.026322972537020650e+00
8.819363565174004327e-02 1.026380204980054556e+00
8.769307320416132312e-02 1.026436941793586133e+00
8.719132795621878373e-02 1.026494880209447569e+00
8.668855794960689254e-02 1.026549468384112096e+00
8.618474200079528913e-02 1.026602911026436749e+00
8.567986174269459632e-02 1.026656240079826476e+00
8.517393603293400839e-02 1.026709040898018621e+00
8.466703509005155115e-02 1.026759822135161482e+00
8.415916301880679851e-02 1.026809490962790505e+00
8.365030508470766568e-02 1.026858971947964383e+00
8.314050633753822250e-02 1.026907232767309219e+00
8.262981066670338492e-02 1.026953786268616442e+00
8.211818120817442057e-02 1.027000407711623042e+00
8.160568550405065957e-02 1.027045374572996161e+00
8.109235743231586746e-02 1.027088667193958749e+00
8.057815437796876645e-02 1.027132188069747709e+00
8.006313012402659079e-02 1.027174478497518972e+00
7.954733717301812335e-02 1.027214841138062162e+00
7.903075754750604753e-02 1.027254689320923786e+00
7.851337344593679879e-02 1.027294725313783852e+00
7.799529754754938593e-02 1.027332038230667877e+00
7.747652162031390399e-02 1.027368195410311547e+00
7.695699166613539921e-02 1.027405124673709258e+00
7.643680873042123236e-02 1.027439913843799513e+00
7.591599301664404831e-02 1.027473127880420334e+00
7.539452797989804056e-02 1.027505967972951240e+00
7.487242951989105111e-02 1.027538223600740874e+00
7.434976782209250235e-02 1.027568432359425188e+00
7.382649531899261597e-02 1.027598806871300452e+00
7.330268086848666653e-02 1.027627542812389771e+00
7.277836823558987700e-02 1.027654365342705267e+00
7.225351677901034608e-02 1.027681247199931702e+00
7.172814677374765580e-02 1.027707651845623849e+00
7.120235438773582504e-02 1.027731413687198447e+00
7.067611640770074533e-02 1.027754434458566957e+00
7.014939498341318802e-02 1.027778030950563304e+00
6.962230852094118683e-02 1.027798955151172589e+00
6.909485622048371078e-02 1.027818563201114088e+00
6.856699307774043184e-02 1.027838638283229855e+00
6.803880722019833849e-02 1.027856743694258057e+00
6.751032371901852236e-02 1.027873237490715130e+00
6.698149556442960229e-02 1.027890100724171418e+00
6.645239851555316546e-02 1.027905254698087356e+00
6.592307240091720144e-02 1.027918558329033560e+00
6.539348615308600288e-02 1.027931713474387498e+00
6.486365772327945534e-02 1.027944345596448317e+00
6.433367994489058717e-02 1.027954395372036700e+00
6.380351217824228871e-02 1.027964169966316454e+00
6.327315867271728067e-02 1.027973700735374196e+00
6.274271712389176137e-02 1.027980667202415876e+00
6.221215289034304208e-02 1.027987217554016786e+00
6.168146693069190278e-02 1.027993535882377740e+00
6.115074771482007648e-02 1.027997526452075316e+00
6.061996780655748429e-02 1.028001039046693377e+00
6.008914123855539635e-02 1.028003961837489655e+00
5.955833472969654374e-02 1.028004921754306800e+00
5.902752524499674247e-02 1.028005476108739158e+00
5.849675569058826463e-02 1.028004755028672390e+00
5.796605872222249795e-02 1.028002579837571151e+00
5.743539451089847009e-02 1.028000673315977220e+00
5.690485362719030493e-02 1.027996636864783708e+00
5.637445701605853232e-02 1.027991011824777035e+00
5.584416289057187593e-02 1.027985637163645771e+00
5.531403000303866668e-02 1.027978918884243864e+00
5.478411085259867613e-02 1.027970216317212637e+00
5.425439425199704568e-02 1.027960801287737924e+00
5.372482905495231525e-02 1.027952308684078053e+00
5.319557331759869334e-02 1.027940325889970419e+00
5.266659663051834195e-02 1.027927358236084832e+00
5.213788936344145725e-02 1.027914138909055364e+00
5.160946091966389648e-02 1.027900558663057629e+00
5.108139781758323783e-02 1.027884634997636049e+00
5.055368725922907563e-02 1.027867859571762743e+00
5.002631135760118170e-02 1.027851105440669377e+00
4.949936134779674840e-02 1.027832081079536275e+00
4.897281210844606214e-02 1.027812549637626027e+00
4.844669092033131869e-02 1.027792082635772264e+00
4.792104930610540520e-02 1.027769859787624807e+00
4.739583868376400638e-02 1.027747973566438322e+00
4.687114233172639394e-02 1.027724173698250310e+00
4.634699014584733184e-02 1.027698669610192406e+00
4.582336104917439368e-02 1.027672840336010474e+00
4.530025685495313315e-02 1.027646803137627352e+00
4.477777204828647245e-02 1.027618299849570871e+00
4.425589984137983518e-02 1.027588733211542316e+00
4.373455988475563605e-02 1.027560643635466953e+00
4.321392461460526330e-02 1.027528981685583487e+00
4.269396185900101170e-02 1.027496337846988794e+00
4.217468205767230943e-02 1.027462942070802576e+00
4.165598247558294220e-02 1.027431738701726216e+00
4.113813697216248122e-02 1.027394785050465442e+00
4.062096027734388853e-02 1.027359588009788327e+00
4.010458731857822340e-02 1.027321896088126518e+00
3.958898625389906112e-02 1.027283752775133285e+00
3.907411689094941049e-02 1.027246388575398628e+00
3.856010533210160046e-02 1.027206261372985319e+00
3.804695270520369599e-02 1.027164724473031088e+00
3.753466075137685404e-02 1.027122439196277437e+00
3.702319385555935538e-02 1.027080670107667126e+00
3.651264886825317940e-02 1.027036737850578696e+00
3.600303995433821319e-02 1.026991369887254146e+00
3.549434939961199770e-02 1.026945726925873270e+00
3.498657116982639703e-02 1.026900097321667538e+00
3.447981494153558313e-02 1.026851732482194857e+00
3.397407264460491905e-02 1.026802201778454826e+00
3.346924838727560747e-02 1.026754485436551123e+00
3.296552429900025116e-02 1.026703123039250265e+00
3.246285970482197525e-02 1.026650954488172784e+00
3.196126520161116785e-02 1.026598117938447352e+00
3.146070733521093288e-02 1.026545783743320284e+00
3.096128021055514698e-02 1.026491348102145595e+00
3.046301202789900020e-02 1.026435156731567266e+00
2.996589649613444137e-02 1.026378244773988424e+00
2.946987001422310404e-02 1.026322562548868556e+00
2.897509114482052853e-02 1.026263531123589479e+00
2.848152351757139017e-02 1.026203734357113984e+00
2.798918031438512102e-02 1.026143225372304624e+00
2.749803095771937225e-02 1.026083124716886896e+00
2.700815723406944577e-02 1.026021183563782468e+00
2.651959931055400399e-02 1.025957317983868133e+00
2.603234237952166061e-02 1.025892860381833582e+00
2.554633571653217028e-02 1.025829374879744904e+00
2.506171615302523609e-02 1.025762954641636471e+00
2.457846297563272622e-02 1.025695584869721788e+00
2.409658681490421672e-02 1.025627474567164521e+00
2.361606493291948730e-02 1.025559562447291295e+00
2.313694071253158055e-02 1.025490664847434230e+00
2.265929369958114697e-02 1.025419285861568719e+00
2.218310198319963650e-02 1.025347213954412862e+00
2.170832640603576058e-02 1.025275774520394201e+00
2.123506832540423064e-02 1.025202117390076051e+00
2.076330961415162948e-02 1.025127804590443947e+00
2.029306981531170048e-02 1.025052675380311085e+00
1.982436029024980256e-02 1.024976853930793741e+00
1.935720353420712636e-02 1.024900123980554634e+00
1.889163997988291613e-02 1.024821928962473372e+00
1.842763026083671374e-02 1.024743985571482385e+00
1.796525315105720541e-02 1.024664198644319679e+00
1.750451825825896993e-02 1.024583249756206627e+00
1.704542213014954496e-02 1.024501806194929587e+00
1.658792178531268494e-02 1.024421189832477097e+00
1.613217197680978307e-02 1.024337118242901745e+00
1.567812660090669649e-02 1.024252471633118722e+00
1.522577822665745727e-02 1.024167723286881104e+00
1.477510943376949930e-02 1.024083359579730290e+00
1.432623529529728455e-02 1.023996311365761303e+00
1.387913691986922618e-02 1.023908393182672905e+00
1.343381365123560295e-02 1.023820056421267832e+00
1.299024552328707088e-02 1.023732009523438125e+00
1.254851930658326502e-02 1.023641938293404996e+00
1.210863475208389523e-02 1.023550861123277533e+00
1.167059830978645768e-02 1.023459119733165501e+00
1.123435783218127218e-02 1.023368349920803055e+00
1.080006185158728996e-02 1.023274352589341740e+00
1.036766584557816118e-02 1.023179854558989854e+00
9.937158996113680878e-03 1.023085376630197718e+00
9.508575090393987447e-03 1.022990064072182070e+00
9.081931502456234290e-03 1.022893899848625665e+00
8.657260376495777218e-03 1.022796506187414911e+00
8.234548471413166704e-03 1.022698828834863516e+00
7.813830726219533201e-03 1.022600136161363471e+00
7.395110942570384469e-03 1.022500840786001230e+00
6.978416382279344771e-03 1.022400562514367506e+00
6.563732354070307001e-03 1.022300160076500486e+00
6.151118678993002138e-03 1.022198200029273751e+00
5.740572586513228819e-03 1.022095530440721989e+00
5.332069115151676433e-03 1.021993130118490578e+00
4.925673781537019333e-03 1.021889226513702509e+00
4.521404795156827236e-03 1.021784116030446832e+00
4.119257529086542240e-03 1.021678517781071216e+00
3.719188062618230921e-03 1.021573773666334173e+00
3.321312538386043522e-03 1.021466553053062665e+00
2.925604434159452798e-03 1.021358757246286997e+00
2.532070121657823986e-03 1.021250514549775001e+00
2.140715159281617042e-03 1.021141909448383567e+00
1.751546844980560874e-03 1.021032940695808966e+00
1.364621521718523524e-03 1.020922381543546198e+00
9.799384634880817582e-04 1.020811045341625034e+00
5.974569303421220327e-04 1.020700339113552291e+00
2.172631233451529763e-04 1.020587792845791153e+00
-1.606542521370133455e-04 1.020474608924040627e+00
-5.362982857541130199e-04 1.020361183416538697e+00
-9.096535898978739968e-04 1.020247252425954265e+00
-1.280682172936873156e-03 1.020132118903042784e+00
-1.649400285469577532e-03 1.020016790378929894e+00
-2.015778372290566185e-03 1.019900625474080558e+00
-2.379801295361754117e-03 1.019783663927910755e+00
-2.741465559595597078e-03 1.019666216683892346e+00
-3.100762903599512017e-03 1.019548320056134827e+00
-3.457661798000164540e-03 1.019429410502174393e+00
-3.812179025337516548e-03 1.019310414048611779e+00
-4.164271798785991983e-03 1.019190304474608677e+00
-4.513936900266508553e-03 1.019069557888408140e+00
-4.861173298355159038e-03 1.018948467010511116e+00
-5.205980796820343891e-03 1.018827199080975854e+00
-5.548302421673150138e-03 1.018704418275898860e+00
-5.888156385535530009e-03 1.018581336348599597e+00
-6.225523105167600491e-03 1.018457614279192347e+00
-6.560422390652446804e-03 1.018334067390808118e+00
-6.892794226128358057e-03 1.018209107696392612e+00
-7.222645263724065783e-03 1.018083607902179777e+00
-7.549969006882375870e-03 1.017957675644138416e+00
-7.874759927417832039e-03 1.017831388949546501e+00
-8.197000941820209788e-03 1.017704497948923370e+00
-8.516680745738951924e-03 1.017577022186521019e+00
-8.833787234906922969e-03 1.017448951436550564e+00
-9.148312857440986726e-03 1.017320394395717642e+00
-9.460248311641909422e-03 1.017191361666972549e+00
-9.769583125480934757e-03 1.017061829293552710e+00
-1.007630494098383893e-02 1.016931738148439734e+00
-1.038040125054440731e-02 1.016801054927324754e+00
-1.068187801137644721e-02 1.016670224598554162e+00
-1.098070384473059068e-02 1.016538536247221458e+00
-1.127688427398589911e-02 1.016406556969084107e+00
-1.157040249174706541e-02 1.016274012042661878e+00
-1.186125334979612998e-02 1.016141055586648356e+00
-1.214942718629502712e-02 1.016007651819887281e+00
-1.243491607441144647e-02 1.015873826226944887e+00
-1.271770645288997949e-02 1.015739450689526535e+00
-1.299780130032414903e-02 1.015604874644708167e+00
-1.327517595940051927e-02 1.015469581913354125e+00
-1.354983513298880192e-02 1.015334048410474921e+00
-1.382176120671066780e-02 1.015197954162374794e+00
-1.409096010319875122e-02 1.015061727607480258e+00
-1.435740574737339945e-02 1.014924783022197019e+00
-1.462109915439781249e-02 1.014787504800799489e+00
-1.488203854572425246e-02 1.014650015297651420e+00
-1.514020134783513119e-02 1.014511855815688479e+00
-1.539560077043743147e-02 1.014373691586992532e+00
-1.564820313816425723e-02 1.014234683100757817e+00
-1.589801864724790445e-02 1.014095507391560957e+00
-1.614504352795109385e-02 1.013956153827450857e+00
-1.638925177587282830e-02 1.013816061225859544e+00
-1.663067465928017713e-02 1.013676380812204236e+00
-1.686925774753993829e-02 1.013535545726686804e+00
-1.710501136161825600e-02 1.013394391329392130e+00
-1.733793672411754888e-02 1.013253107841269207e+00
-1.756804410691130414e-02 1.013112016604569288e+00
-1.779529854013074328e-02 1.012970147246861519e+00
-1.801969432387500250e-02 1.012827746331128154e+00
-1.824123071953865846e-02 1.012685061171246126e+00
-1.845992657429551195e-02 1.012542705068635085e+00
-1.867574818786473315e-02 1.012399670987638833e+00
-1.888869348986424099e-02 1.012256246157897888e+00
-1.909876052902688068e-02 1.012112577172105787e+00
-1.930596586544863769e-02 1.011969200110687472e+00
-1.951026687350757363e-02 1.011824903370907913e+00
-1.971167510735435599e-02 1.011680435645714304e+00
-1.991018779157322990e-02 1.011535813042419685e+00
-2.010580925188499082e-02 1.011391221143094654e+00
-2.029851938805275063e-02 1.011246142089831990e+00
-2.048832299900161386e-02 1.011100939432728385e+00
-2.067520814657955106e-02 1.010955376519903526e+00
-2.085917491739834595e-02 1.010809635644512428e+00
-2.104023603096283335e-02 1.010664123775459222e+00
-2.121836148556224821e-02 1.010517976366805737e+00
-2.139355355980214132e-02 1.010371568153491051e+00
-2.156581354630424455e-02 1.010225061853389006e+00
-2.173515674049769641e-02 1.010078888895621585e+00
-2.190154038625532346e-02 1.009931813705842396e+00
-2.206498130110320227e-02 1.009784707838208950e+00
-2.222547854002642972e-02 1.009637563006275940e+00
-2.238302996696496516e-02 1.009490345290692037e+00
-2.253762577829696717e-02 1.009342846042736941e+00
-2.268926616230690710e-02 1.009195210735707837e+00
-2.283794908939517504e-02 1.009047456659151409e+00
-2.298366660649148879e-02 1.008899444371074372e+00
-2.312642774059927089e-02 1.008751528652322538e+00
-2.326621808354090160e-02 1.008603301013792919e+00
-2.340303817841977996e-02 1.008454930992959353e+00
-2.353689615094496645e-02 1.008306692923700121e+00
-2.366777912593613295e-02 1.008158198950720008e+00
-2.379568256767880877e-02 1.008009463633017688e+00
-2.392060854092349989e-02 1.007860659261716751e+00
-2.404257272550665292e-02 1.007712212359528126e+00
-2.416154248572368810e-02 1.007563128299280741e+00
-2.427753543018315932e-02 1.007414165875217815e+00
-2.439054547621674965e-02 1.007265112202539559e+00
-2.450057168150336639e-02 1.007115989347526108e+00
-2.460762370033767188e-02 1.006967073258711487e+00
-2.471168712766127692e-02 1.006817900426536516e+00
-2.481276201850775645e-02 1.006668600598521035e+00
-2.491085468966906455e-02 1.006519395192384092e+00
-2.500596036267711472e-02 1.006370117535484221e+00
-2.509808220496966349e-02 1.006220882939146577e+00
-2.518722013920308977e-02 1.006071667939499648e+00
-2.527337172877695479e-02 1.005922401823187151e+00
-2.535653959108411307e-02 1.005773175583363210e+00
-2.543672276137547497e-02 1.005623945163056421e+00
-2.551392413266763762e-02 1.005474784977923086e+00
-2.558814178095769956e-02 1.005325611810303776e+00
-2.565937870445503949e-02 1.005176507106676054e+00
-2.572763596037800499e-02 1.005027463065502946e+00
-2.579291165875856676e-02 1.004878402106356372e+00
-2.585521424206713506e-02 1.004729543749983245e+00
-2.591453557952006284e-02 1.004580583425405571e+00
-2.597088019682466942e-02 1.004431685259408624e+00
-2.602425017371540195e-02 1.004282870166063324e+00
-2.607465601864168703e-02 1.004134359320279613e+00
-2.612208115295225688e-02 1.003985586131994845e+00
-2.616653627750812477e-02 1.003836949293984926e+00
-2.620802911914433056e-02 1.003688573801988504e+00
-2.624655651153353850e-02 1.003540249824815156e+00
-2.628212125776873548e-02 1.003392021682378177e+00
-2.631472289021134434e-02 1.003243829766345074e+00
-2.634436594117811614e-02 1.003095769271432625e+00
-2.637105278183322563e-02 1.002947833766184793e+00
-2.639478494154105445e-02 1.002799998989878816e+00
-2.641556851780483758e-02 1.002652367015624657e+00
-2.643340146945930003e-02 1.002504785413264710e+00
-2.644828792526511888e-02 1.002357332215868757e+00
-2.646023428821594331e-02 1.002210103295795740e+00
-2.646924247407522746e-02 1.002063034408470665e+00
-2.647531071954013770e-02 1.001916001454948857e+00
-2.647844563947364047e-02 1.001769151839902783e+00
-2.647844563947364047e-02 1.001622659192360709e+00
-2.647572786558453906e-02 1.001476163363043570e+00
-2.647008666071585734e-02 1.001329829673895500e+00
-2.646152681568122653e-02 1.001183696825172831e+00
-2.645005847149070263e-02 1.001037917921913989e+00
-2.643567762473223240e-02 1.000892215906086014e+00
-2.641838828412191101e-02 1.000746652551875782e+00
-2.639819799313882637e-02 1.000601347115451567e+00
-2.637511745681012792e-02 1.000456438263598979e+00
-2.634914038319973936e-02 1.000311570405630679e+00
-2.632027597862402965e-02 1.000166953202513476e+00
-2.628852926852697988e-02 1.000022586962921123e+00
-2.625390586405593543e-02 9.998784864837751973e-01
-2.621641488988633167e-02 9.997347470017382554e-01
-2.617605443437278842e-02 9.995911402271212554e-01
-2.613283163822059663e-02 9.994477783238466806e-01
-2.608675386700336218e-02 9.993047229955833721e-01
-2.603783176430491189e-02 9.991620870444213320e-01
-2.598606193640802878e-02 9.990195759388793562e-01
-2.593145406718436533e-02 9.988773693529388042e-01
-2.587401358007739016e-02 9.987354506128858223e-01
-2.581375091651971071e-02 9.985939368315916997e-01
-2.575066660575806021e-02 9.984526387608453346e-01
-2.568476781929754718e-02 9.983116278330005366e-01
-2.561606338746299019e-02 9.981709812347271393e-01
-2.554455928997602029e-02 9.980306662942800555e-01
-2.547026021408664229e-02 9.978906343639962762e-01
-2.539317303409973844e-02 9.977509157964162823e-01
-2.531330723602749286e-02 9.976115910604926862e-01
-2.523066622853382956e-02 9.974725484569956224e-01
-2.514525814697044642e-02 9.973338503035040770e-01
-2.505709069088283419e-02 9.971955168636524869e-01
-2.496617045469261970e-02 9.970575306411617600e-01
-2.487250498446610947e-02 9.969199066790088715e-01
-2.477610112643967646e-02 9.967826350029344029e-01
-2.467696793438704447e-02 9.966457658142422460e-01
-2.457511112274281956e-02 9.965092407301062716e-01
-2.447053790723328209e-02 9.963730680914055782e-01
-2.436325670987895403e-02 9.962372822259353278e-01
-2.425327497398801005e-02 9.961018758297848219e-01
-2.414060046817727984e-02 9.959668533837149340e-01
-2.402524118742626127e-02 9.958322227871727605e-01
-2.390720514262267143e-02 9.956979883875873849e-01
-2.378650086790742857e-02 9.955641654400033680e-01
-2.366313597801156243e-02 9.954307385866958402e-01
-2.353711892154845137e-02 9.952977209958608906e-01
-2.340845808854752699e-02 9.951651177869981213e-01
-2.327716167677704520e-02 9.950329267133278810e-01
-2.314323842337989712e-02 9.949011601358259682e-01
-2.300669767848638816e-02 9.947698395596660248e-01
-2.286754771661334701e-02 9.946389488470978035e-01
-2.272579728989273726e-02 9.945084918696244225e-01
-2.258145503678049906e-02 9.943784677210970591e-01
-2.243453029252003364e-02 9.942488933681276064e-01
-2.228503261141400599e-02 9.941197827705038348e-01
-2.213297057679527308e-02 9.939911186338743487e-01
-2.197835373545669463e-02 9.938629163975635228e-01
-2.182119190159800826e-02 9.937351904664053492e-01
-2.166149391952990402e-02 9.936079237955908194e-01
-2.149926967173155026e-02 9.934811338169273753e-01
-2.133452889854073678e-02 9.933548256927841047e-01
-2.116728129459485505e-02 9.932290008618358534e-01
-2.099753694029155709e-02 9.931036696874262493e-01
-2.082530522442827339e-02 9.929788200612218452e-01
-2.065059645192862670e-02 9.928544688322105127e-01
-2.047342053587286256e-02 9.927306146288019661e-01
-2.029378674929695550e-02 9.926072407640941231e-01
-2.011170558765958821e-02 9.924843694552036855e-01
-1.992718760071406775e-02 9.923620131680546130e-01
-1.974024333056685274e-02 9.922401779444377512e-01
-1.955088345830798685e-02 9.921188702798380277e-01
-1.935911826378314965e-02 9.919980833908889073e-01
-1.916495881357584835e-02 9.918778335543526614e-01
-1.896841532237714123e-02 9.917581076112993443e-01
-1.876949913022995728e-02 9.916389271160608310e-01
-1.856822079681276841e-02 9.915202833366915103e-01
-1.836459089779014092e-02 9.914021723068708880e-01
-1.815862099427386148e-02 9.912846166796192016e-01
-1.795032096891954754e-02 9.911675858200424960e-01
-1.773970309279478130e-02 9.910511241209928324e-01
-1.752677900158713942e-02 9.909352378943961925e-01
-1.731156025452449884e-02 9.908199283847228811e-01
-1.709405777704671794e-02 9.907051803695076098e-01
-1.687428284303066003e-02 9.905909949484431598e-01
-1.665224657323624222e-02 9.904773688434518331e-01
-1.642796045500088606e-02 9.903643095799328222e-01
-1.620143656296321386e-02 9.902518356031153601e-01
-1.597268725227534922e-02 9.901399631484518737e-01
-1.574172445022913036e-02 9.900286896371612855e-01
-1.550855947923060300e-02 9.899179986577082424e-01
-1.527320556876194876e-02 9.898079296812285488e-01
-1.503567212139473273e-02 9.896984067705246746e-01
-1.479597415333213511e-02 9.895895322977882325e-01
-1.455412389504063403e-02 9.894812878056974403e-01
-1.431013346474300195e-02 9.893736612594986601e-01
-1.406401557173532144e-02 9.892666614186480523e-01
-1.381578266504831891e-02 9.891602861562397431e-01
-1.356544726163461979e-02 9.890545361068682206e-01
-1.331302183260168505e-02 9.889494104417015929e-01
-1.305851911477160128e-02 9.888449153891895049e-01
-1.280195192389203644e-02 9.887410560366963752e-01
-1.254333408601752270e-02 9.886378601855762005e-01
-1.228267740127742327e-02 9.885352910883763444e-01
-1.201999565242716297e-02 9.884333799370225160e-01
-1.175530209392622316e-02 9.883321291200786174e-01
-1.148860943238456424e-02 9.882315261355886227e-01
-1.121993198590528519e-02 9.881316050199030476e-01
-1.094928291979717534e-02 9.880323539713394831e-01
-1.067667505458341944e-02 9.879337584694166674e-01
-1.040212254424375572e-02 9.878358445903075991e-01
-1.012563895548655724e-02 9.877386106903146556e-01
-9.847237254988504274e-03 9.876420409467968620e-01
-9.566932082856072911e-03 9.875461692841784878e-01
-9.284736597364203273e-03 9.874509756188832865e-01
-9.000664709245487227e-03 9.873564687205644841e-01
-8.714729028075504647e-03 9.872626204451234733e-01
-8.426943959505946158e-03 9.871694616224134800e-01
-8.137324392566791173e-03 9.870770197518187183e-01
-7.845883605610384434e-03 9.869852683160900142e-01
-7.552634683313457810e-03 9.868941892147126138e-01
-7.257592117636305420e-03 9.868038085795182157e-01
-6.960769849061868020e-03 9.867141256894890189e-01
-6.662182072305727377e-03 9.866251465399317189e-01
-6.361843433358885073e-03 9.865368854103855334e-01
-6.059765907237941833e-03 9.864492826662599745e-01
-5.755965267700367122e-03 9.863624034587813449e-01
-5.450454930980728682e-03 9.862762214254905402e-01
-5.143249557310130247e-03 9.861907544850710972e-01
-4.834364259749947962e-03 9.861060229176218384e-01
-4.523811408187110826e-03 9.860219682838307076e-01
-4.211606223314368416e-03 9.859386326341875728e-01
-3.897762962220439539e-03 9.858560129038362874e-01
-3.582297982510980472e-03 9.857741600732724541e-01
-3.265222098740030825e-03 9.856929610564532096e-01
-2.946551979315155390e-03 9.856125056566954479e-01
-2.626302043241606540e-03 9.855327825405998388e-01
-2.304487021883112972e-03 9.854537938504283057e-01
-1.981120642731702339e-03 9.853755155605197213e-01
-1.656218689258646569e-03 9.852979870575242494e-01
-1.329796211052156930e-03 9.852212096876906688e-01
-1.001862801904709584e-03 9.851450477292499341e-01
-6.724384872047941154e-04 9.850696941112178084e-01
-3.415382016773828647e-04 9.849951180315144050e-01
-9.174060373820123668e-06 9.849212335972589161e-01
3.246368795455566126e-04 9.848481214147358775e-01
6.598789906877321806e-04 9.847757860429042776e-01
9.965424096644846276e-04 9.847040856611241066e-01
1.334606624389100653e-03 9.846332155765373795e-01
1.674055890250014580e-03 9.845631542558366256e-01
2.014877801098549030e-03 9.844938074707957343e-01
2.357058448717592580e-03 9.844251656590126132e-01
2.700578762925014316e-03 9.843573530884115463e-01
3.045423253893535329e-03 9.842903423840835275e-01
3.391577046375046818e-03 9.842241044940948091e-01
3.739029171514955500e-03 9.841585272326404121e-01
4.087759909436440922e-03 9.840937732823737960e-01
4.437755417507014029e-03 9.840297770535133548e-01
4.788997424339165067e-03 9.839666164700436868e-01
5.141471606903287063e-03 9.839042317850096309e-01
5.495164740326254592e-03 9.838425656710213518e-01
5.850059328788328496e-03 9.837816962380496744e-01
6.206139251909313127e-03 9.837216281550910102e-01
6.563389709725878096e-03 9.836623307462221133e-01
6.921793209164602174e-03 9.836038560012336784e-01
7.281333474276443715e-03 9.835461994869115765e-01
7.641997747298681469e-03 9.834892710319906861e-01
8.003767991021416145e-03 9.834331575370177658e-01
8.366627407660221297e-03 9.833778714666294718e-01
8.730562829926177132e-03 9.833233282907566375e-01
9.095554894479003505e-03 9.832696406456483684e-01
9.461589683966186923e-03 9.832167286997353095e-01
9.828652927774531034e-03 9.831645613687498564e-01
1.019672555545399206e-02 9.831132431064791843e-01
1.056579333609862850e-02 9.830627051512144110e-01
1.093583870420797299e-02 9.830129964869643855e-01
1.130684691708178265e-02 9.829640710357276934e-01
1.167880219904326132e-02 9.829159315829176791e-01
1.205168520542188558e-02 9.828686687460840288e-01
1.242548344815365934e-02 9.828221564188384107e-01
1.280017950622526143e-02 9.827764548717199400e-01
1.317575579879097514e-02 9.827315982358079127e-01
1.355219993396635306e-02 9.826874738526103492e-01
1.392949223169608584e-02 9.826442075971526524e-01
1.430761635296298913e-02 9.826017788809945364e-01
1.468655941200516096e-02 9.825600910785337039e-01
1.506630238038685413e-02 9.825192494438153012e-01
1.544683153573885026e-02 9.824791739521985257e-01
1.582812773680148874e-02 9.824399600636241070e-01
1.621017571208350008e-02 9.824015587638526004e-01
1.659296024989063631e-02 9.823639440508387111e-01
1.697646601973916772e-02 9.823271058932968591e-01
1.736067251923892676e-02 9.822911685732451659e-01
1.774556842278060195e-02 9.822559648121714782e-01
1.813113585170125774e-02 9.822215747971602129e-01
1.851735626891606867e-02 9.821880550823006706e-01
1.890421538756238348e-02 9.821553276890832018e-01
1.929169809523712670e-02 9.821233742667638822e-01
1.967978626291489591e-02 9.820922610555284926e-01
2.006845919545112433e-02 9.820620853284492968e-01
2.045771237755127439e-02 9.820324912258117100e-01
2.084752284940633374e-02 9.820037619306201115e-01
2.123786763301345817e-02 9.819760394892227406e-01
2.162873766834124550e-02 9.819490469755074447e-01
2.202012516731967351e-02 9.819226141273837971e-01
2.241199959052600152e-02 9.818972245976245183e-01
2.280434783551909053e-02 9.818726842880758365e-01
2.319715681028730950e-02 9.818488958889232121e-01
2.359041407611340430e-02 9.818257944128999659e-01
2.398409074871418745e-02 9.818037585055211514e-01
2.437816865411307488e-02 9.817827097318790885e-01
2.477267391460379400e-02 9.817615014677624208e-01
2.516753754608937882e-02 9.817419380608323198e-01
2.556276044217631674e-02 9.817231747423335042e-01
2.595832672175714395e-02 9.817052084957368363e-01
2.635425203541820124e-02 9.816872495204327365e-01
2.675045606966883552e-02 9.816713020180413141e-01
2.714697796734450927e-02 9.816553816812196853e-01
2.754377297320699525e-02 9.816405938081385063e-01
2.794083556965969162e-02 9.816265101068426535e-01
2.833815565607456996e-02 9.816130310071401466e-01
2.873571998515340314e-02 9.816001853906899388e-01
2.913348155626209815e-02 9.815888315317183865e-01
2.953144575085048587e-02 9.815780890152402405e-01
2.992960630256222970e-02 9.815678088289172543e-01
3.032792883135889198e-02 9.815586193086328626e-01
3.072640952479566839e-02 9.815500704324877645e-01
3.112503972203902597e-02 9.815420583992506831e-01
3.152377469223290041e-02 9.815354330588692555e-01
3.192261764493960902e-02 9.815294208258577013e-01
3.232155962040555996e-02 9.815239391403707270e-01
3.272058248876549835e-02 9.815191759752776024e-01
3.311964578672371706e-02 9.815157836527741431e-01
3.351874830676165179e-02 9.815131069395295338e-01
3.391789680172381527e-02 9.815106192098014271e-01
3.431705100266449482e-02 9.815092326954746316e-01
3.471617988334589622e-02 9.815091724447930766e-01
3.511529634967433533e-02 9.815094526782763840e-01
3.551438243727032124e-02 9.815103522633293887e-01
3.591341498658925935e-02 9.815121405127820164e-01
3.631236322391890453e-02 9.815151424372406952e-01
3.671122139367660048e-02 9.815188950887687724e-01
3.711001353896428712e-02 9.815224220262830368e-01
3.750865766274682350e-02 9.815278860326688282e-01
3.790716863974302048e-02 9.815339467055201883e-01
3.830552917671754820e-02 9.815407380424876482e-01
3.870372988621646054e-02 9.815481293978617350e-01
3.910174984564181166e-02 9.815563438273877672e-01
3.949956235309075303e-02 9.815656373415612146e-01
3.989716413731754507e-02 9.815755521792016713e-01
4.029456421550599993e-02 9.815855522489801421e-01
4.069168483848688983e-02 9.815975386640586331e-01
4.108854761337757400e-02 9.816099780738530844e-01
4.148513947879897690e-02 9.816229705154821961e-01
4.188146289814875800e-02 9.816361778880874356e-01
4.227744806819024731e-02 9.816512378070972877e-01
4.267311030049724535e-02 9.816668412099645025e-01
4.306844646493686313e-02 9.816827946080826095e-01
4.346342461421758008e-02 9.816997216861140796e-01
4.385805976176857662e-02 9.817167602683729566e-01
4.425227915774605086e-02 9.817356733488404874e-01
4.464609745324814305e-02 9.817551574009586446e-01
4.503950754838217246e-02 9.817751044362192925e-01
4.543251286349910684e-02 9.817951974542770133e-01
4.582503825021645022e-02 9.818172421732956900e-01
4.621710338386238182e-02 9.818397708595903994e-01
4.660870360499808768e-02 9.818626580154933281e-01
4.699980353756411100e-02 9.818866088076868559e-01
4.739044647348171491e-02 9.819100091199941538e-01
4.778050372550384645e-02 9.819363513735346327e-01
4.817004016703259339e-02 9.819625427626393899e-01
4.855902658332289512e-02 9.819893890881529197e-01
4.894745341685172169e-02 9.820168018199466609e-01
4.933529008891077150e-02 9.820452622225879225e-01
4.972257270794692985e-02 9.820733437494808538e-01
5.010919703105080891e-02 9.821038419112342321e-01
5.049519602989933215e-02 9.821347240984947824e-01
5.088056004551631123e-02 9.821660397729136127e-01
5.126527871240454254e-02 9.821978313283417084e-01
5.164934148340585840e-02 9.822301245032287742e-01
5.203268585081879949e-02 9.822642311803816417e-01
5.241534175358482373e-02 9.822984961351309829e-01
5.279727869426641129e-02 9.823336026646165564e-01
5.317853552552618407e-02 9.823681586649046782e-01
5.355899278293633353e-02 9.824054260112893289e-01
5.393869006273913080e-02 9.824430591246654521e-01
5.431763530510664434e-02 9.824806766172355932e-01
5.469580649244162873e-02 9.825188367393339339e-01
5.507317214560301238e-02 9.825580551547230534e-01
5.544972516864767748e-02 9.825979801153356119e-01
5.582544694595565488e-02 9.826387237390591389e-01
5.620032582003899047e-02 9.826801681315370240e-01
5.657434615123111549e-02 9.827223539000562447e-01
5.694749257544816368e-02 9.827652944586926509e-01
5.731978212759667596e-02 9.828081865397242378e-01
5.769115984041078837e-02 9.828524285636001112e-01
5.806160144570579607e-02 9.828979522635157284e-01
5.843112844051560201e-02 9.829435793756035045e-01
5.879972222055701581e-02 9.829897233008572099e-01
5.916735823544605477e-02 9.830367393922933017e-01
5.953403052215982399e-02 9.830843406423931397e-01
5.989971851675546244e-02 9.831327485703963420e-01
6.026441102112877618e-02 9.831818397899562134e-01
6.062810256876086795e-02 9.832314093182665804e-01
6.099076339269336039e-02 9.832819621749118166e-01
6.135237510889861301e-02 9.833334662964153816e-01
6.171298871436653455e-02 9.833841711256005036e-01
6.207248140032341210e-02 9.834375465279692197e-01
6.243090731064394883e-02 9.834909036200619736e-01
6.278823585573393984e-02 9.835450162968718546e-01
6.314450732295774638e-02 9.835984995819316845e-01
6.349962507430416403e-02 9.836540841213963215e-01
6.385359583815082563e-02 9.837105510786224860e-01
6.420645412980044431e-02 9.837665963621613496e-01
6.455816828555288600e-02 9.838232224013603311e-01
6.490870132953856231e-02 9.838810632151289148e-01
6.525805087642275182e-02 9.839395710495504321e-01
6.560619729880891315e-02 9.839989030792121172e-01
6.595314000676841260e-02 9.840586619547093683e-01
6.629884806676208941e-02 9.841194075916036565e-01
6.664338930730413779e-02 9.841789508963413313e-01
6.698661692585253236e-02 9.842415630985514863e-01
6.732858345561849867e-02 9.843043964192172979e-01
6.766930318241483333e-02 9.843669831537908976e-01
6.800875982696152899e-02 9.844298535773189363e-01
6.834691552957933292e-02 9.844938123373050409e-01
6.868373620209354546e-02 9.845591674698880302e-01
6.901928626950736001e-02 9.846236101636893778e-01
6.935346336121588073e-02 9.846901559032226192e-01
6.968629318066837941e-02 9.847571105793897495e-01
7.001777389876676083e-02 9.848243154513262043e-01
7.034789875771069179e-02 9.848918143661555824e-01
7.067664933762166091e-02 9.849599207993944283e-01
7.100399366457303685e-02 9.850291303400037224e-01
7.132993269038846729e-02 9.850988676387069098e-01
7.165446211014628308e-02 9.851689764394987447e-01
7.197755533252762905e-02 9.852399357743065744e-01
7.229922925378436116e-02 9.853108979698257386e-01
7.261945086738497146e-02 9.853826867589884353e-01
7.293819022696258758e-02 9.854556375041447769e-01
7.325548638150283787e-02 9.855281930026570381e-01
7.357127609181879357e-02 9.856021318575203249e-01
7.388555793047565934e-02 9.856767980764291615e-01
7.419834399603171537e-02 9.857515255134039478e-01
7.450963937399332493e-02 9.858261564217524198e-01
7.481939631028267090e-02 9.859019329177335367e-01
7.512759561414031340e-02 9.859787619765166822e-01
7.543425289121760691e-02 9.860557271754165631e-01
7.573933671716827354e-02 9.861335460530324948e-01
7.604284745705236492e-02 9.862117826435046197e-01
7.634480575206292752e-02 9.862897120605790269e-01
7.664517204451050392e-02 9.863684768331909547e-01
7.694390783820856394e-02 9.864486216882348835e-01
7.724102390282608366e-02 9.865291873427703973e-01
7.753652149990779285e-02 9.866099318584332645e-01
7.783037850141603931e-02 9.866913190056014749e-01
7.812262094939613488e-02 9.867723764173892409e-01
7.841319322799240876e-02 9.868546593578786386e-01
7.870208015343348185e-02 9.869379346570034128e-01
7.898927576598330225e-02 9.870218551288467701e-01
7.927486366955335817e-02 9.871040080892629076e-01
7.955867328648467962e-02 9.871895417354391578e-01
7.984077846071180318e-02 9.872749196261322302e-01
8.012122563501769545e-02 9.873590585695094513e-01
8.039993113152583970e-02 9.874446699861418875e-01
8.067687402753975778e-02 9.875315407068139262e-01
8.095205654824215447e-02 9.876189854499379805e-01
8.122552410862447780e-02 9.877055818295016332e-01
8.149719818584277853e-02 9.877937170983840387e-01
8.176710725102635802e-02 9.878819100336933001e-01
8.203524228720890377e-02 9.879703572263739408e-01
8.230158814206862961e-02 9.880593103557844259e-01
8.256610982860633496e-02 9.881493911285403886e-01
8.282881167648528664e-02 9.882399274813873369e-01
8.308970996003688103e-02 9.883302847659946044e-01
8.334880184424618699e-02 9.884206233918552131e-01
8.360601060608267854e-02 9.885128707641059886e-01
8.386138787562991137e-02 9.886047817574628027e-01
8.411493642935653769e-02 9.886964551496566500e-01
8.436660765923877092e-02 9.887892249418632762e-01
8.461639095980057201e-02 9.888828080709772816e-01
8.486427861800596717e-02 9.889769906944445577e-01
8.511026252985262608e-02 9.890716756651467545e-01
8.535446888111918040e-02 9.891634571650003149e-01
8.559664733192691444e-02 9.892600454263976717e-01
8.583690472357367873e-02 9.893563660361205381e-01
8.607529258041671238e-02 9.894512647110751402e-01
8.631175971635049460e-02 9.895467320712836301e-01
8.654625452174581623e-02 9.896437740148494866e-01
8.677878462344115751e-02 9.897414125791319517e-01
8.700936544873405509e-02 9.898389637713341793e-01
8.723804359180264978e-02 9.899353064230429489e-01
8.746470541994466608e-02 9.900338856220617378e-01
8.768936656186762657e-02 9.901331923770474441e-01
8.791210422452391815e-02 9.902309327362071034e-01
8.813283315613140712e-02 9.903300211920070817e-01
8.835154209290883853e-02 9.904300652906585789e-01
8.856823462886377618e-02 9.905304973605467689e-01
8.878292605953808092e-02 9.906307410275067005e-01
8.899564101825060969e-02 9.907302746600307186e-01
8.920628484026550675e-02 9.908318198937338117e-01
8.941489049388644250e-02 9.909335467204344328e-01
8.962150579565716924e-02 9.910341689300399270e-01
8.982605998536780101e-02 9.911360078363450343e-01
9.002853908728480903e-02 9.912388044843382096e-01
9.022893822657100660e-02 9.913422018741050445e-01
9.042732744465981076e-02 9.914441485989231584e-01
9.062362067827021972e-02 9.915475215732922898e-01
9.081783070917068268e-02 9.916512881282253389e-01
9.100997692282303264e-02 9.917547668368945635e-01
9.120004181319141257e-02 9.918585392733284545e-01
9.138799951591007609e-02 9.919631051827886292e-01
9.157384217546671312e-02 9.920682642165690179e-01
9.175757156807040626e-02 9.921736754072828512e-01
9.193919237913610043e-02 9.922790955410898395e-01
9.211868715749270409e-02 9.923849564257207767e-01
9.229622731815426140e-02 9.924867523104122791e-01
9.247145047480637148e-02 9.925955753529942527e-01
9.264451273593489466e-02 9.927040092623748979e-01
9.281554994026600114e-02 9.928088526370004718e-01
9.298441743240191959e-02 9.929155171291929038e-01
9.315109627432908990e-02 9.930235656305079761e-01
9.331560571129420001e-02 9.931318250052170171e-01
9.347797153495315814e-02 9.932395450252254898e-01
9.363818120070988016e-02 9.933473089827854485e-01
9.379633786399187156e-02 9.934525160234336516e-01
9.395219101952798080e-02 9.935627072374048074e-01
9.410581825207806062e-02 9.936734509190412457e-01
9.425735794293008118e-02 9.937810113023110015e-01
9.440672370942154723e-02 9.938891396029595482e-01
9.455384741045864960e-02 9.939992553896429550e-01
9.469874744795919730e-02 9.941099048713986086e-01
9.484143727585772621e-02 9.942204848523267247e-01
9.498207291592200563e-02 9.943271295386471031e-01
9.512043826363526799e-02 9.944372091905827604e-01
9.525648481498498465e-02 9.945502189256392178e-01
9.539033004806334037e-02 9.946617567499513868e-01
9.552206516423426830e-02 9.947702785847933882e-01
9.565152971501923729e-02 9.948813036368631124e-01
9.577871508519097965e-02 9.949937956782286541e-01
9.590365915557932941e-02 9.951060741934965037e-01
9.602649356719734908e-02 9.952149549203884726e-01
9.614699872748623533e-02 9.953276265670628620e-01
9.626524319824310283e-02 9.954404796287006363e-01
9.638129394272863804e-02 9.955517493163027476e-01
9.649509369633336997e-02 9.956636589321240516e-01
9.660661464773309670e-02 9.957765837951595422e-01
9.671585045235758793e-02 9.958901748960581335e-01
9.682290849707139713e-02 9.960014144442745909e-01
9.692775793357462366e-02 9.961122494236472891e-01
9.703022088805596246e-02 9.962273289638808871e-01
9.713040477202315726e-02 9.963418454968515636e-01
9.722842668876051364e-02 9.964531529440826541e-01
9.732417412557869962e-02 9.965656686656776397e-01
9.741758760213098389e-02 9.966802755331226615e-01
9.750871597011780134e-02 9.967947066809815793e-01
9.759767918458027436e-02 9.969060510930196628e-01
9.768429243403543849e-02 9.970204724242215377e-01
9.776864317237293767e-02 9.971342458677642240e-01
9.785071130477172863e-02 9.972481977380032170e-01
9.793048757922635794e-02 9.973624701217265187e-01
9.800796455508671567e-02 9.974770887784449869e-01
9.808324640358058455e-02 9.975892762909667200e-01
9.815624494430728875e-02 9.977024527414064536e-01
9.822686863201393614e-02 9.978184122921279764e-01
9.829522321513715910e-02 9.979331196820742100e-01
9.836133230646748604e-02 9.980466106718696162e-01
9.842517488249630242e-02 9.981600190493054026e-01
9.848668604941562821e-02 9.982750084657602274e-01
9.854587494081301635e-02 9.983905600620363030e-01
9.860291879024513095e-02 9.985019619093059573e-01
9.865760662803381431e-02 9.986165631240265794e-01
9.870993569652816713e-02 9.987328329637451541e-01
9.876000682476183956e-02 9.988474163901217562e-01
9.880782610662899867e-02 9.989610042624728070e-01
9.885335218669095980e-02 9.990751282437780878e-01
9.889656809237365453e-02 9.991899445939123048e-01
9.893744845306283453e-02 9.993057413938175593e-01
9.897624227408333142e-02 9.994158032854871809e-01
9.901258290330536282e-02 9.995321640262834206e-01
9.904663170879558776e-02 9.996476399899768550e-01
9.907838722422881994e-02 9.997627102232483631e-01
9.910789577037823483e-02 9.998764195719794801e-01
9.913523278661506843e-02 9.999875624941596541e-01
9.916012282357217211e-02 1.000104308437242739e+00
9.918270858153517555e-02 1.000220288383637079e+00
9.920309011589818760e-02 1.000333383946834243e+00
9.922118912370482546e-02 1.000446994892342012e+00
9.923697470313266877e-02 1.000561636074565497e+00
9.925049519563670930e-02 1.000675583838772642e+00
9.926181033167912060e-02 1.000787691632416987e+00
9.927072501679345962e-02 1.000903756802440814e+00
9.927738170647780469e-02 1.001018239273202548e+00
9.928178776166343700e-02 1.001131746371051401e+00
9.928402011574474773e-02 1.001242842447583659e+00
9.928402011574474773e-02 1.001356825113303595e+00
9.928155014774790732e-02 1.001472939870663659e+00
9.927686564596038821e-02 1.001586360594110436e+00
9.926994845476194707e-02 1.001698888191107084e+00
9.926075452633684182e-02 1.001812070420271983e+00
9.924929453382112798e-02 1.001925313137119744e+00
9.923566585783995253e-02 1.002036151582180068e+00
9.921963282683239627e-02 1.002151679680369778e+00
9.920134316067907854e-02 1.002265859608108878e+00
9.918087804100830795e-02 1.002377335909914624e+00
9.915821689605548717e-02 1.002487974692868766e+00
9.913324590113671564e-02 1.002601040333494398e+00
9.910597175895029254e-02 1.002715151835498419e+00
9.907649636358485667e-02 1.002827238915976027e+00
9.904483204715099076e-02 1.002938005482925554e+00
9.901094095328055733e-02 1.003049058202314159e+00
9.897472183116118316e-02 1.003162785268232327e+00
9.893628336887382024e-02 1.003275132305391004e+00
9.889570058518382112e-02 1.003384913859036054e+00
9.885289929681401189e-02 1.003495267252854095e+00
9.880779206677624271e-02 1.003608092491462100e+00
9.876046901887559903e-02 1.003719900557337841e+00
9.871100698106780036e-02 1.003829279337954627e+00
9.865934887336325065e-02 1.003938870475681977e+00
9.860541329188410309e-02 1.004050602888910682e+00
9.854926679770123488e-02 1.004161741913117689e+00
9.849100963876962489e-02 1.004270078043939973e+00
9.843053229799965387e-02 1.004379750655310044e+00
9.836781490076830503e-02 1.004490588372529469e+00
9.830292612152106979e-02 1.004600291781536425e+00
9.823596115811597529e-02 1.004707048089986232e+00
9.816673107102140416e-02 1.004817054336448301e+00
9.809531348442256105e-02 1.004926744947285844e+00
9.802173417463523608e-02 1.005035633332417078e+00
9.794606544172623774e-02 1.005142313103024154e+00
9.786824369212972219e-02 1.005249478405515928e+00
9.778818103872778666e-02 1.005359083651897301e+00
9.770600346438353123e-02 1.005466759298645707e+00
9.762172630687315777e-02 1.005573086701172958e+00
9.753529464605523169e-02 1.005680112985125385e+00
9.744673859469954458e-02 1.005786735890545680e+00
9.735604722354224139e-02 1.005893430338296257e+00
9.726321597583456602e-02 1.006000274475930656e+00
9.716831862499854255e-02 1.006105349122956794e+00
9.707132192398772175e-02 1.006210370200839588e+00
9.697217760632073635e-02 1.006316571156185447e+00
9.687094820075101143e-02 1.006421798831426351e+00
9.676765419067658025e-02 1.006526027781664556e+00
9.666226684957211768e-02 1.006630475532534597e+00
9.655479904271009606e-02 1.006734711051908482e+00
9.644525696228721523e-02 1.006838685650617071e+00
9.633364941479065358e-02 1.006942309626813303e+00
9.621999713789018693e-02 1.007045239850008933e+00
9.610428423600239634e-02 1.007148220586290055e+00
9.598652252708343713e-02 1.007250931130209803e+00
9.586672776786346606e-02 1.007353112659695071e+00
9.574489748032997960e-02 1.007455091632275535e+00
9.562103844926567175e-02 1.007556799706836204e+00
9.549516612704093965e-02 1.007657986023127172e+00
9.536727578779306824e-02 1.007759029606851042e+00
9.523738041754738204e-02 1.007859677173658541e+00
9.510549184050137717e-02 1.007959831127070105e+00
9.497160654641208233e-02 1.008059826029858108e+00
9.483573496271205383e-02 1.008159480721520396e+00
9.469789337723051592e-02 1.008258558111889469e+00
9.455807420839874855e-02 1.008357536390829701e+00
9.441628994382718354e-02 1.008456152923794535e+00
9.427255900951132805e-02 1.008554127933884548e+00
9.412687082560843022e-02 1.008652046678605751e+00
9.397924198212272151e-02 1.008749522540536292e+00
9.382969272998308019e-02 1.008846270687849822e+00
9.367819933313588365e-02 1.008943248379195579e+00
9.352479056378408540e-02 1.009039621537483500e+00
9.336949075389877617e-02 1.009135084129965110e+00
9.321226674918291211e-02 1.009230920296970035e+00
9.305314535355607708e-02 1.009326273153246634e+00
9.289216449603514281e-02 1.009420436128737553e+00
9.272928222139018017e-02 1.009515053044583777e+00
9.256452355622230010e-02 1.009609271265579755e+00
9.239792964886525684e-02 1.009702261430806658e+00
9.222945578954941381e-02 1.009795755312389964e+00
9.205913818732303078e-02 1.009888595825945146e+00
9.188700600304355870e-02 1.009980380634050157e+00
9.171301648474584900e-02 1.010072706388558395e+00
9.153721561126382245e-02 1.010164153145420629e+00
9.135962471673399199e-02 1.010254627050046761e+00
9.118019171332795991e-02 1.010345916724264992e+00
9.099897502946338590e-02 1.010436153572837892e+00
9.081599753892176385e-02 1.010525292164050404e+00
9.063122127887356105e-02 1.010614830697321054e+00
9.044467380422289982e-02 1.010703880329017812e+00
9.025639121822828792e-02 1.010791782928464944e+00
9.006632515028115127e-02 1.010880321277001892e+00
8.987452862885959848e-02 1.010967851788130645e+00
8.968102378793858798e-02 1.011054325031181200e+00
8.948577507144810095e-02 1.011141158541943419e+00
8.928880414030083978e-02 1.011227630663743771e+00
8.909014972672774091e-02 1.011312953785290292e+00
8.888979477211719771e-02 1.011398128871999536e+00
8.868774903009737920e-02 1.011482986100586068e+00
8.848403432392062951e-02 1.011567138818802558e+00
8.827865281082447613e-02 1.011650885350896090e+00
8.807161632879829949e-02 1.011734132840192979e+00
8.786293545804056693e-02 1.011816866303130613e+00
8.765260651818325421e-02 1.011899434762089101e+00
8.744066311131555580e-02 1.011981080666827681e+00
8.722710288306098625e-02 1.012062324153868875e+00
8.701192192211809617e-02 1.012143464214597444e+00
8.679515151957575836e-02 1.012223770284947921e+00
8.657681135166929443e-02 1.012303167454226438e+00
8.635687848678061385e-02 1.012382683463421085e+00
8.613537363347625875e-02 1.012461741178410257e+00
8.591232240096495498e-02 1.012539929516078407e+00
8.568772177588333816e-02 1.012617758499170462e+00
8.546157799189307847e-02 1.012695251963432463e+00
8.523392413691989467e-02 1.012771750470136567e+00
8.500475526144836425e-02 1.012847875235947104e+00
8.477407880473822321e-02 1.012923627149817873e+00
8.454190133960709508e-02 1.012999028317278061e+00
8.430824954743344757e-02 1.013073587077070847e+00
8.407312578070585962e-02 1.013147665820815835e+00
8.383653620608627621e-02 1.013221350389988507e+00
8.359849748955305859e-02 1.013294421222415531e+00
8.335902497622284246e-02 1.013366801558553965e+00
8.311811524637964521e-02 1.013438922139447751e+00
8.287579300871630861e-02 1.013510295125398253e+00
8.263207128489438724e-02 1.013580968772338053e+00
8.238694300474194709e-02 1.013651469504070812e+00
8.214042827807141456e-02 1.013721381032889335e+00
8.189254942692461570e-02 1.013790439909205254e+00
8.164330581282318311e-02 1.013859088421229071e+00
8.139270886942837069e-02 1.013927245909575614e+00
8.114077642617356645e-02 1.013994712150248834e+00
8.088751568738315745e-02 1.014061652658975410e+00
8.063293919821747091e-02 1.014128016672720678e+00
8.037705634439015756e-02 1.014193857796133802e+00
8.011988138164755080e-02 1.014259081080722824e+00
7.986142116559377668e-02 1.014323824055796575e+00
7.960169469675054676e-02 1.014387851863069789e+00
7.934070734723638885e-02 1.014451387783479763e+00
7.907847288745130376e-02 1.014514333500458054e+00
7.881499934339086799e-02 1.014576783465830800e+00
7.855030770672884188e-02 1.014638460763556793e+00
7.828439073654554214e-02 1.014699932750451561e+00
7.801731564224562154e-02 1.014759621846814674e+00
7.774903090343299183e-02 1.014819707507813806e+00
7.747956968816910317e-02 1.014879162249595179e+00
7.720894275093445613e-02 1.014938032669754575e+00
7.693715923523515576e-02 1.014996382341450509e+00
7.666424287067463705e-02 1.015053878398828990e+00
7.639019943632512077e-02 1.015110803172243115e+00
7.611504769475307963e-02 1.015166973239513437e+00
7.583879562706698219e-02 1.015222566425999950e+00
7.556145154537252662e-02 1.015277663369452021e+00
7.528302786680490799e-02 1.015332201763007092e+00
7.500353906445264562e-02 1.015386099054400804e+00
7.472299391075482022e-02 1.015439456483736791e+00
7.444140555928763225e-02 1.015492215142638655e+00
7.415878755467007755e-02 1.015544335800848907e+00
7.387515428989854804e-02 1.015595777633803376e+00
7.359052435765875422e-02 1.015646415236987510e+00
7.330489459302075295e-02 1.015696729848534652e+00
7.301829462557443695e-02 1.015746142224515980e+00
7.273072833142940619e-02 1.015795006579974569e+00
7.244220417131125300e-02 1.015843385407031896e+00
7.215273714325182164e-02 1.015891146519092514e+00
7.186234477988502622e-02 1.015938160457806827e+00
7.157103618239764320e-02 1.015984573280178882e+00
7.127882376140563803e-02 1.016030375278980546e+00
7.098572439072110829e-02 1.016075450020694548e+00
7.069174613264213314e-02 1.016119959576412546e+00
7.039690185575227244e-02 1.016163864824543461e+00
7.010121249950074240e-02 1.016206944432650694e+00
6.980468175532544839e-02 1.016249518934798202e+00
6.950732201057951976e-02 1.016291531200137932e+00
6.920915492232738997e-02 1.016332720920462895e+00
6.891018569236041780e-02 1.016373369323496645e+00
6.861043791809527670e-02 1.016413157132467715e+00
6.830988624510671292e-02 1.016453148505038762e+00
6.800861757932916141e-02 1.016491069011048909e+00
6.770658223130848752e-02 1.016529196320131945e+00
6.740380176975815929e-02 1.016566887812914821e+00
6.710029820670297684e-02 1.016603811096927767e+00
6.679611981745579852e-02 1.016639143393734290e+00
6.649122249802921769e-02 1.016674782796622489e+00
6.618564954742713058e-02 1.016709493277454079e+00
6.587940183509753689e-02 1.016743717561057636e+00
6.557248389667007238e-02 1.016777585355306268e+00
6.526496384726872269e-02 1.016809572026777797e+00
6.495679142919036364e-02 1.016841874579438754e+00
6.464800263992524776e-02 1.016873435135438042e+00
6.433860999822285653e-02 1.016904311724369459e+00
6.402865257414458444e-02 1.016933869578232175e+00
6.371810098325232652e-02 1.016963502675513276e+00
6.340699117956606623e-02 1.016992274544003871e+00
6.309532183069502254e-02 1.017020649107868824e+00
6.278315156280199483e-02 1.017047359365351067e+00
6.247044074689287602e-02 1.017074228194494445e+00
6.215722484424151401e-02 1.017100289777622013e+00
6.184351195759550668e-02 1.017125745169052076e+00
6.152930349577694774e-02 1.017150862244080800e+00
6.121466724879198046e-02 1.017174115410755419e+00
6.089955373913048808e-02 1.017197673561005766e+00
6.058400318720474909e-02 1.017220378692737182e+00
6.026802925198494754e-02 1.017242315840954481e+00
5.995162826885267610e-02 1.017263960612874829e+00
5.963486170037576861e-02 1.017283922632451043e+00
5.931769348254106733e-02 1.017303944876183808e+00
5.900015319153135984e-02 1.017323257827425387e+00
5.868225686979728489e-02 1.017341815071155287e+00
5.836399986160347580e-02 1.017360110854513611e+00
5.804544795703365373e-02 1.017376631155593181e+00
5.772655946894449108e-02 1.017393305894116251e+00
5.740736340619465722e-02 1.017409332629894747e+00
5.708787085835079905e-02 1.017424758125134554e+00
5.676812986674831946e-02 1.017438681966720049e+00
5.644811219865907698e-02 1.017452560799681827e+00
5.612784163033347762e-02 1.017465822722071644e+00
5.580732616229051868e-02 1.017478576176200633e+00
5.548661867114227514e-02 1.017489753480897097e+00
5.516568119645984952e-02 1.017501091721600082e+00
5.484455682641357216e-02 1.017511433226047757e+00
5.452323851399516058e-02 1.017521452537574866e+00
5.420178417836577639e-02 1.017529862773612681e+00
5.388015367151770263e-02 1.017538472172099029e+00
5.355839277031761159e-02 1.017546036730142545e+00
5.323650698299521589e-02 1.017552941162221947e+00
5.291448789169771877e-02 1.017559725977639218e+00
5.259240569051477215e-02 1.017564696132484015e+00
5.227021829439638251e-02 1.017569811083292475e+00
5.194796387177771924e-02 1.017574044221203788e+00
5.162565383140638176e-02 1.017577551233976196e+00
5.130329387910726596e-02 1.017580552538556837e+00
5.098090677915257524e-02 1.017582731882236358e+00
5.065849059233196172e-02 1.017584548725724236e+00
5.033610106897039305e-02 1.017584790560992269e+00
5.001370417100790833e-02 1.017585095843648979e+00
4.969133849236545553e-02 1.017584468001976550e+00
4.936900666849362157e-02 1.017583307711874996e+00
4.904672664654582959e-02 1.017581432518723128e+00
4.872451310041785166e-02 1.017578833026651752e+00
4.840237662383170547e-02 1.017575606542070243e+00
4.808033617271985360e-02 1.017571592662922297e+00
4.775839695401385560e-02 1.017567054913201874e+00
4.743658392805394364e-02 1.017561631219689566e+00
4.711490392785689513e-02 1.017555593728861618e+00
4.679337603611229829e-02 1.017548772272136581e+00
4.647201110328756657e-02 1.017541287570777220e+00
4.615081824564640223e-02 1.017533243340508431e+00
4.582981084985300602e-02 1.017524584679180055e+00
4.550900332413278238e-02 1.017515258596686456e+00
4.518841012574902061e-02 1.017505237372028137e+00
4.486804859366769899e-02 1.017494435102137995e+00
4.454793330306929672e-02 1.017482877930119933e+00
4.422807184828052296e-02 1.017470753448870058e+00
4.390847571062322235e-02 1.017458058279958388e+00
4.358916299079922119e-02 1.017444625249670054e+00
4.327014511847068756e-02 1.017430537547139080e+00
4.295144190795387173e-02 1.017415627150580759e+00
4.263306246800895039e-02 1.017400077688004112e+00
4.231501312774894885e-02 1.017384050464592793e+00
4.199731122258328064e-02 1.017367350975528995e+00
4.167997348875435160e-02 1.017349896947578491e+00
4.136301601895010782e-02 1.017331663332986080e+00
4.104644232646943031e-02 1.017312952092600753e+00
4.073027094385840013e-02 1.017293538725666746e+00
4.041451503219216368e-02 1.017273445268580101e+00
4.009918821760106999e-02 1.017252671113158202e+00
3.978430254298990359e-02 1.017231255535949064e+00
3.946987040232060456e-02 1.017209209398797887e+00
3.915590654118162456e-02 1.017186479341964267e+00
3.884242387721820872e-02 1.017163084384158367e+00
3.852943478943822442e-02 1.017139047500669413e+00
3.821695179743998111e-02 1.017114376664381536e+00
3.790499037890511513e-02 1.017089001909653234e+00
3.759356308342302194e-02 1.017062961455969639e+00
3.728267513327976346e-02 1.017036457595657195e+00
3.697234729239731038e-02 1.017009202933980783e+00
3.666259330580264736e-02 1.016981229245947693e+00
3.635342142522244441e-02 1.016952689751569716e+00
3.604484307689178463e-02 1.016923581698142121e+00
3.573687622713804524e-02 1.016893740207005292e+00
3.542953182450395838e-02 1.016863258283445592e+00
3.512281976102065578e-02 1.016832208842896268e+00
3.481674951354082198e-02 1.016800638722534789e+00
3.451134501008762401e-02 1.016768210061688160e+00
3.420661056990966647e-02 1.016735244149383766e+00
3.390255881002365856e-02 1.016701694185932814e+00
3.359920533639550178e-02 1.016667462047761150e+00
3.329655911714892585e-02 1.016632664619135706e+00
3.299463389787411077e-02 1.016597240905529054e+00
3.269344524750086856e-02 1.016561114826186385e+00
3.239299769957211528e-02 1.016524524225402848e+00
3.209330677590169906e-02 1.016487313318552577e+00
3.179439101889294100e-02 1.016449328698586063e+00
3.149625594245579474e-02 1.016410819374312435e+00
3.119890434650171920e-02 1.016371977700099016e+00
3.090236900233081160e-02 1.016332150568412862e+00
3.060665674971745423e-02 1.016291659713631113e+00
3.031175834455166612e-02 1.016251068100050947e+00
3.001771364938784006e-02 1.016209429543212028e+00
2.972452657072937113e-02 1.016167169852158603e+00
2.943218787342161136e-02 1.016124830472864060e+00
2.914073890559723892e-02 1.016081417546132126e+00
2.885018328717957325e-02 1.016037377347598580e+00
2.856051158925472511e-02 1.015993259236011248e+00
2.827176803408847430e-02 1.015947996611252568e+00
2.798394307608565931e-02 1.015902400369787406e+00
2.769704181550964109e-02 1.015856509813384934e+00
2.741110235790840746e-02 1.015809519460814103e+00
2.712612437433135557e-02 1.015761987433924096e+00
2.684209250936353888e-02 1.015714568455248212e+00
2.655905976842405300e-02 1.015665880865201931e+00
2.627701995475554761e-02 1.015616713888404465e+00
2.599597780830955121e-02 1.015567188719443070e+00
2.571595125950413424e-02 1.015517036193947842e+00
2.543694882667681817e-02 1.015466357031747702e+00
2.515898596341203247e-02 1.015415028211584358e+00
2.488206787483448340e-02 1.015363244434321688e+00
2.460621424905756749e-02 1.015310740975674531e+00
2.433141957079182349e-02 1.015258015558571758e+00
2.405771451528260912e-02 1.015204412281107027e+00
2.378510317537253088e-02 1.015150267752396251e+00
2.351357485913146625e-02 1.015096119896315541e+00
2.324317423529252691e-02 1.015040853658222053e+00
2.297390211490457634e-02 1.014985007952900586e+00
2.270574268651535943e-02 1.014929267800271484e+00
2.243874415007313106e-02 1.014872375425282192e+00
2.217290162540003218e-02 1.014815028943559350e+00
2.190820028661947388e-02 1.014757826055384449e+00
2.164469481790238722e-02 1.014699327859710065e+00
2.138238242358736496e-02 1.014640251901821388e+00
2.112123824885103404e-02 1.014581508433409773e+00
2.086131460135545387e-02 1.014521623518185089e+00
2.060261895773858945e-02 1.014460980963604930e+00
2.034511316619951396e-02 1.014400913384370106e+00
2.008886420893549532e-02 1.014339458737876232e+00
1.983387172638361590e-02 1.014277319546825984e+00
1.958011824928598127e-02 1.014215274814944667e+00
1.932762813001011673e-02 1.014152668503459864e+00
1.907641932237560956e-02 1.014089332556683321e+00
1.882648175976043420e-02 1.014025883457811972e+00
1.857784769716894560e-02 1.013961571407783868e+00
1.833051130887431227e-02 1.013896973525348688e+00
1.808448443213761525e-02 1.013831936795182687e+00
1.783978080215015832e-02 1.013766337261368555e+00
1.759639705925881634e-02 1.013700540317058474e+00
1.735436368115292338e-02 1.013633882725267332e+00
1.711368498460405160e-02 1.013566686890446267e+00
1.687432791724735245e-02 1.013500048243231477e+00
1.663636220763974743e-02 1.013431944975896615e+00
1.639977845855615166e-02 1.013363344329129001e+00
1.616456206517363076e-02 1.013294860113218343e+00
1.593074164088063155e-02 1.013225718778024920e+00
1.569832021384070034e-02 1.013156173179101449e+00
1.546730727175382736e-02 1.013086188255813314e+00
1.523771445049601145e-02 1.013015692773442833e+00
1.500954322483772675e-02 1.012944905142269425e+00
1.478280258368035692e-02 1.012873746714159751e+00
1.455751183412045367e-02 1.012801920210168127e+00
1.433365566422144591e-02 1.012730142466649941e+00
1.411126907213130360e-02 1.012657514149669424e+00
1.389035959717127393e-02 1.012584272062926116e+00
1.367089663515610141e-02 1.012511488195933174e+00
1.345293177478820539e-02 1.012437643721254776e+00
1.323646656594428504e-02 1.012363230195816310e+00
1.302147627535705544e-02 1.012289150476679778e+00
1.280799873770746208e-02 1.012214291793670506e+00
1.259604620363845816e-02 1.012138737362651142e+00
1.238560315052178451e-02 1.012063223123333078e+00
1.217668456752789806e-02 1.011987354250604598e+00
1.196930923973975325e-02 1.011910838434096682e+00
1.176346169177008676e-02 1.011834386030380672e+00
1.155917333919576594e-02 1.011757179943639118e+00
1.135644866761345052e-02 1.011679484875468216e+00
1.115525185622024719e-02 1.011602440836655070e+00
1.095565586459539692e-02 1.011523898323039461e+00
1.075763363118596369e-02 1.011445283110846249e+00
1.056120067164859934e-02 1.011366243657948027e+00
1.036631868743252000e-02 1.011287949548466791e+00
1.017306908317442728e-02 1.011207992994776372e+00
9.981411764241660337e-03 1.011128207584798266e+00
9.791372146671953672e-03 1.011047872345732568e+00
9.602946406691086415e-03 1.010967357786478837e+00
9.416112836388027332e-03 1.010887296264906698e+00
9.230936006182762985e-03 1.010805847001675861e+00
9.047392748344927280e-03 1.010724283060874695e+00
8.865482784227080026e-03 1.010642668747474326e+00
8.685217035760499013e-03 1.010560756199492483e+00
8.506602611680180726e-03 1.010478516815844996e+00
8.329642529562829301e-03 1.010396038574947086e+00
8.154346766580217523e-03 1.010313191476129635e+00
7.980717615533849604e-03 1.010230102628314919e+00
7.808758648754006090e-03 1.010146803597744336e+00
7.638483203390675561e-03 1.010063066047046210e+00
7.469881583832166903e-03 1.009979351626576705e+00
7.302979241997195961e-03 1.009895012473253528e+00
7.137770661657665168e-03 1.009810498859205818e+00
6.974254703686630710e-03 1.009725926492969661e+00
6.812449337979753494e-03 1.009640875503247548e+00
6.652341056779817810e-03 1.009555922895712943e+00
6.493955208926633846e-03 1.009470385758276967e+00
6.337293466167341627e-03 1.009384514562211566e+00
6.182331564419714202e-03 1.009299082938887260e+00
6.029112746224365819e-03 1.009212790038418017e+00
5.877630511598300189e-03 1.009126228998951547e+00
5.727877833196882290e-03 1.009039709573601895e+00
5.579857024544186694e-03 1.008953153117209123e+00
5.433590079297731003e-03 1.008866028303856854e+00
5.289066334667646280e-03 1.008778885881771448e+00
5.146296925883532894e-03 1.008691456274579457e+00
5.005289760473756455e-03 1.008603685386624926e+00
4.866024150201504056e-03 1.008516261064209552e+00
4.728534497609813113e-03 1.008428149960987730e+00
4.592816590399453718e-03 1.008339800774843642e+00
4.458867764816647553e-03 1.008251399141082860e+00
4.326672745728139986e-03 1.008163353161845022e+00
4.196272379680750404e-03 1.008074463846198032e+00
4.067657055542881622e-03 1.007985393140636621e+00
3.940812620995857302e-03 1.007896585548084811e+00
3.815762226082262173e-03 1.007807330760973175e+00
3.692493876661206986e-03 1.007718152230103748e+00
3.571022734408082610e-03 1.007628632785470657e+00
3.451352149551046005e-03 1.007538859128251918e+00
3.333455655410813220e-03 1.007449620031722670e+00
3.217382259862369438e-03 1.007359423018663325e+00
3.103103862929235297e-03 1.007269449546750906e+00
2.990636664162756118e-03 1.007179182856628108e+00
2.879973223967928920e-03 1.007088955547275511e+00
2.771114679419286759e-03 1.006998719501444484e+00
2.664074840146837733e-03 1.006908133846624143e+00
2.558844694980540353e-03 1.006817598666560398e+00
2.455431934251415919e-03 1.006726896465599097e+00
2.353840691713425526e-03 1.006636007410339984e+00
2.254060659684456805e-03 1.006545282619984993e+00
2.156107659299134373e-03 1.006454244433716338e+00
2.059981379904674784e-03 1.006363057315810439e+00
1.965663705773395761e-03 1.006272248625277976e+00
1.873185882305493290e-03 1.006180848013427331e+00
1.782535719771252821e-03 1.006089456184160458e+00
1.693716451201033408e-03 1.005997987920426606e+00
1.606708644964334855e-03 1.005906967230221660e+00
1.521550263989993046e-03 1.005815221253560043e+00
1.438218651236529769e-03 1.005723679059707498e+00
1.356722479758779021e-03 1.005632021930888298e+00
1.277063517487698249e-03 1.005540263136311951e+00
1.199229040636338702e-03 1.005448771603530744e+00
1.123237411872362625e-03 1.005356954634955446e+00
1.049085913179069202e-03 1.005265042898900951e+00
9.767659366840702496e-04 1.005173298975916119e+00
9.062860161850699566e-04 1.005081425614523738e+00
8.376479566307032127e-04 1.004989442410211709e+00
7.708409168338309272e-04 1.004897675314118333e+00
7.058733964673119792e-04 1.004805803780312923e+00
6.427477436731205253e-04 1.004713821324102030e+00
5.814566605560173799e-04 1.004621965854069376e+00
5.220030270263660045e-04 1.004530101879366866e+00
4.643916052214465059e-04 1.004438114598897203e+00
4.086117005422391490e-04 1.004346333030519567e+00
3.546700867395042689e-04 1.004254484974418826e+00
3.025685485312685510e-04 1.004162559056506199e+00
2.523000999423381037e-04 1.004070768857067142e+00
2.038640365122052584e-04 1.003979064128377674e+00
1.572679286777962275e-04 1.003887212874139845e+00
1.125030781459319354e-04 1.003795505814457423e+00
6.956808531491560921e-05 1.003703905842094901e+00
2.846937458979965728e-05 1.003612198803266242e+00
-1.079980727574252660e-05 1.003520607062362568e+00
-4.824584033017380964e-05 1.003429232471632959e+00
-8.385845134422247645e-05 1.003337709625258478e+00
-1.176430308423597653e-04 1.003246247414173453e+00
-1.496074491402826160e-04 1.003155012278625469e+00
-1.797458469748008220e-04 1.003063744199266472e+00
-2.080599187003134094e-04 1.002972502006861832e+00
-2.345577152774208001e-04 1.002881474031949383e+00
-2.592352505583200438e-04 1.002790453512087954e+00
-2.820935086706616063e-04 1.002699461322943408e+00
-3.031418879813746188e-04 1.002608718258330311e+00
-3.223753826738267789e-04 1.002517974610567242e+00
-3.397949508782687898e-04 1.002427254624485453e+00
-3.554058171150636437e-04 1.002336677082253491e+00
-3.692168380523302334e-04 1.002246392178649304e+00
-3.812178485959599327e-04 1.002155999467006176e+00
-3.914155322248607464e-04 1.002065719938316279e+00
-3.998179218057068096e-04 1.001975697822770073e+00
-4.064210415077134622e-04 1.001885705018025874e+00
-4.112310726970285933e-04 1.001795881402836486e+00
-4.142490400307757294e-04 1.001706167998852592e+00
-4.154772499319807984e-04 1.001616567361047094e+00
-4.154772499319807984e-04 1.001527117929953414e+00
-4.131361486675249424e-04 1.001437809547456093e+00
-4.090155018614154755e-04 1.001348666717666092e+00
-4.031166572370963649e-04 1.001259640357315739e+00
-3.954445086245932930e-04 1.001170794577435963e+00
-3.860005138157223412e-04 1.001082075532586879e+00
-3.747884626189950633e-04 1.000993514600466039e+00
-3.618136315578162438e-04 1.000905164637794442e+00
-3.470772070655464016e-04 1.000816949820681145e+00
-3.305827531563270728e-04 1.000728891676700760e+00
-3.123356897636469804e-04 1.000641047367624159e+00
-2.923384643140252760e-04 1.000553371161662319e+00
-2.705938857745565293e-04 1.000465849231435111e+00
-2.471077639451796219e-04 1.000378549684074025e+00
-2.218821959641797937e-04 1.000291413756602799e+00
-1.949214116168879261e-04 1.000204465383709884e+00
-1.662306601417523643e-04 1.000117742019067446e+00
-1.358126676593646100e-04 1.000031199311564922e+00
-1.036716428815703702e-04 9.999448521504284981e-01
-6.981281443292962710e-05 9.998587334780889568e-01
-3.423988718537161724e-05 9.997728216719462546e-01
3.043013606032775027e-06 9.996871164302788548e-01
4.203093445444951111e-05 9.996016383080197354e-01
8.271948750845415678e-05 9.995163834417505333e-01
1.251041842071637508e-04 9.994313524174982533e-01
1.691802739168607678e-04 9.993465520800973723e-01
2.149431508637828295e-04 9.992619822304664723e-01
2.623877738029662494e-04 9.991776536558443222e-01
3.115094015792891518e-04 9.990935642476048706e-01
3.623030175762871228e-04 9.990097198379683796e-01
4.147634643274529108e-04 9.989261268642959379e-01
4.688859458937539963e-04 9.988427795070811133e-01
5.246648877723532334e-04 9.987596943206663580e-01
5.820951297576455220e-04 9.986768692247915968e-01
6.411717991329252565e-04 9.985942959921045858e-01
7.018890608406176202e-04 9.985119945674507669e-01
7.642413718424185404e-04 9.984299676227711418e-01
8.282240143921832092e-04 9.983481958617322904e-01
8.938307492064351441e-04 9.982667076746006840e-01
9.610561348134433494e-04 9.981854973112158635e-01
1.029894475625135579e-03 9.981045682494064097e-01
1.100339950343405841e-03 9.980239253708372837e-01
1.172386936716634468e-03 9.979435661401787616e-01
1.246029509918720590e-03 9.978634968541280070e-01
1.321261737298858258e-03 9.977837208566513461e-01
1.398077516500640391e-03 9.977042440623719033e-01
1.476471174577660955e-03 9.976250586933512743e-01
1.556436642543593219e-03 9.975461707616181117e-01
1.637967281266717321e-03 9.974675975268217920e-01
1.721057238047707860e-03 9.973893279579769677e-01
1.805700307656186695e-03 9.973113653528673517e-01
1.891890033617398817e-03 9.972337176414941551e-01
1.979620015985002462e-03 9.971563873756477125e-01
2.068884222151379758e-03 9.970793666477552053e-01
2.159675354127637593e-03 9.970026831385619959e-01
2.251987155616548726e-03 9.969263246461490535e-01
2.345813292370245180e-03 9.968502870183229003e-01
2.441147593819777487e-03 9.967745640870139257e-01
2.537981896087886970e-03 9.966992026008950623e-01
2.636310361229557333e-03 9.966241677859964954e-01
2.736125587024649652e-03 9.965494813622117753e-01
2.837421736979964162e-03 9.964751150463138085e-01
2.940190653098933519e-03 9.964011127342734531e-01
3.044424836605881795e-03 9.963274798935537468e-01
3.150118760819909172e-03 9.962541699555169661e-01
3.257265761353440869e-03 9.961811880785109707e-01
3.365856405253205095e-03 9.961086060558521638e-01
3.475885084439738794e-03 9.960363641623535269e-01
3.587343559034262240e-03 9.959644983304044574e-01
3.700225986673405000e-03 9.958929665883144988e-01
3.814523353095487530e-03 9.958218272476959676e-01
3.930228333232224820e-03 9.957510672345203373e-01
4.047334142467374357e-03 9.956806665004721557e-01
4.165832243272416489e-03 9.956106588442007466e-01
4.285716530159640325e-03 9.955410003640106087e-01
4.406978593508073180e-03 9.954717267123852631e-01
4.529609650720993995e-03 9.954028650399604494e-01
4.653604012480541327e-03 9.953343515900823224e-01
4.778952937059102561e-03 9.952662307946679165e-01
4.905648278774934860e-03 9.951985099685289882e-01
5.033683814113237495e-03 9.951311447148977196e-01
5.163048440539446879e-03 9.950642348108844626e-01
5.293739396380646618e-03 9.949976216235030257e-01
5.425742427942767052e-03 9.949315131367892917e-01
5.559057028074198409e-03 9.948656696791996490e-01
5.693669001545748065e-03 9.948003136169019101e-01
5.829571971304513787e-03 9.947353606785725999e-01
5.966761037218945053e-03 9.946707318055162395e-01
6.105221856578801030e-03 9.946066235328524519e-01
6.244953687621114698e-03 9.945427941044591158e-01
6.385941854749756230e-03 9.944794709881042971e-01
6.528182636911793700e-03 9.944164940540920483e-01
6.671665365947711604e-03 9.943539569152388680e-01
6.816381219263227195e-03 9.942918602388223226e-01
6.962323636870002344e-03 9.942301477933325193e-01
7.109485015369760609e-03 9.941688175482630285e-01
7.257852434322730958e-03 9.941080014143980348e-01
7.407424915063596203e-03 9.940474668027681204e-01
7.558185545303830119e-03 9.939874957594689864e-01
7.710134564463091283e-03 9.939278005148437511e-01
7.863254952765465558e-03 9.938686686639532919e-01
8.017545471767313636e-03 9.938098494710212449e-01
8.172990275507005867e-03 9.937515827561090864e-01
8.329588083804311330e-03 9.936936242847126399e-01
8.487322476556742254e-03 9.936362304376362697e-01
8.646193227924156913e-03 9.935791245487235468e-01
8.806182309620118678e-03 9.935226133460535181e-01
8.967287475765242308e-03 9.934664556334894536e-01
9.129497178736612623e-03 9.934107633565513185e-01
9.292801087812035260e-03 9.933555620654809237e-01
9.457192344611127510e-03 9.933007777268538785e-01
9.622664239389551108e-03 9.932463696080571225e-01
9.789201593964999559e-03 9.931925290537331197e-01
9.956799981191179205e-03 9.931390829603028436e-01
1.012545197415667952e-02 9.930860197701046888e-01
1.029514079720123161e-02 9.930335674230293952e-01
1.046586624642702884e-02 9.929814255949604984e-01
1.063761097604044858e-02 9.929298726712355583e-01
1.081037315946320465e-02 9.928786598641397010e-01
1.098413622900238328e-02 9.928280313076811581e-01
1.115889920347938429e-02 9.927777194060063426e-01
1.133464306654855328e-02 9.927280412403647336e-01
1.151136838721560779e-02 9.926786657175967754e-01
1.168905869638368032e-02 9.926298532436873545e-01
1.186770840638576643e-02 9.925814619858823740e-01
1.204730442958909693e-02 9.925336085269487185e-01
1.222784359288969259e-02 9.924861032950502704e-01
1.240930817594244548e-02 9.924392151852970967e-01
1.259169711236043931e-02 9.923926622962894184e-01
1.277499661120142828e-02 9.923466217912106924e-01
1.295919385958736215e-02 9.923011578000477950e-01
1.314428638003040280e-02 9.922560440030386841e-01
1.333026183397010428e-02 9.922114137671175227e-01
1.351710945569593696e-02 9.921672944545036898e-01
1.370481732852450729e-02 9.921237285206283563e-01
1.389338321324140244e-02 9.920804952564825641e-01
1.408279103752716095e-02 9.920378301351880923e-01
1.427303211720734946e-02 9.919956661896801586e-01
1.446410107290419488e-02 9.919538873165097970e-01
1.465598208905330435e-02 9.919126963686180076e-01
1.484867040331186439e-02 9.918719184419357848e-01
1.504215498168692475e-02 9.918316228756821618e-01
1.523642285097134147e-02 9.917918928198214967e-01
1.543146809909646741e-02 9.917525933208733990e-01
1.562728010187109523e-02 9.917137747051618657e-01
1.582384742144452711e-02 9.916754824773359456e-01
1.602116207495473191e-02 9.916376530150036173e-01
1.621921451901739419e-02 9.916002935200259882e-01
1.641799321057681518e-02 9.915634575851182131e-01
1.661748765240003700e-02 9.915271458610693811e-01
1.681769003516132149e-02 9.914912914755933393e-01
1.701858964646309896e-02 9.914559335693430286e-01
1.722017835748552300e-02 9.914210271232017924e-01
1.742244304194965135e-02 9.913866745640884659e-01
1.762537463593853021e-02 9.913528255464130190e-01
1.782896277681544905e-02 9.913194873653743411e-01
1.803320220581483210e-02 9.912865360717934005e-01
1.823808020968708393e-02 9.912540960531812662e-01
1.844358259294130373e-02 9.912222665593258819e-01
1.864970038290272511e-02 9.911909666447182854e-01
1.885642599581376089e-02 9.911601211136740197e-01
1.906375391620269283e-02 9.911296406612044585e-01
1.927166950367691090e-02 9.910997087578375941e-01
1.948015980732512031e-02 9.910703749018043851e-01
1.968921838030188512e-02 9.910415012405738855e-01
1.989883539849405386e-02 9.910131032795734818e-01
2.010900360339719709e-02 9.909851246312989526e-01
2.031970777981596116e-02 9.909577360192711737e-01
2.053093581445394888e-02 9.909309452577766963e-01
2.074268241313375824e-02 9.909045857759839482e-01
2.095494082825287083e-02 9.908786106241049829e-01
2.116769406991157385e-02 9.908532523846756979e-01
2.138093482306225104e-02 9.908283854776616106e-01
2.159465324633332017e-02 9.908040102711448416e-01
2.180883894291730379e-02 9.907801408350636052e-01
2.202348131507818330e-02 9.907567892276005761e-01
2.223856911607387243e-02 9.907339777029988692e-01
2.245409813335968660e-02 9.907115415334448727e-01
2.267005141366439103e-02 9.906897168731956249e-01
2.288641921808964863e-02 9.906684414400571681e-01
2.310319844077386719e-02 9.906475182670138047e-01
2.332036771370851400e-02 9.906273054242314968e-01
2.353793031825724205e-02 9.906073657124883081e-01
2.375586819462175564e-02 9.905880140612220996e-01
2.397416685937928810e-02 9.905693185257634648e-01
2.419282435434590497e-02 9.905510000028071582e-01
2.441182980800303548e-02 9.905331417740661504e-01
2.463116737130276526e-02 9.905159099186305882e-01
2.485083204065498610e-02 9.904991163396006382e-01
2.507081231289916973e-02 9.904828294777865416e-01
2.529109359846368893e-02 9.904671607138710865e-01
2.551167855506384849e-02 9.904517345560223118e-01
2.573254127967363955e-02 9.904370772768571474e-01
2.595367498505161269e-02 9.904229741180700097e-01
2.617508957780451118e-02 9.904089003543034009e-01
2.639674943179116245e-02 9.903957319415761518e-01
2.661864282061669057e-02 9.903833093642406826e-01
2.684077933108049152e-02 9.903710200346160786e-01
2.706315442067331462e-02 9.903589108915782369e-01
2.728572352879646973e-02 9.903480058568010502e-01
2.750848822470995658e-02 9.903376636446541426e-01
2.773148471898346373e-02 9.903266975795801397e-01
2.795463290219310851e-02 9.903174223236397289e-01
2.817796128803735922e-02 9.903082796298043888e-01
2.840144831845950457e-02 9.902997421684393009e-01
2.862508493714309085e-02 9.902917337312207025e-01
2.884889492103145589e-02 9.902833953824919933e-01
2.907280924557664736e-02 9.902766176917070506e-01
2.929683982712936313e-02 9.902703224211264477e-01
2.952098144389581763e-02 9.902643989054926710e-01
2.974528070130073865e-02 9.902574961317140989e-01
2.996962086034492614e-02 9.902530222038431473e-01
3.019403985028053239e-02 9.902488144676221404e-01
3.041853848953092118e-02 9.902447193666421565e-01
3.064311423549170854e-02 9.902407441483921380e-01
3.086772465426972090e-02 9.902378897188365281e-01
3.109240927542513550e-02 9.902346074446237711e-01
3.131709953262751950e-02 9.902328254063430535e-01
3.154180826381048491e-02 9.902314725376881732e-01
3.176652475137724946e-02 9.902306021937657965e-01
3.199130291771756784e-02 9.902286250524656719e-01
3.221601106055472369e-02 9.902293870693946731e-01
3.244071124273897877e-02 9.902299670941817622e-01
3.266539506599795695e-02 9.902306660797071114e-01
3.289003445042765206e-02 9.902321265432020292e-01
3.311463890183854314e-02 9.902337301004195957e-01
3.333919436210375231e-02 9.902357566576702741e-01
3.356366595368423522e-02 9.902388666534138739e-01
3.378805606567684278e-02 9.902424586409825924e-01
3.401240438264074156e-02 9.902452995104846778e-01
3.423661831197711419e-02 9.902500796359238189e-01
3.446072253735627672e-02 9.902552122975737392e-01
3.468471341172930933e-02 9.902606124035518986e-01
3.490863311283003145e-02 9.902650917883486503e-01
3.513235177007094368e-02 9.902723575772423015e-01
3.535597013071454381e-02 9.902784978866219223e-01
3.557940433493596288e-02 9.902861719518661898e-01
3.580268858211110850e-02 9.902937579106451116e-01
3.602580083817803758e-02 9.903018506677401245e-01
3.624875678112531030e-02 9.903098048742791093e-01
3.647149931460387517e-02 9.903191172142662424e-01
3.669402565523137427e-02 9.903291782055364534e-01
3.691635204262359859e-02 9.903392075320532895e-01
3.713846242256320374e-02 9.903496223816272703e-01
3.736036622187297040e-02 9.903599943221602642e-01
3.758199679943884791e-02 9.903720108360238861e-01
3.780338244383359830e-02 9.903841424222340484e-01
3.802451161555581161e-02 9.903966200321523417e-01
3.824539960814098832e-02 9.904088883155375278e-01
3.846598901218541838e-02 9.904224871707487665e-01
3.868628757792162004e-02 9.904365575560600821e-01
3.890630274922853016e-02 9.904506776094480491e-01
3.912603530318879697e-02 9.904648030698081085e-01
3.934542245452433973e-02 9.904805008656062393e-01
3.956449075655674164e-02 9.904963209960839787e-01
3.978322860201648214e-02 9.905124924756393279e-01
4.000165033762115990e-02 9.905284809617935782e-01
4.021969709178670888e-02 9.905458497408488050e-01
4.043738608231198239e-02 9.905634782213833534e-01
4.065471051789306539e-02 9.905814063352553767e-01
4.087165243172246470e-02 9.905999334359834041e-01
4.108824741252805474e-02 9.906178703119428164e-01
4.130439854797984117e-02 9.906379348837675014e-01
4.152015216223740174e-02 9.906579051995354490e-01
4.173550668643078582e-02 9.906778676090239877e-01
4.195043306479161183e-02 9.906985524595820491e-01
4.216494471958533163e-02 9.907192629740387835e-01
4.237900206599553438e-02 9.907409759408549732e-01
4.259260784766842611e-02 9.907631215426959681e-01
4.280576007812040423e-02 9.907855331241393060e-01
4.301844290895238260e-02 9.908084739053609757e-01
4.323069173225469602e-02 9.908307944842134063e-01
4.344240572267289019e-02 9.908553255957426309e-01
4.365363027229188925e-02 9.908798271714871486e-01
4.386436789000694447e-02 9.909042512569580241e-01
4.407459770853858899e-02 9.909291582792787434e-01
4.428431193100180324e-02 9.909545016921498251e-01
4.449352303630980249e-02 9.909797513274657410e-01
4.470215676229290225e-02 9.910068106282460265e-01
4.491025807149118254e-02 9.910336506982567739e-01
4.511782437505248988e-02 9.910604458741864020e-01
4.532483255062349364e-02 9.910877966619088264e-01
4.553124747994961169e-02 9.911163032118923688e-01
4.573714502119612113e-02 9.911434911888742372e-01
4.594240433806116852e-02 9.911730407869018267e-01
4.614706393228891479e-02 9.912028086518481773e-01
4.635113983141125882e-02 9.912322849619563669e-01
4.655461500215517245e-02 9.912620413264711106e-01
4.675746948954437321e-02 9.912924365925963599e-01
4.695970439022105480e-02 9.913231238934719913e-01
4.716132534157619488e-02 9.913538162769482964e-01
4.736226470328112198e-02 9.913862022099417803e-01
4.756256285017318453e-02 9.914184255467600737e-01
4.776221967797399104e-02 9.914505701924507530e-01
4.796119180068043886e-02 9.914837601426550462e-01
4.815957679848681394e-02 9.915150332402589139e-01
4.835719127957276847e-02 9.915499327070713687e-01
4.855410527028235917e-02 9.915848946998866431e-01
4.875035297973129289e-02 9.916190327278108230e-01
4.894593887774961738e-02 9.916526470275381921e-01
4.914077107698663904e-02 9.916882966469343641e-01
4.933489045970104042e-02 9.917239418696978115e-01
4.952828989951762323e-02 9.917597630535250897e-01
4.972095593493873478e-02 9.917960087553255866e-01
4.991288764603529077e-02 9.918324897143395713e-01
5.010406980316004649e-02 9.918694690431416605e-01
5.029448424630277026e-02 9.919071515570935249e-01
5.048416993004004039e-02 9.919442117992057772e-01
5.067305010556565070e-02 9.919828796255534265e-01
5.086115781709878853e-02 9.920215251385390287e-01
5.104849033402907715e-02 9.920602277601029417e-01
5.123503573209917811e-02 9.920992570423896595e-01
5.142077103622079426e-02 9.921390240322451870e-01
5.160575984300744268e-02 9.921775699605471788e-01
5.178987249160437595e-02 9.922187468794411158e-01
5.197317327659251723e-02 9.922596319291077105e-01
5.215564818231650801e-02 9.923007214355448191e-01
5.233730065777949386e-02 9.923418269452886076e-01
5.251811646846441667e-02 9.923832963196119739e-01
5.269807107019058162e-02 9.924255612307426588e-01
5.287719249104823327e-02 9.924675232080208964e-01
5.305548126800552211e-02 9.925093202941689396e-01
5.323284861561897868e-02 9.925532545708387611e-01
5.340934363065368007e-02 9.925970300236427457e-01
5.358495099681014756e-02 9.926411089720005299e-01
5.375975398822677165e-02 9.926832578146753683e-01
5.393358376598509502e-02 9.927286625774703888e-01
5.410650374495489662e-02 9.927741099285809501e-01
5.427853777299099930e-02 9.928189823774786760e-01
5.444968950343630903e-02 9.928634760416974459e-01
5.461990833800127454e-02 9.929090452708153602e-01
5.478917330654994866e-02 9.929556765357815395e-01
5.495755313888344568e-02 9.930011205736442026e-01
5.512496723955468553e-02 9.930479858841319007e-01
5.529141551896422924e-02 9.930955640709181464e-01
5.545692830965221615e-02 9.931427403823500644e-01
5.562149574584573930e-02 9.931899624004276728e-01
5.578510045318759575e-02 9.932376416307582279e-01
5.594772541950861211e-02 9.932859747714445353e-01
5.610937472950276728e-02 9.933345327499590871e-01
5.627007992742519282e-02 9.933824145410096174e-01
5.642974932769544150e-02 9.934322503778394431e-01
5.658843446384233256e-02 9.934817748993381992e-01
5.674613245718390653e-02 9.935312157302206293e-01
5.690283379874187114e-02 9.935808524402519604e-01
5.705850558050716559e-02 9.936314097900844633e-01
5.721320476205413175e-02 9.936810034704588457e-01
5.736686635722734739e-02 9.937317399699897580e-01
5.751946560227518684e-02 9.937836669728896677e-01
5.767104894989475566e-02 9.938350279100464091e-01
5.782161520523197012e-02 9.938861356856836249e-01
5.797113743612802850e-02 9.939377901845312113e-01
5.811959657035652149e-02 9.939901948506439933e-01
5.826700584941552075e-02 9.940426435629378110e-01
5.841340434612609517e-02 9.940941374777952921e-01
5.855868262492450182e-02 9.941478898830282684e-01
5.870289689740954692e-02 9.942013662434787680e-01
5.884605424126780615e-02 9.942545276393736087e-01
5.898814211969297117e-02 9.943078449731483914e-01
5.912912009380436040e-02 9.943622512478802467e-01
5.926910044089871155e-02 9.944143950606720850e-01
5.940789099809846291e-02 9.944702117144330611e-01
5.954560273285371824e-02 9.945250906024259985e-01
5.968222154866469065e-02 9.945798530200296028e-01
5.981773507643874110e-02 9.946348664297544051e-01
5.995214482810563156e-02 9.946899675372957716e-01
6.008543329849105191e-02 9.947455501231031727e-01
6.021758499997752895e-02 9.948017606384805811e-01
6.034867110498350756e-02 9.948565058081817458e-01
6.047856696818371819e-02 9.949136344381763752e-01
6.060732853950735743e-02 9.949705560500879953e-01
6.073496952105184032e-02 9.950270316005226379e-01
6.086147841877708603e-02 9.950835714712209512e-01
6.098681758239051648e-02 9.951410847593654685e-01
6.111107780554130703e-02 9.951968149150037801e-01
6.123411266401235925e-02 9.952553141098162692e-01
6.135597956597025476e-02 9.953137626200516674e-01
6.147670130171974112e-02 9.953716160303794913e-01
6.159626854117497552e-02 9.954294051428996815e-01
6.171467060021167128e-02 9.954874292096231869e-01
6.183186872395279171e-02 9.955465396253744270e-01
6.194798094808398603e-02 9.956032423234981721e-01
6.206280672651118963e-02 9.956637548151597850e-01
6.217648618551973455e-02 9.957226690464571206e-01
6.228895913435537196e-02 9.957822889164283930e-01
6.240025328771519469e-02 9.958415687383094239e-01
6.251036579831725781e-02 9.959007497181939783e-01
6.261926536821507683e-02 9.959606637257422124e-01
6.272695830719685062e-02 9.960207865024174323e-01
6.283350624915608196e-02 9.960794728163185896e-01
6.293878215744448668e-02 9.961406168150401808e-01
6.304283453428756456e-02 9.962017771005340361e-01
6.314568254786631640e-02 9.962624663248891288e-01
6.324735356078155235e-02 9.963222359536543227e-01
6.334778010991870545e-02 9.963832323624891574e-01
6.344696380208197928e-02 9.964448019912536259e-01
6.354492028975727846e-02 9.965062669178350596e-01
6.364167193922860843e-02 9.965671203362249653e-01
6.373723044597062737e-02 9.966273756136526663e-01
6.383147998248146771e-02 9.966902275081461759e-01
6.392448458368939213e-02 9.967527768379658148e-01
6.401627590290795422e-02 9.968143835526096508e-01
6.410681431237702510e-02 9.968765096536689185e-01
6.419619189576580842e-02 9.969365933562055471e-01
6.428421393567690378e-02 9.970005237944161713e-01
6.437099587889223706e-02 9.970634914309155494e-01
6.445653787734879903e-02 9.971259738681346185e-01
6.454083697728152380e-02 9.971882875498399024e-01
6.462386595081565099e-02 9.972511975506577198e-01
6.470566279119110975e-02 9.973134558800332838e-01
6.478618772056587982e-02 9.973763828197382830e-01
6.486540625538590732e-02 9.974405061534593608e-01
6.494337252894535895e-02 9.975038743518342965e-01
6.502007109574689525e-02 9.975672511199695780e-01
6.509555066270762691e-02 9.976294145000571545e-01
6.516972144257339450e-02 9.976932158674750584e-01
6.524258211542671715e-02 9.977578692264954530e-01
6.531418781904498039e-02 9.978215701368819968e-01
6.538451562102166881e-02 9.978853681331146808e-01
6.545361044419178986e-02 9.979480916013949710e-01
6.552139565438654112e-02 9.980121936599193333e-01
6.558786297472973814e-02 9.980771919354706201e-01
6.565306698414645481e-02 9.981412738464082723e-01
6.571698278533096016e-02 9.982055200076824786e-01
6.577964045263570703e-02 9.982690964353133634e-01
6.584100281804830535e-02 9.983332671964326721e-01
6.590104477075495182e-02 9.983983628946411226e-01
6.595979514283485667e-02 9.984632002594135969e-01
6.601732254830147695e-02 9.985261931071319763e-01
6.607350245076511197e-02 9.985913771060657140e-01
6.612837198063163668e-02 9.986567284204603823e-01
6.618195005418524290e-02 9.987216904854805399e-01
6.623427524030260638e-02 9.987854937038970204e-01
6.628532451999089026e-02 9.988492929738320703e-01
6.633501128935120894e-02 9.989152553669986556e-01
6.638339787938314640e-02 9.989807410467916871e-01
6.643050837460616476e-02 9.990453862569113053e-01
6.647633915773665247e-02 9.991097016642843665e-01
6.652085653245894126e-02 9.991746945781758704e-01
6.656405789836758458e-02 9.992400912554628700e-01
6.660597464067012641e-02 9.993049051842585184e-01
6.664659543224153715e-02 9.993697109169348280e-01
6.668589000217475804e-02 9.994352693242274377e-01
6.672390415972319355e-02 9.995000588374935990e-01
6.676064811799903298e-02 9.995642085759415263e-01
6.679603456236972436e-02 9.996302212927943298e-01
6.683010883758247478e-02 9.996960318801693113e-01
6.686291504850538914e-02 9.997606387811026618e-01
6.689442508036083646e-02 9.998253467082558466e-01
6.692460625121922357e-02 9.998909221967591243e-01
6.695349109521238351e-02 9.999561181126416232e-01
6.698110237410570544e-02 1.000020555198078753e+00
6.700737277322306451e-02 1.000086295735196140e+00
6.703233586434161062e-02 1.000151848703725088e+00
6.705602653796730039e-02 1.000216435625311151e+00
6.707845231858668156e-02 1.000280351411261703e+00
6.709949945516653635e-02 1.000346775405225319e+00
6.711924844258568279e-02 1.000412441131224739e+00
6.713775460106703730e-02 1.000476344717669219e+00
6.715492391457693333e-02 1.000541717635178074e+00
6.717080076765981345e-02 1.000606715604607677e+00
6.718539381213550765e-02 1.000671309804502140e+00
6.719866168470439716e-02 1.000736736202119559e+00
6.721065138427129160e-02 1.000801403725978256e+00
6.722136934064325275e-02 1.000865531067780978e+00
6.723075430442318479e-02 1.000930919553483012e+00
6.723883756398785216e-02 1.000996156401715576e+00
6.724567268243256124e-02 1.001059978353830981e+00
6.725122282185946876e-02 1.001124013805333668e+00
6.725543720324030084e-02 1.001189425482236661e+00
6.725836811831606421e-02 1.001254217978315042e+00
6.726003321674151048e-02 1.001318259642612229e+00
6.726003321674151048e-02 1.001382674699884401e+00
6.726003321674151048e-02 1.001446531655458605e+00
6.725783969099276283e-02 1.001510882085538734e+00
6.725434161520719989e-02 1.001575671051499361e+00
6.724957859297210627e-02 1.001639689195717775e+00
6.724357714867178204e-02 1.001702658819457969e+00
6.723625978981742635e-02 1.001767041495178923e+00
6.722764904981848311e-02 1.001831567361653574e+00
6.721779127688393141e-02 1.001895006118281417e+00
6.720666688571351466e-02 1.001958390952491840e+00
6.719425463351551275e-02 1.002022279895286694e+00
6.718058969709217454e-02 1.002085541472317542e+00
6.716565573272463563e-02 1.002148897959437956e+00
6.714943591082982166e-02 1.002212722641180331e+00
6.713197468182356686e-02 1.002275670159837428e+00
6.711326317526961072e-02 1.002338400857858414e+00
6.709327206527156140e-02 1.002401756292971458e+00
6.707202232513333195e-02 1.002464899764032413e+00
6.704955281103489040e-02 1.002526965848568263e+00
6.702580662703958025e-02 1.002589915638257834e+00
6.700079902021874312e-02 1.002652926103740461e+00
6.697456269691297315e-02 1.002715149248605275e+00
6.694709135325704885e-02 1.002777136329791485e+00
6.691836126148131836e-02 1.002839598573379787e+00
6.688839270712157448e-02 1.002901791259774189e+00
6.685720536371919653e-02 1.002963357329037297e+00
6.682477100799200098e-02 1.003025315671789430e+00
6.679110200432807065e-02 1.003087161041583908e+00
6.675621839695745907e-02 1.003148448819147998e+00
6.672010503537291470e-02 1.003209836563278445e+00
6.668276370471598602e-02 1.003271229662153097e+00
6.664421093593894674e-02 1.003332212164593340e+00
6.660443935912190028e-02 1.003393173616813572e+00
6.656345066426692936e-02 1.003454082293871785e+00
6.652125914882099644e-02 1.003514607147174997e+00
6.647786009935906237e-02 1.003575057924226632e+00
6.643325294898057287e-02 1.003635485835666419e+00
6.638744772756995094e-02 1.003695651567189762e+00
6.634044899603618040e-02 1.003755572186029843e+00
6.629225420769389865e-02 1.003815433915662636e+00
6.624286996673223182e-02 1.003875101095963895e+00
6.619230015372165599e-02 1.003934573987337098e+00
6.614054642465332090e-02 1.003993908334467555e+00
6.608761212348064629e-02 1.004053089810641453e+00
6.603350487758043175e-02 1.004112004166916927e+00
6.597822278060715140e-02 1.004170832621881226e+00
6.592177192448780976e-02 1.004229465828014867e+00
6.586415850411511674e-02 1.004287846537415430e+00
6.580538350513541468e-02 1.004346076357291118e+00
6.574544836861118124e-02 1.004404194705841968e+00
6.568436026060971156e-02 1.004462078167048356e+00
6.562212133607207842e-02 1.004519790311055649e+00
6.555873761604508188e-02 1.004577266270293645e+00
6.549421318492694433e-02 1.004634522027191279e+00
6.542854902104569548e-02 1.004691643224717712e+00
6.536175040456213003e-02 1.004748565138538829e+00
6.529382211282887261e-02 1.004805267976691452e+00
6.522476745647438900e-02 1.004861778511298542e+00
6.515459195178378848e-02 1.004918054987005149e+00
6.508330097496949074e-02 1.004974080027950745e+00
6.501089307976559706e-02 1.005030015508163510e+00
6.493737592339840492e-02 1.005085714777352202e+00
6.486275539058572459e-02 1.005141148823083919e+00
6.478703774115913971e-02 1.005196293761297488e+00
6.471022303671458697e-02 1.005251292605853219e+00
6.463231689098462851e-02 1.005306078060266506e+00
6.455332300934012169e-02 1.005360664185336761e+00
6.447324725660825984e-02 1.005415004025055792e+00
6.439209565135110835e-02 1.005469070258047548e+00
6.430987148608768855e-02 1.005522917374700231e+00
6.422657950336320420e-02 1.005576536369553242e+00
6.414222381135517570e-02 1.005629938599068129e+00
6.405680972080760038e-02 1.005683099677314507e+00
6.397034301141185653e-02 1.005735995687641715e+00
6.388282782643064928e-02 1.005788655582442015e+00
6.379426971429812132e-02 1.005841058708625058e+00
6.370467293153708743e-02 1.005893227037429005e+00
6.361404408765669594e-02 1.005945112729814905e+00
6.352238575969948453e-02 1.005996792677928520e+00
6.342970495548946874e-02 1.006048194558305520e+00
6.333600825292835801e-02 1.006099292957271185e+00
6.324129917963930425e-02 1.006150151424952899e+00
6.314558073328527255e-02 1.006200814985418024e+00
6.304886506511767075e-02 1.006251077310990061e+00
6.295114800009331268e-02 1.006301243395194778e+00
6.285244513600567184e-02 1.006350971413879414e+00
6.275275259746868062e-02 1.006400577284455089e+00
6.265208556079764068e-02 1.006449742673094061e+00
6.255043940965505922e-02 1.006498803229202377e+00
6.244782466232715046e-02 1.006547548411889759e+00
6.234425223860964177e-02 1.006595862912973427e+00
6.223971175927946187e-02 1.006644221553832041e+00
6.213423130746303924e-02 1.006691900186417410e+00
6.202779141731730450e-02 1.006739725460942925e+00
6.192042246692359975e-02 1.006786864604404919e+00
6.181210809989575589e-02 1.006834069591989289e+00
6.170287094845391951e-02 1.006880741696131398e+00
6.159271089384930203e-02 1.006927150327272091e+00
6.148162211115907466e-02 1.006973572844982678e+00
6.136963298757732582e-02 1.007019292626125884e+00
6.125673568427150023e-02 1.007064857009799308e+00
6.114292728868224447e-02 1.007110416508721906e+00
6.102824076188871627e-02 1.007155149538289995e+00
6.091264861793103946e-02 1.007200156482177755e+00
6.079618631278572993e-02 1.007244413983812370e+00
6.067884677654074299e-02 1.007288473512121696e+00
6.056062247502738694e-02 1.007332622407985490e+00
6.044155632435233017e-02 1.007375743084959918e+00
6.032160645880102479e-02 1.007419396295353486e+00
6.020082630510802113e-02 1.007461980104092492e+00
6.007919650101152531e-02 1.007504513268549395e+00
5.995670775198182201e-02 1.007547253474107896e+00
5.983341978660009636e-02 1.007588603985687836e+00
5.970926459023370020e-02 1.007630960016094646e+00
5.958432239186165630e-02 1.007671813081439272e+00
5.945855140659803140e-02 1.007712959286401144e+00
5.933197096342423399e-02 1.007753768836636254e+00
5.920459572436855694e-02 1.007794043508800641e+00
5.907641823936291003e-02 1.007834236993632171e+00
5.894745368427643795e-02 1.007874010488068794e+00
5.881770753764604953e-02 1.007913437023884917e+00
5.868718607449423252e-02 1.007952533204828471e+00
5.855589192682060518e-02 1.007991398408345729e+00
5.842383438320075673e-02 1.008029915908759788e+00
5.829103738986229910e-02 1.008067660901932117e+00
5.815744992247594281e-02 1.008106295249715734e+00
5.802317381729381329e-02 1.008142828368501887e+00
5.788811843595643991e-02 1.008180576831775976e+00
5.775235515058688845e-02 1.008217148664217744e+00
5.761586216261008198e-02 1.008253677145619864e+00
5.747866062797153675e-02 1.008289655052864386e+00
5.734073645319293089e-02 1.008325710009988274e+00
5.720212735105264373e-02 1.008360860672592230e+00
5.706280725440157631e-02 1.008396210866663534e+00
5.692281162340345757e-02 1.008430774322375711e+00
5.678212172440499916e-02 1.008465412750239931e+00
5.664077213951312917e-02 1.008499224111507608e+00
5.649873836389675968e-02 1.008533234560253788e+00
5.635605893481303308e-02 1.008566381121310807e+00
5.621271048122614827e-02 1.008599680014418354e+00
5.606873010795804940e-02 1.008632127453002347e+00
5.592408840655693769e-02 1.008664884375619630e+00
5.577885154476792257e-02 1.008696141846626038e+00
5.563292301299594539e-02 1.008729062331703341e+00
5.548645782696259854e-02 1.008758938930776061e+00
5.533929427034404991e-02 1.008791336494942348e+00
5.519161204560070477e-02 1.008820501980145501e+00
5.504325726520287176e-02 1.008851898614109288e+00
5.489436719894937727e-02 1.008880979077482642e+00
5.474486043805316254e-02 1.008910936675237346e+00
5.459478945625422658e-02 1.008940020996682785e+00
5.444415681783585509e-02 1.008968604572891392e+00
5.429294217366011088e-02 1.008997446504930062e+00
5.414119235887707854e-02 1.009025246736131587e+00
5.398887155360926338e-02 1.009053421613852031e+00
5.383604019704178040e-02 1.009080272835203740e+00
5.368264718569357163e-02 1.009107739815398030e+00
5.352874469535048169e-02 1.009134210280367094e+00
5.337433126591730609e-02 1.009160218990103663e+00
5.321938304572964434e-02 1.009186593113834185e+00
5.306394899886567040e-02 1.009211925842607105e+00
5.290802051373133530e-02 1.009236953163752837e+00
5.275157142335944183e-02 1.009262481955264468e+00
5.259469533349150905e-02 1.009285921338421321e+00
5.243729604378678799e-02 1.009310721025919566e+00
5.227945059909781811e-02 1.009334274744274840e+00
5.212115692191453264e-02 1.009357257415810505e+00
5.196237752069983451e-02 1.009380891852363682e+00
5.180319255441673959e-02 1.009402848197349822e+00
5.164353728686527090e-02 1.009425583901552459e+00
5.148348477860873601e-02 1.009446882771280363e+00
5.132298224801227354e-02 1.009468782764642469e+00
5.116208582297728652e-02 1.009489580122286512e+00
5.100075958000507836e-02 1.009510724249539138e+00
5.083906807625494101e-02 1.009530427832613597e+00
5.067695189394974542e-02 1.009550896588027324e+00
5.051447624197526881e-02 1.009570117707466519e+00
5.035159986522232817e-02 1.009589746386647668e+00
5.018838661611338403e-02 1.009607982535138060e+00
5.002478183452159499e-02 1.009626888921454579e+00
4.986084158866962296e-02 1.009644728721117213e+00
4.969656011629758341e-02 1.009662179283950412e+00
4.953191279287275095e-02 1.009680050841686993e+00
4.936697498869409978e-02 1.009696248639400551e+00
4.920167891788921471e-02 1.009713304203913031e+00
4.903608474908879161e-02 1.009729284436057917e+00
4.887018998259406305e-02 1.009744789494487760e+00
4.870396592677837810e-02 1.009760774256726723e+00
4.853748799249840706e-02 1.009775113599453489e+00
4.837069472864315850e-02 1.009790166510198706e+00
4.820364139211034959e-02 1.009804194782510489e+00
4.803629935250194188e-02 1.009818426495556309e+00
4.786872788226263081e-02 1.009831278117851561e+00
4.770087447901043970e-02 1.009844752254321243e+00
4.753276668128959132e-02 1.009857849184272460e+00
4.736445880539719155e-02 1.009869399603536833e+00
4.719587095623633405e-02 1.009882174144880684e+00
4.702711405114096826e-02 1.009892787813915227e+00
4.685806572141913012e-02 1.009905380264094266e+00
4.668889395486958138e-02 1.009914762409876765e+00
4.651944930792406563e-02 1.009926275492667003e+00
4.634986262663842033e-02 1.009935582892565353e+00
4.618006338427622232e-02 1.009945550619428589e+00
4.601009961806216964e-02 1.009954647579156317e+00
4.583995135321042996e-02 1.009963808524962481e+00
4.566965978510276886e-02 1.009971971579263439e+00
4.549919797754666678e-02 1.009980309092624928e+00
4.532857444413156134e-02 1.009988520995780847e+00
4.515785066391578978e-02 1.009995133117375543e+00
4.498696308881136585e-02 1.010002534050389089e+00
4.481594648053977004e-02 1.010009460346075194e+00
4.464486057902077726e-02 1.010014655825103080e+00
4.447357734440977872e-02 1.010022186891917473e+00
4.430229382823377277e-02 1.010025959464449619e+00
4.413083688355711603e-02 1.010032181463232037e+00
4.395935519825244081e-02 1.010035910978323681e+00
4.378772460236313169e-02 1.010041498500485524e+00
4.361610639045142290e-02 1.010043982662126139e+00
4.344436621522404507e-02 1.010048273825838283e+00
4.327257178110659186e-02 1.010051775879946323e+00
4.310078400582677272e-02 1.010053360436059533e+00
4.292886310462837307e-02 1.010057480862080581e+00
4.275699999218709330e-02 1.010058096356162949e+00
4.258506701599350935e-02 1.010060150697011716e+00
4.241311101050659199e-02 1.010061753599769574e+00
4.224117452644032128e-02 1.010062067015632170e+00
4.206920672164155689e-02 1.010063006741876102e+00
4.189727424222767366e-02 1.010062593470375747e+00
4.172531008513138961e-02 1.010063178776685833e+00
4.155342626882591039e-02 1.010061462910070595e+00
4.138150321343539439e-02 1.010061585953888841e+00
4.120968085214810062e-02 1.010059130123217574e+00
4.103783845090323845e-02 1.010058403206821165e+00
4.086612007351596298e-02 1.010054939152183362e+00
4.069439208963108318e-02 1.010053447287304618e+00
4.052277017923330837e-02 1.010050049517687620e+00
4.035122441570631463e-02 1.010046446961109456e+00
4.017972470597136470e-02 1.010043494338019432e+00
4.000835754304881559e-02 1.010038704356164274e+00
3.983704621929783085e-02 1.010034913385947419e+00
3.966587451139454851e-02 1.010029527504646474e+00
3.949478742053096070e-02 1.010024719138003624e+00
3.932383153244033147e-02 1.010019034885358380e+00
3.915301107368580197e-02 1.010012807025633119e+00
3.898230015171024604e-02 1.010006954676296420e+00
3.881174846815631241e-02 1.010000047541087520e+00
3.864135026047712390e-02 1.009992757076614289e+00
3.847108429005572511e-02 1.009985805912932744e+00
3.830100653560174206e-02 1.009977624931906792e+00
3.813107235135977657e-02 1.009969945186093510e+00
3.796134767923814435e-02 1.009960867510178328e+00
3.779179038810421415e-02 1.009952144147528319e+00
3.762241833752345832e-02 1.009943151452374011e+00
3.745326890846030488e-02 1.009933089566856568e+00
3.728429397019199926e-02 1.009923696354226630e+00
3.711557179252575334e-02 1.009912680732860224e+00
3.694705027360450922e-02 1.009902156453551969e+00
3.677875683727101219e-02 1.009891192249204206e+00
3.661069623199602469e-02 1.009879889370567607e+00
3.644289406220641708e-02 1.009867777044114900e+00
3.627532834525783179e-02 1.009855809559862871e+00
3.610801659461831958e-02 1.009843476660009953e+00
3.594098886685865440e-02 1.009830209638087339e+00
3.577421557968626931e-02 1.009817215112444044e+00
3.560771910831305592e-02 1.009803797454643215e+00
3.544152873438533718e-02 1.009789436189605372e+00
3.527561403857494560e-02 1.009775363604153320e+00
3.511000357866888438e-02 1.009760721413818896e+00
3.494470464580749086e-02 1.009745612142535220e+00
3.477971005299888146e-02 1.009730449005573627e+00
3.461503370956164199e-02 1.009714911202808540e+00
3.445070311305794414e-02 1.009698498628087693e+00
3.428669333642980072e-02 1.009682271843838297e+00
3.412303118165529309e-02 1.009665467905372704e+00
3.395971988745057762e-02 1.009648294421895187e+00
3.379675846900616343e-02 1.009630960786148668e+00
3.363415969237053271e-02 1.009613227923055856e+00
3.347193393090150404e-02 1.009595036112344468e+00
3.331008173484001356e-02 1.009576601071800361e+00
3.314861123582404923e-02 1.009557841125390043e+00
3.298752827416936984e-02 1.009538772718152844e+00
3.282684650658011793e-02 1.009519208662898571e+00
3.266656568900695029e-02 1.009499402884869168e+00
3.250669460000676914e-02 1.009479256781529832e+00
3.234723445628698291e-02 1.009458910097850382e+00
3.218820163471607793e-02 1.009438053702288673e+00
3.202959778970300431e-02 1.009416901090562035e+00
3.187142517933013591e-02 1.009395543918693461e+00
3.171369987315141026e-02 1.009373682727905619e+00
3.155642115120122632e-02 1.009351587526798211e+00
3.139959613532745941e-02 1.009329197274334122e+00
3.124323304632334319e-02 1.009306453976360762e+00
3.108733580857872200e-02 1.009283436045886662e+00
3.093191372543311821e-02 1.009260048215674166e+00
3.077697692084830836e-02 1.009236222336548083e+00
3.062252612525067849e-02 1.009212159172305556e+00
3.046856725553287459e-02 1.009187829443188633e+00
3.031510455976950055e-02 1.009163260229769321e+00
3.016214959268724224e-02 1.009138282406031761e+00
3.000970987819108482e-02 1.009112912179510602e+00
2.985778794959751542e-02 1.009087282418685172e+00
2.970639012784364458e-02 1.009061364867280153e+00
2.955551898178080533e-02 1.009035239199301826e+00
2.940518918723994055e-02 1.009008642577263304e+00
2.925540491256316614e-02 1.008981706269641787e+00
2.910616045772070060e-02 1.008954742619973421e+00
2.895746969797242595e-02 1.008927418417784327e+00
2.880935119400507283e-02 1.008899449922166847e+00
2.866179732094249061e-02 1.008871349901738768e+00
2.851480967955612872e-02 1.008843144099619060e+00
2.836840158341377705e-02 1.008814552567459000e+00
2.822257457027238514e-02 1.008785729726355163e+00
2.807734090051185877e-02 1.008756484721281543e+00
2.793270588608795166e-02 1.008726895835329262e+00
2.778866498621229350e-02 1.008697248528646950e+00
2.764523379975530534e-02 1.008667182039838961e+00
2.750241803552146494e-02 1.008636763239856293e+00
2.736021715660120340e-02 1.008606181707025318e+00
2.721862998932960895e-02 1.008575548149393430e+00
2.707768328333066965e-02 1.008544219838761080e+00
2.693737130574236360e-02 1.008512687473178904e+00
2.679768948741155857e-02 1.008481167308950432e+00
2.665865554057672560e-02 1.008449210439436694e+00
2.652027588414057266e-02 1.008416874744713088e+00
2.638253827702934096e-02 1.008384655664228191e+00
2.624547200800957450e-02 1.008351762671698904e+00
2.610907538408860362e-02 1.008318575047964627e+00
2.597333818855748072e-02 1.008285495526351161e+00
2.583828233322962853e-02 1.008251922260462674e+00
2.570390557370152984e-02 1.008218158232524697e+00
2.557021363310425788e-02 1.008184155745285082e+00
2.543721834523212863e-02 1.008149738183536481e+00
2.530491160032468517e-02 1.008115315828545189e+00
2.517331060258342496e-02 1.008080460971894965e+00
2.504242247358143270e-02 1.008045211825087994e+00
2.491222430348275646e-02 1.008010338279101692e+00
2.478275928338609380e-02 1.007974572756058285e+00
2.465402176102171952e-02 1.007938502551229298e+00
2.452599162054226040e-02 1.007902782901691774e+00
2.439870110240328557e-02 1.007866432518411015e+00
2.427214588607590207e-02 1.007829874781480894e+00
2.414632889523141146e-02 1.007793140275943466e+00
2.402125560033295526e-02 1.007756180624523878e+00
2.389693049893626062e-02 1.007718995961270014e+00
2.377336304741139300e-02 1.007681462382847615e+00
2.365055117265068424e-02 1.007643806174532308e+00
2.352850651045356248e-02 1.007605797756284893e+00
2.340721812184032996e-02 1.007567886707563920e+00
2.328670552662885640e-02 1.007529536348159560e+00
2.316697690624521314e-02 1.007490761797761536e+00
2.304801045219897343e-02 1.007452320364127463e+00
2.292983905468257838e-02 1.007413223234064459e+00
2.281246590298345242e-02 1.007373718523601136e+00
2.269584953246840328e-02 1.007335046638767606e+00
2.258005198201912950e-02 1.007295240194706398e+00
2.246506705958487699e-02 1.007255021272300377e+00
2.235087249875216883e-02 1.007215152771058664e+00
2.223748082070851548e-02 1.007175146450711489e+00
2.212490722900157039e-02 1.007134691132120174e+00
2.201314599801848862e-02 1.007094154454727830e+00
2.190220545972808991e-02 1.007053368798714654e+00
2.179209182572163644e-02 1.007012303363609584e+00
2.168279364861304750e-02 1.006971384223610322e+00
2.157433389995534745e-02 1.006929963942338357e+00
2.146671003850345386e-02 1.006888356621557401e+00
2.135991063297837042e-02 1.006846941562996589e+00
2.125396484072782088e-02 1.006804893701852777e+00
2.114886740069510732e-02 1.006762660965834888e+00
2.104459142605373187e-02 1.006721007963042647e+00
2.094118838604423077e-02 1.006678358095849601e+00
2.083864903157541665e-02 1.006635441023735922e+00
2.073694334159591895e-02 1.006593140875446046e+00
2.063610974651631028e-02 1.006550188428803949e+00
2.053615153808306323e-02 1.006506827539323856e+00
2.043704004214723716e-02 1.006463979282148369e+00
2.033880832160497865e-02 1.006420560768721550e+00
2.024146230445750608e-02 1.006376708927138264e+00
2.014497234773762746e-02 1.006333381495656987e+00
2.004937132269476313e-02 1.006289494487990765e+00
1.995466389713754229e-02 1.006245210997016581e+00
1.986082461291810777e-02 1.006201365718085050e+00
1.976788184851255292e-02 1.006157030083272064e+00
1.967584087724525907e-02 1.006112317437409143e+00
1.958466114994840065e-02 1.006068430015216952e+00
1.949440203440127098e-02 1.006023471010377479e+00
1.940504867681361323e-02 1.005978347558970976e+00
1.931660247750648443e-02 1.005933106876254479e+00
1.922901325285511845e-02 1.005889062168502157e+00
1.914237500913906764e-02 1.005843265291243016e+00
1.905663209568037378e-02 1.005797983596179668e+00
1.897180853034326556e-02 1.005752359045608335e+00
1.888790737822345842e-02 1.005706486439890135e+00
1.880488214361084390e-02 1.005661652199351108e+00
1.872281232789069216e-02 1.005615349606770126e+00
1.864165720952746380e-02 1.005569330876556533e+00
1.856142462504370080e-02 1.005523258164463085e+00
1.848211417620938823e-02 1.005477168417180156e+00
1.840372330159422906e-02 1.005431134188059961e+00
1.832626914149775021e-02 1.005384699210532862e+00
1.824974969682524595e-02 1.005338113836169889e+00
1.817415244794589463e-02 1.005291766254159391e+00
1.809949669331725741e-02 1.005245055106886332e+00
1.802577316737926164e-02 1.005198393815983859e+00
1.795299068094056635e-02 1.005151537183050170e+00
1.788114657727303200e-02 1.005104649297304364e+00
1.781023964143732194e-02 1.005057776158635674e+00
1.774028198052939737e-02 1.005010607716106730e+00
1.767126583275185556e-02 1.004963485666582779e+00
1.760318998272947591e-02 1.004916417197941669e+00
1.753606938147105401e-02 1.004869001744522095e+00
1.746989334779962960e-02 1.004821679828137304e+00
1.740466151392346117e-02 1.004774413875063610e+00
1.734039065292644274e-02 1.004726756576548086e+00
1.727706955832267882e-02 1.004679183767458905e+00
1.721469447739781139e-02 1.004631747020942045e+00
1.715328363064565556e-02 1.004583922793365725e+00
1.709282372854403417e-02 1.004536237063314186e+00
1.703332075968873663e-02 1.004488470867130445e+00
1.697478325383182038e-02 1.004440451194078765e+00
1.691717948103836980e-02 1.004393098030966547e+00
1.686056021699016555e-02 1.004344808730779137e+00
1.680489584704420586e-02 1.004296791728129357e+00
1.675019691868319741e-02 1.004248647187180543e+00
1.669645277738148956e-02 1.004200705240223757e+00
1.664367380711532715e-02 1.004152604990856679e+00
1.659186014410874918e-02 1.004104422184683543e+00
1.654101280884022127e-02 1.004056172588145612e+00
1.649112823924941615e-02 1.004007978647933674e+00
1.644221113221375555e-02 1.003959695113949113e+00
1.639425707423547776e-02 1.003911477120522422e+00
1.634727415113932866e-02 1.003863089751755755e+00
1.630125821309125547e-02 1.003814721441170565e+00
1.625620671147736535e-02 1.003766426375023446e+00
1.621212581172083028e-02 1.003718013795515951e+00
1.616901317621257869e-02 1.003669600899554926e+00
1.612686803893215517e-02 1.003621206995878978e+00
1.608569234295744235e-02 1.003572774011397994e+00
1.604548664676627365e-02 1.003524307524569004e+00
1.600624441831131201e-02 1.003475987587749252e+00
1.596797780796642766e-02 1.003427437166587444e+00
1.593067684965529876e-02 1.003379020655162712e+00
1.589434595292597840e-02 1.003330560859905018e+00
1.585898653765331623e-02 1.003282043925859846e+00
1.582458355905224864e-02 1.003233874542047266e+00
1.579115931753972274e-02 1.003185321422927601e+00
1.575870527139699648e-02 1.003136789979122590e+00
1.572721506042085854e-02 1.003088428378055452e+00
1.569668821442305254e-02 1.003040163453063682e+00
1.566713202177300729e-02 1.002991764656873785e+00
1.563854349656636222e-02 1.002943373572693808e+00
1.561091492984085019e-02 1.002895179068575393e+00
1.558425612798525553e-02 1.002846837694768345e+00
1.555856383614578724e-02 1.002798504257461643e+00
1.553382812363367747e-02 1.002750423055624340e+00
1.551006016776009140e-02 1.002702188538742600e+00
1.548725719159845665e-02 1.002653946787503081e+00
1.546541245605697126e-02 1.002605869896379343e+00
1.544452828914870748e-02 1.002557817234987159e+00
1.542460661068269755e-02 1.002509728693234736e+00
1.540564150613252421e-02 1.002461770074462466e+00
1.538763445757441138e-02 1.002413839365274839e+00
1.537058732308273744e-02 1.002365876159019953e+00
1.535449209898184959e-02 1.002318096796122937e+00
1.533935367915797120e-02 1.002270287007749117e+00
1.532517165240019491e-02 1.002222472286909749e+00
1.531194003163046172e-02 1.002174804776788886e+00
1.529965927108683198e-02 1.002127199516076095e+00
1.528833105242669542e-02 1.002079583338632229e+00
1.527795099625302126e-02 1.002032071187748841e+00
1.526851713285611728e-02 1.001984660292887686e+00
1.526003171556574584e-02 1.001937243692794022e+00
1.525249062315293079e-02 1.001889927270808167e+00
1.524589165585958986e-02 1.001842715931828387e+00
1.524023609679612395e-02 1.001795525056591529e+00
1.523552036591073813e-02 1.001748433914521064e+00
1.523174251994434229e-02 1.001701441220511191e+00
1.522890270910361166e-02 1.001654493995364659e+00
1.522699746361141221e-02 1.001607656249078104e+00
1.522699746361141221e-02 1.001560894477939279e+00
1.522699746361141221e-02 1.001514224500939632e+00
1.522699746361141221e-02 1.001467659632987450e+00
1.522881523787097263e-02 1.001421163574095496e+00
1.523155874297382230e-02 1.001374772273567304e+00
1.523522571635430554e-02 1.001328489916362363e+00
1.523981522618857685e-02 1.001282285326415167e+00
1.524532452584086498e-02 1.001236188285991258e+00
1.525175144035123380e-02 1.001190199394327296e+00
1.525909427341379590e-02 1.001144306984690369e+00
1.526734998604645406e-02 1.001098538790619497e+00
1.527651701677409067e-02 1.001052871741209715e+00
1.528659346755434183e-02 1.001007302715189340e+00
1.529757553238848301e-02 1.000961877850831794e+00
1.530946076590651052e-02 1.000916586201556102e+00
1.532225139794188805e-02 1.000871305413984391e+00
1.533593814741332495e-02 1.000826262084297147e+00
1.535052262786484184e-02 1.000781297144951454e+00
1.536600177703929468e-02 1.000736447957205177e+00
1.538237369846645955e-02 1.000691704057014242e+00
1.539963467454573583e-02 1.000647105740615883e+00
1.541778230124717965e-02 1.000602640316862635e+00
1.543681433483957109e-02 1.000558297432712296e+00
1.545672840642834701e-02 1.000514075040727535e+00
1.547752201040261504e-02 1.000469975535097866e+00
1.549919106012540709e-02 1.000426039638569797e+00
1.552173437076009507e-02 1.000382215167508360e+00
1.554514846580073474e-02 1.000338533321829093e+00
1.556942987103033041e-02 1.000295009644265543e+00
1.559457745134102714e-02 1.000251593428456154e+00
1.562058716959330296e-02 1.000208331872011858e+00
1.564745624635289351e-02 1.000165217131107065e+00
1.567518234784908565e-02 1.000122234142239552e+00
1.570376207744463015e-02 1.000079401945322077e+00
1.573319212978234807e-02 1.000036727778308876e+00
1.576346930808307512e-02 9.999942125457271791e-01
1.579459261989068358e-02 9.999518015917641112e-01
1.582655601620114316e-02 9.999095940022113549e-01
1.585935694323087689e-02 9.998675519394530919e-01
1.589299479675121071e-02 9.998256077458089752e-01
1.592746438570790887e-02 9.997838422630778155e-01
1.596276107258523883e-02 9.997422820736963089e-01
1.599888522396594043e-02 9.997008153664213026e-01
1.603583031412078932e-02 9.996595585434301379e-01
1.607359212496552864e-02 9.996185121146874408e-01
1.611217134175302323e-02 9.995775537517470610e-01
1.615156326076438997e-02 9.995367570146800329e-01
1.619176090077077690e-02 9.994962156212711113e-01
1.623276365445092823e-02 9.994558170827224641e-01
1.627457031815529240e-02 9.994155200628428437e-01
1.631717191248658119e-02 9.993754982872299353e-01
1.636056809681799701e-02 9.993356226494204408e-01
1.640475657671355489e-02 9.992958774414121281e-01
1.644973015748642589e-02 9.992563773154751194e-01
1.649548753670664752e-02 9.992170322913227487e-01
1.654202481061499072e-02 9.991778624120436492e-01
1.658933648301544328e-02 9.991389175101013098e-01
1.663742095353768630e-02 9.991001251060853683e-01
1.668627331292111063e-02 9.990615316825479653e-01
1.673588871318515414e-02 9.990231589487635899e-01
1.678626725088414387e-02 9.989848941459977816e-01
1.683740062196421861e-02 9.989468909100879257e-01
1.688928320504955172e-02 9.989091589920013892e-01
1.694191885852747159e-02 9.988714662731434935e-01
1.699529846869140756e-02 9.988340209965642646e-01
1.704941520322101473e-02 9.987968702491327733e-01
1.710427115457368794e-02 9.987598144548401891e-01
1.715986266293564530e-02 9.987228976324618035e-01
1.721617780547730903e-02 9.986863483667800523e-01
1.727321656950421211e-02 9.986499831968080887e-01
1.733098377685324959e-02 9.986135895287688857e-01
1.738946140871804394e-02 9.985776320818553486e-01
1.744864677876764233e-02 9.985419599037783644e-01
1.750854552372868231e-02 9.985062894419539647e-01
1.756915052252010917e-02 9.984707978652821447e-01
1.763044899349170205e-02 9.984357152724421258e-01
1.769244248849457038e-02 9.984007983752400950e-01
1.775513399129857728e-02 9.983658897316106673e-01
1.781850655103877148e-02 9.983314089863911667e-01
1.788255808731110258e-02 9.982971942004780219e-01
1.794729634436485061e-02 9.982629187879861199e-01
1.801270502160174508e-02 9.982290205771614522e-01
1.807877814057799737e-02 9.981954604282651244e-01
1.814551808570680907e-02 9.981620097000030167e-01
1.821292324162884085e-02 9.981286540660414541e-01
1.828097973941546911e-02 9.980956927024458025e-01
1.834968694418315574e-02 9.980629443461215278e-01
1.841904545499460991e-02 9.980302875168651777e-01
1.848904212025039365e-02 9.979980052411288050e-01
1.855967625510870217e-02 9.979659273631974470e-01
1.863094975860987365e-02 9.979339042081601940e-01
1.870284788307569751e-02 9.979022771065253483e-01
1.877536567644035731e-02 9.978709718332369194e-01
1.884850937711696206e-02 9.978396715137941575e-01
1.892226841776804142e-02 9.978086378547108559e-01
1.899663160312894256e-02 9.977780174074236674e-01
1.907160180054598766e-02 9.977475318823764150e-01
1.914718141556428360e-02 9.977170536798216638e-01
1.922334854976977606e-02 9.976871265988642712e-01
1.930010284364978498e-02 9.976574840665226596e-01
1.937745258388775052e-02 9.976277766414030079e-01
1.945538356120603274e-02 9.975983920018351991e-01
1.953388467334737921e-02 9.975694463114747057e-01
1.961296165452922069e-02 9.975405767402820700e-01
1.969261295386768446e-02 9.975117840007702297e-01
1.977281743790345811e-02 9.974835580135814617e-01
1.985357625651517841e-02 9.974555866555885331e-01
1.993490506659681069e-02 9.974273511898442690e-01
2.001677531264206902e-02 9.973996975578813817e-01
2.009917812087579428e-02 9.973725566871883830e-01
2.018211820465002845e-02 9.973455543633291676e-01
2.026561695287754442e-02 9.973180865900674874e-01
2.034962513647534804e-02 9.972916168191794384e-01
2.043415190179926483e-02 9.972654173905826092e-01
2.051919621991998496e-02 9.972393788563640449e-01
2.060478175576216028e-02 9.972128291462184491e-01
2.069085196873651430e-02 9.971874373628411004e-01
2.077742910549184793e-02 9.971620683766280191e-01
2.086450089651023174e-02 9.971370175269451686e-01
2.095207820443984598e-02 9.971118541793230206e-01
2.104014327380138508e-02 9.970870784697137834e-01
2.112868385686905714e-02 9.970628027722557851e-01
2.121770630255221182e-02 9.970386183581397832e-01
2.130721488431465763e-02 9.970143727490995422e-01
2.139717995285877680e-02 9.969908377750374973e-01
2.148760279721989574e-02 9.969676258925814771e-01
2.157850240766857539e-02 9.969441007991645121e-01
2.166985418566568997e-02 9.969210340637451040e-01
2.176163984042102720e-02 9.968986537770798684e-01
2.185386428974941952e-02 9.968764937694208905e-01
2.194655346911364435e-02 9.968537955146956620e-01
2.203966245049567355e-02 9.968319513368878448e-01
2.213319702698853322e-02 9.968103893702132678e-01
2.222715254282951747e-02 9.967890849031727507e-01
2.232151952810834325e-02 9.967681459337065508e-01
2.241631701149903941e-02 9.967469139961766533e-01
2.251152127683619594e-02 9.967261284787501951e-01
2.260711063552066011e-02 9.967061083863543169e-01
2.270309486249282374e-02 9.966862266329639120e-01
2.279948706901897479e-02 9.966660862674189270e-01
2.289627422790901229e-02 9.966461422755493738e-01
2.299341998091818107e-02 9.966272054266362979e-01
2.309093563796775841e-02 9.966084894011695283e-01
2.318884426973038052e-02 9.965893070206099935e-01
2.328712139834996503e-02 9.965705034089061831e-01
2.338573868258340266e-02 9.965525977127078772e-01
2.348470506248683670e-02 9.965349174728588277e-01
2.358403874807032952e-02 9.965168947109328546e-01
2.368373293810663305e-02 9.964988707186496208e-01
2.378373474657888287e-02 9.964821682616094023e-01
2.388406483712802314e-02 9.964656099811669554e-01
2.398475037338801408e-02 9.964484446981743959e-01
2.408575865428372667e-02 9.964317934407852517e-01
2.418706748570118026e-02 9.964159540490470368e-01
2.428868472351924934e-02 9.964003241931624899e-01
2.439062002900951528e-02 9.963845575734153748e-01
2.449287370352409496e-02 9.963687150379340052e-01
2.459540113651011162e-02 9.963539498084073021e-01
2.469821785761140351e-02 9.963393349907621044e-01
2.480132791302096587e-02 9.963246942242327542e-01
2.490472942484139168e-02 9.963100874306964894e-01
2.500839206933311992e-02 9.962962557171458622e-01
2.511232239503663824e-02 9.962826478300758071e-01
2.521653680314722701e-02 9.962687418263640460e-01
2.532099970741410327e-02 9.962555764206009190e-01
2.542570694214548940e-02 9.962428854561066194e-01
2.553066374654918910e-02 9.962303007320515436e-01
2.563588928593666522e-02 9.962172899954296890e-01
2.574133826184911780e-02 9.962051987139943776e-01
2.584700443722755259e-02 9.961937230866271253e-01
2.595290429838408366e-02 9.961821431284910711e-01
2.605902752465334010e-02 9.961707690216049516e-01
2.616538208117960562e-02 9.961592987117366960e-01
2.627194525718142687e-02 9.961483480699135917e-01
2.637869316052969884e-02 9.961382545653407750e-01
2.648564821786234674e-02 9.961280289634449892e-01
2.659280217554758560e-02 9.961179436536822251e-01
2.670014962092890839e-02 9.961080638063988246e-01
2.680770262619178862e-02 9.960979848857182128e-01
2.691539794261400831e-02 9.960893876463944308e-01
2.702326689278921473e-02 9.960807481829078158e-01
2.713131079297666920e-02 9.960720547008583559e-01
2.723954944097437339e-02 9.960628392645773932e-01
2.734791109936911616e-02 9.960551562865108677e-01
2.745642089323208426e-02 9.960476114107719159e-01
2.756508124732602941e-02 9.960400749671280973e-01
2.767390038552776030e-02 9.960323371426115235e-01
2.778286435787631625e-02 9.960248473766826205e-01
2.789193331134146026e-02 9.960184779658034504e-01
2.800112579708821312e-02 9.960122049533236543e-01
2.811044535756031942e-02 9.960058915789500311e-01
2.821989730622045597e-02 9.959994251870624149e-01
2.832945843037215292e-02 9.959934626038295935e-01
2.843910097412651397e-02 9.959884458221465175e-01
2.854884725699390058e-02 9.959833439534794275e-01
2.865869741585479191e-02 9.959781961193082678e-01
2.876862852272066978e-02 9.959735985020978788e-01
2.887868464881076375e-02 9.959681742128874138e-01
2.898876657106876781e-02 9.959648171640843595e-01
2.909893698029509049e-02 9.959609264654749605e-01
2.920917436520591506e-02 9.959573067240576894e-01
2.931947988006154693e-02 9.959537936047287987e-01
2.942983752843446668e-02 9.959507337071322741e-01
2.954025459741772830e-02 9.959477182430753750e-01
2.965074417030035339e-02 9.959443979135628178e-01
2.976123708535595783e-02 9.959426541944821354e-01
2.987176728001085871e-02 9.959408503449593830e-01
2.998233710488880377e-02 9.959389576646218156e-01
3.009298306083567354e-02 9.959361080477299177e-01
3.020359772254258349e-02 9.959354655952830093e-01
3.031421233900260040e-02 9.959351455002318776e-01
3.042485993584816487e-02 9.959341609430676368e-01
3.053553471509433404e-02 9.959329891044703675e-01
3.064619047659299447e-02 9.959328786288594859e-01
3.075683615291329928e-02 9.959330755205129115e-01
3.086749058502212886e-02 9.959329550716264912e-01
3.097812662467419598e-02 9.959333546586023322e-01
3.108873344132785307e-02 9.959342850270505032e-01
3.119931882126941378e-02 9.959352861290770020e-01
3.130987278178851141e-02 9.959365721656517900e-01
3.142040825290622758e-02 9.959376774189738768e-01
3.153090981754923250e-02 9.959390777075026735e-01
3.164134474763421329e-02 9.959414437157176891e-01
3.175172535820563330e-02 9.959439847076642094e-01
3.186206144983203675e-02 9.959463681772627863e-01
3.197233682323769727e-02 9.959490778675806899e-01
3.208258128864020786e-02 9.959512054128182301e-01
3.219271502939662771e-02 9.959550373015895186e-01
3.230277830204874440e-02 9.959587149485825686e-01
3.241276848925098153e-02 9.959623809083262280e-01
3.252267868251292049e-02 9.959662137367054635e-01
3.263250225469498111e-02 9.959702956778919702e-01
3.274223061759638786e-02 9.959747168805016537e-01
3.285185520429474704e-02 9.959795218868826572e-01
3.296137463809625801e-02 9.959845532124943501e-01
3.307079742865103034e-02 9.959894849564685515e-01
3.318012160490869250e-02 9.959944161858835798e-01
3.328929639639645333e-02 9.960006164198385026e-01
3.339834800772726459e-02 9.960067960407398280e-01
3.350728334674991926e-02 9.960127926588941971e-01
3.361609017147648704e-02 9.960190038253736722e-01
3.372474794300718559e-02 9.960258357385101124e-01
3.383330275917770941e-02 9.960318255790827635e-01
3.394166931161104322e-02 9.960395270927987488e-01
3.404988731140008024e-02 9.960470916657642171e-01
3.415795366397732929e-02 9.960546651325415946e-01
3.426586258154954573e-02 9.960623877410562654e-01
3.437360685982038949e-02 9.960703650278478483e-01
3.448122128206883991e-02 9.960776000718034595e-01
3.458860615678670258e-02 9.960869562820460210e-01
3.469581304946156575e-02 9.960960839382422272e-01
3.480285287465262334e-02 9.961048244534355112e-01
3.490971607179634006e-02 9.961136104122155777e-01
3.501637501573112016e-02 9.961231097218289365e-01
3.512283251840161991e-02 9.961328954082427911e-01
3.522913212508942127e-02 9.961417356510170462e-01
3.533517688057696837e-02 9.961525270524106412e-01
3.544101283798892221e-02 9.961631427049972842e-01
3.554664694446688089e-02 9.961734968046404015e-01
3.565207494101580582e-02 9.961838266026878941e-01
3.575726449008784225e-02 9.961949526886337836e-01
3.586222194238394140e-02 9.962063181510052434e-01
3.596694759905626204e-02 9.962177957727854638e-01
3.607148184939010932e-02 9.962283197421373249e-01
3.617573003318693553e-02 9.962407333902387752e-01
3.627973386372244924e-02 9.962530490458223476e-01
3.638349494859689087e-02 9.962652755151409911e-01
3.648700529468729831e-02 9.962776572194010916e-01
3.659029778697899665e-02 9.962892944164988274e-01
3.669328151781364039e-02 9.963028320514740743e-01
3.679600482701733677e-02 9.963161114097354165e-01
3.689846707352952004e-02 9.963292776561538666e-01
3.700065833531910459e-02 9.963426353974280669e-01
3.710256916729359061e-02 9.963563250134426230e-01
3.720420745010630248e-02 9.963699835504943314e-01
3.730557116787250327e-02 9.963836769451829278e-01
3.740661680787629034e-02 9.963984755865875620e-01
3.750737554931763557e-02 9.964130473713509462e-01
3.760784845961492873e-02 9.964274790423339745e-01
3.770801569232706818e-02 9.964423368174541995e-01
3.780787399175772334e-02 9.964574890370514471e-01
3.790746389764416968e-02 9.964717749854553608e-01
3.800669142984181015e-02 9.964879773018774367e-01
3.810560441119043018e-02 9.965039422313139994e-01
3.820420498750608934e-02 9.965197348218562956e-01
3.830249551654260620e-02 9.965353822991059873e-01
3.840045209580181251e-02 9.965515547821636178e-01
3.849807049789783636e-02 9.965680954527720292e-01
3.859535554108575045e-02 9.965846997607790136e-01
3.869231254787298957e-02 9.966012028247993593e-01
3.878891840847157463e-02 9.966182330115259669e-01
3.888517660936306741e-02 9.966354395975665081e-01
3.898108329549685586e-02 9.966528307595292624e-01
3.907666956592548146e-02 9.966695367331397382e-01
3.917186464342214958e-02 9.966876695432439481e-01
3.926669417316801247e-02 9.967058746420661697e-01
3.936116667241751355e-02 9.967239029538862427e-01
3.945527296159846709e-02 9.967420723615101341e-01
3.954903041764644411e-02 9.967598778936463955e-01
3.964239712632306595e-02 9.967785493439984545e-01
3.973537086423064441e-02 9.967977093384006171e-01
3.982796864520352087e-02 9.968166882589691857e-01
3.992019041265056079e-02 9.968355780573993075e-01
4.001201271699574014e-02 9.968550095341610628e-01
4.010349620622635086e-02 9.968731956504061076e-01
4.019452233792869533e-02 9.968937226467352586e-01
4.028516365457587151e-02 9.969136065212789166e-01
4.037540333346888860e-02 9.969335894024047295e-01
4.046524162636921246e-02 9.969536154927850502e-01
4.055467412716535353e-02 9.969737733405796831e-01
4.064370803025361273e-02 9.969938172071740601e-01
4.073231266173740761e-02 9.970145709305828774e-01
4.082049236020015431e-02 9.970355711178134905e-01
4.090825610353838321e-02 9.970564700895419019e-01
4.099559970604515352e-02 9.970774230961924056e-01
4.108253587843192778e-02 9.970980853525177601e-01
4.116901585768871497e-02 9.971198213089300655e-01
4.125506098917743059e-02 9.971415604813378408e-01
4.134067497211258574e-02 9.971632087813808720e-01
4.142585702745035792e-02 9.971848311213369342e-01
4.151061535345099140e-02 9.972062355247434118e-01
4.159490188407553163e-02 9.972287326108489891e-01
4.167873371695136192e-02 9.972513485976194358e-01
4.176211978726078466e-02 9.972738006551649104e-01
4.184509255002985539e-02 9.972953593724465104e-01
4.192757166664834445e-02 9.973184798848518939e-01
4.200959316427375911e-02 9.973414806158814594e-01
4.209115118551528395e-02 9.973645678909934809e-01
4.217225080264552090e-02 9.973875716313316264e-01
4.225289670285484883e-02 9.974104164245234383e-01
4.233306579191935953e-02 9.974337590997397474e-01
4.241274951519307529e-02 9.974575645821177616e-01
4.249196051723267559e-02 9.974812853541595858e-01
4.257072184751096999e-02 9.975043875342132216e-01
4.264899623508823512e-02 9.975281121917657368e-01
4.272676755555444850e-02 9.975525511983183158e-01
4.280405015234908100e-02 9.975769887933840785e-01
4.288084739416458263e-02 9.976013414653953637e-01
4.295721759555113511e-02 9.976241938121245267e-01
4.303303690401310416e-02 9.976493923086038329e-01
4.310834683348931801e-02 9.976747260314874355e-01
4.318318550924715726e-02 9.976991742358884974e-01
4.325752774211891194e-02 9.977238094102410804e-01
4.333135854269181547e-02 9.977489128048887546e-01
4.340472036917205484e-02 9.977731888545291472e-01
4.347753309489961471e-02 9.977990543981662963e-01
4.354985757525563217e-02 9.978241933042735212e-01
4.362167022272660233e-02 9.978495585794532330e-01
4.369295663158149351e-02 9.978753971824450009e-01
4.376372897703825066e-02 9.979011680688943953e-01
4.383403878208672749e-02 9.979256170223260725e-01
4.390376605021847900e-02 9.979524049219600235e-01
4.397298978102726075e-02 9.979783873048511111e-01
4.404168463932928157e-02 9.980046003089657614e-01
4.410986371663409150e-02 9.980306013359534489e-01
4.417753884961789224e-02 9.980562004574724533e-01
4.424465843965668527e-02 9.980828885918571203e-01
4.431124500045243580e-02 9.981095583901254953e-01
4.437730011291049492e-02 9.981361794977019475e-01
4.444283433071515022e-02 9.981625124178253872e-01
4.450783628535825293e-02 9.981889854569260256e-01
4.457228250376413931e-02 9.982161153824066213e-01
4.463618580648578971e-02 9.982432532372529366e-01
4.469956097369048170e-02 9.982700255525999156e-01
4.476242253344679678e-02 9.982962518964828558e-01
4.482469311193509193e-02 9.983241396001248935e-01
4.488642006901921028e-02 9.983516739870501588e-01
4.494761467212905759e-02 9.983787500298697548e-01
4.500825460569524844e-02 9.984061547898708255e-01
4.506834698130414429e-02 9.984335461188037497e-01
4.512789142765949446e-02 9.984609400146088332e-01
4.518686846082708292e-02 9.984888222922054801e-01
4.524528842372791543e-02 9.985166901876726397e-01
4.530316764021018183e-02 9.985441427958704486e-01
4.536049604309685956e-02 9.985716394398589379e-01
4.541723642917392528e-02 9.986000881820937813e-01
4.547341272588283773e-02 9.986284147874150419e-01
4.552904226228987605e-02 9.986562470976222405e-01
4.558413401030633749e-02 9.986836079624903384e-01
4.563861796358693185e-02 9.987124832633211824e-01
4.569253482280413725e-02 9.987410982653212033e-01
4.574591123382690944e-02 9.987689169711821968e-01
4.579870819776554053e-02 9.987973125012161724e-01
4.585092263945389490e-02 9.988260733224900711e-01
4.590256771463974150e-02 9.988546878956897634e-01
4.595365417651792878e-02 9.988829605149809332e-01
4.600416424485446326e-02 9.989115066631679696e-01
4.605408548512800182e-02 9.989405004388361986e-01
4.610342928080150837e-02 9.989694334416712174e-01
4.615221275150374614e-02 9.989979080673705436e-01
4.620041969136016308e-02 9.990265586513655816e-01
4.624803364787265919e-02 9.990557085269611282e-01
4.629506126970964197e-02 9.990849418316467556e-01
4.634152082206229040e-02 9.991137602210981017e-01
4.638739736251076134e-02 9.991427447134281215e-01
4.643268535741646580e-02 9.991719505981622174e-01
4.647739209559213769e-02 9.992010849587800170e-01
4.652152066918211620e-02 9.992301062537313205e-01
4.656505727638643455e-02 9.992594160608484488e-01
4.660800562811727443e-02 9.992887773512439953e-01
4.665037228216482174e-02 9.993180004385240345e-01
4.669215291413549018e-02 9.993472625340862336e-01
4.673334040766043834e-02 9.993767220430100906e-01
4.677393851366767191e-02 9.994061864854147936e-01
4.681395355858886803e-02 9.994354952337682896e-01
4.685337535611959481e-02 9.994649807927068474e-01
4.689220325357458530e-02 9.994945710740695821e-01
4.693044152853091677e-02 9.995241067772172583e-01
4.696809188657502521e-02 9.995535725515967140e-01
4.700514641113601177e-02 9.995832012758644192e-01
4.704160669402604467e-02 9.996128716797721969e-01
4.707747680850318112e-02 9.996424610920484621e-01
4.711275544412286270e-02 9.996720427696229594e-01
4.714743526912994198e-02 9.997018038737253143e-01
4.718152001299289605e-02 9.997315614543796913e-01
4.721501628434564973e-02 9.997611520574618549e-01
4.724791517787614581e-02 9.997908818045593282e-01
4.728021391371435567e-02 9.998207506204151995e-01
4.731191917264256780e-02 9.998505219510930297e-01
4.734303187749772102e-02 9.998802214682585010e-01
4.737354591794620123e-02 9.999100378370081588e-01
4.740346391403098963e-02 9.999398471304752345e-01
4.743278742677480009e-02 9.999696138607331308e-01
4.746151275452077656e-02 9.999994518508079633e-01
4.748963895313708383e-02 1.000029349074087026e+00
4.751717115766337929e-02 1.000059147537976978e+00
4.754410795628220138e-02 1.000088931917608726e+00
4.757044748826239761e-02 1.000118755773390156e+00
4.759618772024150346e-02 1.000148650201308165e+00
4.762133098216576876e-02 1.000178521666638121e+00
4.764588031075622093e-02 1.000208305732648517e+00
4.766983163522629102e-02 1.000238147868663274e+00
4.769318501387484477e-02 1.000268017582208513e+00
4.771594296126933227e-02 1.000297838220332913e+00
4.773810528387961022e-02 1.000327639159000137e+00
4.775967030464074725e-02 1.000357472174562501e+00
4.778063994451462598e-02 1.000387273204525140e+00
4.780101430762940390e-02 1.000417055638483932e+00
4.782079317632570437e-02 1.000446834215925174e+00
4.783997629486193975e-02 1.000476617258647449e+00
4.785856482511688381e-02 1.000506373487040968e+00
4.787655829287463388e-02 1.000536128163667327e+00
4.789395785327493077e-02 1.000565853185916954e+00
4.791076342417505823e-02 1.000595565434546197e+00
4.792697552331349337e-02 1.000625258352902947e+00
4.794259309832162030e-02 1.000654967915338922e+00
4.795762143801738514e-02 1.000684553579366032e+00
4.797205900137911649e-02 1.000714115819730354e+00
4.798589826542912912e-02 1.000743854422705637e+00
4.799914953638918097e-02 1.000773423551442276e+00
4.801180843692244571e-02 1.000803017376480364e+00
4.802387950529771882e-02 1.000832510092949157e+00
4.803536160465025906e-02 1.000861980676751806e+00
4.804625239654659874e-02 1.000891498655058109e+00
4.805655578667743233e-02 1.000920942688348969e+00
4.806626967923851440e-02 1.000950402144238360e+00
4.807539748819217307e-02 1.000979783962368419e+00
4.808393992990264709e-02 1.001009109052513280e+00
4.809189576980567316e-02 1.001038436642771812e+00
4.809926670777701918e-02 1.001067722986193065e+00
4.810605321860809969e-02 1.001096976836410413e+00
4.811225529418323987e-02 1.001126214642917400e+00
4.811787418510242442e-02 1.001155413162569952e+00
4.812291372591601113e-02 1.001184496175036021e+00
4.812737064848108398e-02 1.001213603137482089e+00
4.813124794952973462e-02 1.001242647156615373e+00
4.813454584539905018e-02 1.001271654295665670e+00
4.813726505430827168e-02 1.001300625039192926e+00
4.813940702103226138e-02 1.001329541465587614e+00
4.814097245861866797e-02 1.001358412907224604e+00
4.814097245861866797e-02 1.001387225374489098e+00
4.814097245861866797e-02 1.001415980213315349e+00
4.814097245861866797e-02 1.001444749176656934e+00
1.200000000000000025e-02 1.000000000000000000e+00
1.200000000000000025e-02 1.000000000000000000e+00
1.200000000000000025e-02 1.000000000000000000e+00
1.200000000000000025e-02 1.000000000000000000e+00
1.200000000000000025e-02 1.000000000000000000e+00
1.200000000000000025e-02 1.000000000000000000e+00
1.200000000000000025e-02 1.000000000000000000e+00
1.200000000000000025e-02 1.000000000000000000e+00
1.200000000000000025e-02 1.000000000000000000e+00
1.200000000000000025e-02 1.000000000000000000e+00
1.200000000000000025e-02 1.000000000000000000e+00
1.200000000000000025e-02 1.000000000000000000e+00
1.200000000000000025e-02 1.000000000000000000e+00
1.200000000000000025e-02 1.000000000000000000e+00
1.200000000000000025e-02 1.000000000000000000e+00
1.200000000000000025e-02 1.000000000000000000e+00
1.200000000000000025e-02 1.000000000000000000e+00
1.200000000000000025e-02 1.000000000000000000e+00
1.200000000000000025e-02 1.000000000000000000e+00
1.200000000000000025e-02 1.000000000000000000e+00
1.200000000000000025e-02 1.000000000000000000e+00
1.200000000000000025e-02 1.000000000000000000e+00
1.200000000000000025e-02 1.000000000000000000e+00
1.200000000000000025e-02 1.000000000000000000e+00
1.200000000000000025e-02 1.000000000000000000e+00
1.200000000000000025e-02 1.000000000000000000e+00
1.200000000000000025e-02 1.000000000000000000e+00
1.200000000000000025e-02 1.000000000000000000e+00
1.200000000000000025e-02 1.000000000000000000e+00
1.200000000000000025e-02 1.000000000000000000e+00
1.200000000000000025e-02 1.000000000000000000e+00
1.200000000000000025e-02 1.000000000000000000e+00
1.200000000000000025e-02 1.000000000000000000e+00
1.200000000000000025e-02 1.000000000000000000e+00
1.200000000000000025e-02 1.000000000000000000e+00
1.200000000000000025e-02 1.000000000000000000e+00
1.200000000000000025e-02 1.000000000000000000e+00
1.200000000000000025e-02 1.000000000000000000e+00
1.200000000000000025e-02 1.000000000000000000e+00
1.200000000000000025e-02 1.000000000000000000e+00
1.200000000000000025e-02 1.000000000000000000e+00
1.200000000000000025e-02 1.000000000000000000e+00
1.200000000000000025e-02 1.000000000000000000e+00
1.200000000000000025e-02 1.000000000000000000e+00
1.200000000000000025e-02 1.000000000000000000e+00
1.200000000000000025e-02 1.000000000000000000e+00
1.200000000000000025e-02 1.000000000000000000e+00
1.200000000000000025e-02 1.000000000000000000e+00
1.200000000000000025e-02 1.000000000000000000e+00
1.200000000000000025e-02 1.000000000000000000e+00
1.200000000000000025e-02 1.000000000000000000e+00
1.200000000000000025e-02 1.000000000000000000e+00
1.200000000000000025e-02 1.000000000000000000e+00
1.200000000000000025e-02 1.000000000000000000e+00
1.200000000000000025e-02 1.000000000000000000e+00
1.200000000000000025e-02 1.000000000000000000e+00
1.200000000000000025e-02 1.000000000000000000e+00
1.200000000000000025e-02 1.000000000000000000e+00
1.200000000000000025e-02 1.000000000000000000e+00
1.200000000000000025e-02 1.000000000000000000e+00
1.200000000000000025e-02 1.000000000000000000e+00
1.200000000000000025e-02 1.000000000000000000e+00
1.200000000000000025e-02 1.000000000000000000e+00
1.200000000000000025e-02 1.000000000000000000e+00
1.200000000000000025e-02 1.000000000000000000e+00
1.200000000000000025e-02 1.000000000000000000e+00
1.200000000000000025e-02 1.000000000000000000e+00
1.200000000000000025e-02 1.000000000000000000e+00
1.200000000000000025e-02 1.000000000000000000e+00
1.200000000000000025e-02 1.000000000000000000e+00
1.200000000000000025e-02 1.000000000000000000e+00
1.200000000000000025e-02 1.000000000000000000e+00
1.200000000000000025e-02 1.000000000000000000e+00
1.200000000000000025e-02 1.000000000000000000e+00
1.200000000000000025e-02 1.000000000000000000e+00
1.200000000000000025e-02 1.000000000000000000e+00
1.200000000000000025e-02 1.000000000000000000e+00
1.200000000000000025e-02 1.000000000000000000e+00
1.200000000000000025e-02 1.000000000000000000e+00
1.200000000000000025e-02 1.000000000000000000e+00
1.200000000000000025e-02 1.000000000000000000e+00
1.200000000000000025e-02 1.000000000000000000e+00
1.200000000000000025e-02 1.000000000000000000e+00
1.200000000000000025e-02 1.000000000000000000e+00
1.200000000000000025e-02 1.000000000000000000e+00
1.200000000000000025e-02 1.000000000000000000e+00
1.200000000000000025e-02 1.000000000000000000e+00
1.200000000000000025e-02 1.000000000000000000e+00
1.200000000000000025e-02 1.000000000000000000e+00
1.200000000000000025e-02 1.000000000000000000e+00
1.200000000000000025e-02 1.000000000000000000e+00
1.200000000000000025e-02 1.000000000000000000e+00
1.200000000000000025e-02 1.000000000000000000e+00
1.200000000000000025e-02 1.000000000000000000e+00
1.200000000000000025e-02 1.000000000000000000e+00
1.200000000000000025e-02 1.000000000000000000e+00
1.200000000000000025e-02 1.000000000000000000e+00
1.200000000000000025e-02 1.000000000000000000e+00
1.200000000000000025e-02 1.000000000000000000e+00
1.200000000000000025e-02 1.000000000000000000e+00
1.200000000000000025e-02 1.000000000000000000e+00
1.200000000000000025e-02 1.000000000000000000e+00
1.200000000000000025e-02 1.000000000000000000e+00
1.200000000000000025e-02 1.000000000000000000e+00
1.200000000000000025e-02 1.000000000000000000e+00
1.200000000000000025e-02 1.000000000000000000e+00
1.200000000000000025e-02 1.000000000000000000e+00
1.200000000000000025e-02 1.000000000000000000e+00
1.200000000000000025e-02 1.000000000000000000e+00
1.200000000000000025e-02 1.000000000000000000e+00
1.200000000000000025e-02 1.000000000000000000e+00
1.200000000000000025e-02 1.000000000000000000e+00
1.200000000000000025e-02 1.000000000000000000e+00
1.200000000000000025e-02 1.000000000000000000e+00
1.200000000000000025e-02 1.000000000000000000e+00
1.200000000000000025e-02 1.000000000000000000e+00
1.200000000000000025e-02 1.000000000000000000e+00
1.200000000000000025e-02 1.000000000000000000e+00
1.200000000000000025e-02 1.000000000000000000e+00
1.200000000000000025e-02 1.000000000000000000e+00
1.200000000000000025e-02 1.000000000000000000e+00
1.200000000000000025e-02 1.000000000000000000e+00
1.200000000000000025e-02 1.000000000000000000e+00
1.200000000000000025e-02 1.000000000000000000e+00
1.200000000000000025e-02 1.000000000000000000e+00
1.200000000000000025e-02 1.000000000000000000e+00
1.200000000000000025e-02 1.000000000000000000e+00
1.200000000000000025e-02 1.000000000000000000e+00
1.200000000000000025e-02 1.000000000000000000e+00
1.200000000000000025e-02 1.000000000000000000e+00
1.200000000000000025e-02 1.000000000000000000e+00
1.200000000000000025e-02 1.000000000000000000e+00
1.200000000000000025e-02 1.000000000000000000e+00
1.200000000000000025e-02 1.000000000000000000e+00
1.200000000000000025e-02 1.000000000000000000e+00
1.200000000000000025e-02 1.000000000000000000e+00
1.200000000000000025e-02 1.000000000000000000e+00
1.200000000000000025e-02 1.000000000000000000e+00
1.200000000000000025e-02 1.000000000000000000e+00
1.200000000000000025e-02 1.000000000000000000e+00
1.200000000000000025e-02 1.000000000000000000e+00
1.200000000000000025e-02 1.000000000000000000e+00
1.200000000000000025e-02 1.000000000000000000e+00
1.200000000000000025e-02 1.000000000000000000e+00
1.200000000000000025e-02 1.000000000000000000e+00
1.200000000000000025e-02 1.000000000000000000e+00
1.200000000000000025e-02 1.000000000000000000e+00
1.200000000000000025e-02 1.000000000000000000e+00
1.200000000000000025e-02 1.000000000000000000e+00
1.200000000000000025e-02 1.000000000000000000e+00
1.200000000000000025e-02 1.000000000000000000e+00
1.200000000000000025e-02 1.000000000000000000e+00
1.200000000000000025e-02 1.000000000000000000e+00
1.200000000000000025e-02 1.000000000000000000e+00
1.200000000000000025e-02 1.000000000000000000e+00
1.200000000000000025e-02 1.000000000000000000e+00
1.200000000000000025e-02 1.000000000000000000e+00
1.200000000000000025e-02 1.000000000000000000e+00
1.200000000000000025e-02 1.000000000000000000e+00
1.200000000000000025e-02 1.000000000000000000e+00
1.200000000000000025e-02 1.000000000000000000e+00
1.200000000000000025e-02 1.000000000000000000e+00
1.200000000000000025e-02 1.000000000000000000e+00
1.200000000000000025e-02 1.000000000000000000e+00
1.200000000000000025e-02 1.000000000000000000e+00
1.200000000000000025e-02 1.000000000000000000e+00
1.200000000000000025e-02 1.000000000000000000e+00
1.200000000000000025e-02 1.000000000000000000e+00
1.200000000000000025e-02 1.000000000000000000e+00
1.200000000000000025e-02 1.000000000000000000e+00
1.200000000000000025e-02 1.000000000000000000e+00
1.200000000000000025e-02 1.000000000000000000e+00
1.200000000000000025e-02 1.000000000000000000e+00
1.200000000000000025e-02 1.000000000000000000e+00
1.200000000000000025e-02 1.000000000000000000e+00
1.200000000000000025e-02 1.000000000000000000e+00
1.200000000000000025e-02 1.000000000000000000e+00
1.200000000000000025e-02 1.000000000000000000e+00
1.200000000000000025e-02 1.000000000000000000e+00
1.200000000000000025e-02 1.000000000000000000e+00
1.200000000000000025e-02 1.000000000000000000e+00
1.200000000000000025e-02 1.000000000000000000e+00
1.200000000000000025e-02 1.000000000000000000e+00
1.200000000000000025e-02 1.000000000000000000e+00
1.200000000000000025e-02 1.000000000000000000e+00
1.200000000000000025e-02 1.000000000000000000e+00
1.200000000000000025e-02 1.000000000000000000e+00
1.200000000000000025e-02 1.000000000000000000e+00
1.200000000000000025e-02 1.000000000000000000e+00
1.200000000000000025e-02 1.000000000000000000e+00
1.200000000000000025e-02 1.000000000000000000e+00
1.200000000000000025e-02 1.000000000000000000e+00
1.200000000000000025e-02 1.000000000000000000e+00
1.200000000000000025e-02 1.000000000000000000e+00
1.200000000000000025e-02 1.000000000000000000e+00
1.200000000000000025e-02 1.000000000000000000e+00
1.200000000000000025e-02 1.000000000000000000e+00
1.200000000000000025e-02 1.000000000000000000e+00
1.200000000000000025e-02 1.000000000000000000e+00
1.200000000000000025e-02 1.000000000000000000e+00
1.200000000000000025e-02 1.000000000000000000e+00
1.200000000000000025e-02 1.000000000000000000e+00
1.200000000000000025e-02 1.000000000000000000e+00
1.200000000000000025e-02 1.000000000000000000e+00
1.200000000000000025e-02 1.000000000000000000e+00
1.200000000000000025e-02 1.000000000000000000e+00
1.200000000000000025e-02 1.000000000000000000e+00
1.200000000000000025e-02 1.000000000000000000e+00
1.200000000000000025e-02 1.000000000000000000e+00
1.200000000000000025e-02 1.000000000000000000e+00
1.200000000000000025e-02 1.000000000000000000e+00
1.200000000000000025e-02 1.000000000000000000e+00
1.200000000000000025e-02 1.000000000000000000e+00
1.200000000000000025e-02 1.000000000000000000e+00
1.200000000000000025e-02 1.000000000000000000e+00
1.200000000000000025e-02 1.000000000000000000e+00
1.200000000000000025e-02 1.000000000000000000e+00
1.200000000000000025e-02 1.000000000000000000e+00
1.200000000000000025e-02 1.000000000000000000e+00
1.200000000000000025e-02 1.000000000000000000e+00
1.200000000000000025e-02 1.000000000000000000e+00
1.200000000000000025e-02 1.000000000000000000e+00
1.200000000000000025e-02 1.000000000000000000e+00
1.200000000000000025e-02 1.000000000000000000e+00
1.200000000000000025e-02 1.000000000000000000e+00
1.200000000000000025e-02 1.000000000000000000e+00
1.200000000000000025e-02 1.000000000000000000e+00
1.200000000000000025e-02 1.000000000000000000e+00
1.200000000000000025e-02 1.000000000000000000e+00
1.200000000000000025e-02 1.000000000000000000e+00
1.200000000000000025e-02 1.000000000000000000e+00
1.200000000000000025e-02 1.000000000000000000e+00
1.200000000000000025e-02 1.000000000000000000e+00
1.200000000000000025e-02 1.000000000000000000e+00
1.200000000000000025e-02 1.000000000000000000e+00
1.200000000000000025e-02 1.000000000000000000e+00
1.200000000000000025e-02 1.000000000000000000e+00
1.200000000000000025e-02 1.000000000000000000e+00
1.200000000000000025e-02 1.000000000000000000e+00
1.200000000000000025e-02 1.000000000000000000e+00
1.200000000000000025e-02 1.000000000000000000e+00
1.200000000000000025e-02 1.000000000000000000e+00
1.200000000000000025e-02 1.000000000000000000e+00
1.200000000000000025e-02 1.000000000000000000e+00
1.200000000000000025e-02 1.000000000000000000e+00
1.200000000000000025e-02 1.000000000000000000e+00
1.200000000000000025e-02 1.000000000000000000e+00
1.200000000000000025e-02 1.000000000000000000e+00
1.200000000000000025e-02 1.000000000000000000e+00
1.200000000000000025e-02 1.000000000000000000e+00
1.200000000000000025e-02 1.000000000000000000e+00
1.200000000000000025e-02 1.000000000000000000e+00
1.200000000000000025e-02 1.000000000000000000e+00
1.200000000000000025e-02 1.000000000000000000e+00
1.200000000000000025e-02 1.000000000000000000e+00
1.200000000000000025e-02 1.000000000000000000e+00
1.200000000000000025e-02 1.000000000000000000e+00
1.200000000000000025e-02 1.000000000000000000e+00
1.200000000000000025e-02 1.000000000000000000e+00
1.200000000000000025e-02 1.000000000000000000e+00
1.200000000000000025e-02 1.000000000000000000e+00
1.200000000000000025e-02 1.000000000000000000e+00
1.200000000000000025e-02 1.000000000000000000e+00
1.200000000000000025e-02 1.000000000000000000e+00
1.200000000000000025e-02 1.000000000000000000e+00
1.200000000000000025e-02 1.000000000000000000e+00
1.200000000000000025e-02 1.000000000000000000e+00
1.200000000000000025e-02 1.000000000000000000e+00
1.200000000000000025e-02 1.000000000000000000e+00
1.200000000000000025e-02 1.000000000000000000e+00
1.200000000000000025e-02 1.000000000000000000e+00
1.200000000000000025e-02 1.000000000000000000e+00
1.200000000000000025e-02 1.000000000000000000e+00
1.200000000000000025e-02 1.000000000000000000e+00
1.200000000000000025e-02 1.000000000000000000e+00
1.200000000000000025e-02 1.000000000000000000e+00
1.200000000000000025e-02 1.000000000000000000e+00
1.200000000000000025e-02 1.000000000000000000e+00
1.200000000000000025e-02 1.000000000000000000e+00
1.200000000000000025e-02 1.000000000000000000e+00
1.200000000000000025e-02 1.000000000000000000e+00
1.200000000000000025e-02 1.000000000000000000e+00
1.200000000000000025e-02 1.000000000000000000e+00
1.200000000000000025e-02 1.000000000000000000e+00
1.200000000000000025e-02 1.000000000000000000e+00
1.200000000000000025e-02 1.000000000000000000e+00
1.200000000000000025e-02 1.000000000000000000e+00
1.200000000000000025e-02 1.000000000000000000e+00
1.200000000000000025e-02 1.000000000000000000e+00
1.200000000000000025e-02 1.000000000000000000e+00
1.200000000000000025e-02 1.000000000000000000e+00
1.200000000000000025e-02 1.000000000000000000e+00
1.200000000000000025e-02 1.000000000000000000e+00
1.200000000000000025e-02 1.000000000000000000e+00
1.200000000000000025e-02 1.000000000000000000e+00
1.200000000000000025e-02 1.000000000000000000e+00
1.200000000000000025e-02 1.000000000000000000e+00
1.200000000000000025e-02 1.000000000000000000e+00
1.200000000000000025e-02 1.000000000000000000e+00
1.200000000000000025e-02 1.000000000000000000e+00
1.200000000000000025e-02 1.000000000000000000e+00
1.200000000000000025e-02 1.000000000000000000e+00
1.200000000000000025e-02 1.000000000000000000e+00
1.200000000000000025e-02 1.000000000000000000e+00
1.200000000000000025e-02 1.000000000000000000e+00
1.200000000000000025e-02 1.000000000000000000e+00
1.200000000000000025e-02 1.000000000000000000e+00
1.200000000000000025e-02 1.000000000000000000e+00
1.200000000000000025e-02 1.000000000000000000e+00
1.200000000000000025e-02 1.000000000000000000e+00
1.200000000000000025e-02 1.000000000000000000e+00
1.200000000000000025e-02 1.000000000000000000e+00
1.200000000000000025e-02 1.000000000000000000e+00
1.200000000000000025e-02 1.000000000000000000e+00
1.200000000000000025e-02 1.000000000000000000e+00
1.200000000000000025e-02 1.000000000000000000e+00
1.200000000000000025e-02 1.000000000000000000e+00
1.200000000000000025e-02 1.000000000000000000e+00
1.200000000000000025e-02 1.000000000000000000e+00
1.200000000000000025e-02 1.000000000000000000e+00
1.200000000000000025e-02 1.000000000000000000e+00
1.200000000000000025e-02 1.000000000000000000e+00
1.200000000000000025e-02 1.000000000000000000e+00
1.200000000000000025e-02 1.000000000000000000e+00
1.200000000000000025e-02 1.000000000000000000e+00
1.200000000000000025e-02 1.000000000000000000e+00
1.200000000000000025e-02 1.000000000000000000e+00
1.200000000000000025e-02 1.000000000000000000e+00
1.200000000000000025e-02 1.000000000000000000e+00
1.200000000000000025e-02 1.000000000000000000e+00
1.200000000000000025e-02 1.000000000000000000e+00
1.200000000000000025e-02 1.000000000000000000e+00
1.200000000000000025e-02 1.000000000000000000e+00
1.200000000000000025e-02 1.000000000000000000e+00
1.200000000000000025e-02 1.000000000000000000e+00
1.200000000000000025e-02 1.000000000000000000e+00
1.200000000000000025e-02 1.000000000000000000e+00
1.200000000000000025e-02 1.000000000000000000e+00
1.200000000000000025e-02 1.000000000000000000e+00
1.200000000000000025e-02 1.000000000000000000e+00
1.200000000000000025e-02 1.000000000000000000e+00
1.200000000000000025e-02 1.000000000000000000e+00
1.200000000000000025e-02 1.000000000000000000e+00
1.200000000000000025e-02 1.000000000000000000e+00
1.200000000000000025e-02 1.000000000000000000e+00
1.200000000000000025e-02 1.000000000000000000e+00
1.200000000000000025e-02 1.000000000000000000e+00
1.200000000000000025e-02 1.000000000000000000e+00
1.200000000000000025e-02 1.000000000000000000e+00
1.200000000000000025e-02 1.000000000000000000e+00
1.200000000000000025e-02 1.000000000000000000e+00
1.200000000000000025e-02 1.000000000000000000e+00
1.200000000000000025e-02 1.000000000000000000e+00
1.200000000000000025e-02 1.000000000000000000e+00
1.200000000000000025e-02 1.000000000000000000e+00
1.200000000000000025e-02 1.000000000000000000e+00
1.200000000000000025e-02 1.000000000000000000e+00
1.200000000000000025e-02 1.000000000000000000e+00
1.200000000000000025e-02 1.000000000000000000e+00
1.200000000000000025e-02 1.000000000000000000e+00
1.200000000000000025e-02 1.000000000000000000e+00
1.200000000000000025e-02 1.000000000000000000e+00
1.200000000000000025e-02 1.000000000000000000e+00
1.200000000000000025e-02 1.000000000000000000e+00
1.200000000000000025e-02 1.000000000000000000e+00
1.200000000000000025e-02 1.000000000000000000e+00
1.200000000000000025e-02 1.000000000000000000e+00
1.200000000000000025e-02 1.000000000000000000e+00
1.200000000000000025e-02 1.000000000000000000e+00
1.200000000000000025e-02 1.000000000000000000e+00
1.200000000000000025e-02 1.000000000000000000e+00
1.200000000000000025e-02 1.000000000000000000e+00
1.200000000000000025e-02 1.000000000000000000e+00
1.200000000000000025e-02 1.000000000000000000e+00
1.200000000000000025e-02 1.000000000000000000e+00
1.200000000000000025e-02 1.000000000000000000e+00
1.200000000000000025e-02 1.000000000000000000e+00
1.200000000000000025e-02 1.000000000000000000e+00
1.200000000000000025e-02 1.000000000000000000e+00
1.200000000000000025e-02 1.000000000000000000e+00
1.200000000000000025e-02 1.000000000000000000e+00
1.200000000000000025e-02 1.000000000000000000e+00
1.200000000000000025e-02 1.000000000000000000e+00
1.200000000000000025e-02 1.000000000000000000e+00
1.200000000000000025e-02 1.000000000000000000e+00
1.200000000000000025e-02 1.000000000000000000e+00
1.200000000000000025e-02 1.000000000000000000e+00
1.200000000000000025e-02 1.000000000000000000e+00
1.200000000000000025e-02 1.000000000000000000e+00
1.200000000000000025e-02 1.000000000000000000e+00
1.200000000000000025e-02 1.000000000000000000e+00
1.200000000000000025e-02 1.000000000000000000e+00
1.200000000000000025e-02 1.000000000000000000e+00
1.200000000000000025e-02 1.000000000000000000e+00
1.200000000000000025e-02 1.000000000000000000e+00
1.200000000000000025e-02 1.000000000000000000e+00
1.200000000000000025e-02 1.000000000000000000e+00
1.200000000000000025e-02 1.000000000000000000e+00
1.200000000000000025e-02 1.000000000000000000e+00
1.200000000000000025e-02 1.000000000000000000e+00
1.200000000000000025e-02 1.000000000000000000e+00
1.200000000000000025e-02 1.000000000000000000e+00
1.200000000000000025e-02 1.000000000000000000e+00
1.200000000000000025e-02 1.000000000000000000e+00
1.200000000000000025e-02 1.000000000000000000e+00
1.200000000000000025e-02 1.000000000000000000e+00
1.200000000000000025e-02 1.000000000000000000e+00
1.200000000000000025e-02 1.000000000000000000e+00
1.200000000000000025e-02 1.000000000000000000e+00
1.200000000000000025e-02 1.000000000000000000e+00
1.200000000000000025e-02 1.000000000000000000e+00
1.200000000000000025e-02 1.000000000000000000e+00
1.200000000000000025e-02 1.000000000000000000e+00
1.200000000000000025e-02 1.000000000000000000e+00
1.200000000000000025e-02 1.000000000000000000e+00
1.200000000000000025e-02 1.000000000000000000e+00
1.200000000000000025e-02 1.000000000000000000e+00
1.200000000000000025e-02 1.000000000000000000e+00
1.200000000000000025e-02 1.000000000000000000e+00
1.200000000000000025e-02 1.000000000000000000e+00
1.200000000000000025e-02 1.000000000000000000e+00
1.200000000000000025e-02 1.000000000000000000e+00
1.200000000000000025e-02 1.000000000000000000e+00
1.200000000000000025e-02 1.000000000000000000e+00
1.200000000000000025e-02 1.000000000000000000e+00
1.200000000000000025e-02 1.000000000000000000e+00
1.200000000000000025e-02 1.000000000000000000e+00
1.200000000000000025e-02 1.000000000000000000e+00
1.200000000000000025e-02 1.000000000000000000e+00
1.200000000000000025e-02 1.000000000000000000e+00
1.200000000000000025e-02 1.000000000000000000e+00
1.200000000000000025e-02 1.000000000000000000e+00
1.200000000000000025e-02 1.000000000000000000e+00
1.200000000000000025e-02 1.000000000000000000e+00
1.200000000000000025e-02 1.000000000000000000e+00
1.200000000000000025e-02 1.000000000000000000e+00
1.200000000000000025e-02 1.000000000000000000e+00
1.200000000000000025e-02 1.000000000000000000e+00
1.200000000000000025e-02 1.000000000000000000e+00
1.200000000000000025e-02 1.000000000000000000e+00
1.200000000000000025e-02 1.000000000000000000e+00
1.200000000000000025e-02 1.000000000000000000e+00
1.200000000000000025e-02 1.000000000000000000e+00
1.200000000000000025e-02 1.000000000000000000e+00
1.200000000000000025e-02 1.000000000000000000e+00
1.200000000000000025e-02 1.000000000000000000e+00
1.200000000000000025e-02 1.000000000000000000e+00
1.200000000000000025e-02 1.000000000000000000e+00
1.200000000000000025e-02 1.000000000000000000e+00
1.200000000000000025e-02 1.000000000000000000e+00
1.200000000000000025e-02 1.000000000000000000e+00
1.200000000000000025e-02 1.000000000000000000e+00
1.200000000000000025e-02 1.000000000000000000e+00
1.200000000000000025e-02 1.000000000000000000e+00
1.200000000000000025e-02 1.000000000000000000e+00
1.200000000000000025e-02 1.000000000000000000e+00
1.200000000000000025e-02 1.000000000000000000e+00
1.200000000000000025e-02 1.000000000000000000e+00
1.200000000000000025e-02 1.000000000000000000e+00
1.200000000000000025e-02 1.000000000000000000e+00
1.200000000000000025e-02 1.000000000000000000e+00
1.200000000000000025e-02 1.000000000000000000e+00
1.200000000000000025e-02 1.000000000000000000e+00
1.200000000000000025e-02 1.000000000000000000e+00
1.200000000000000025e-02 1.000000000000000000e+00
1.200000000000000025e-02 1.000000000000000000e+00
1.200000000000000025e-02 1.000000000000000000e+00
1.200000000000000025e-02 1.000000000000000000e+00
1.200000000000000025e-02 1.000000000000000000e+00
1.200000000000000025e-02 1.000000000000000000e+00
1.200000000000000025e-02 1.000000000000000000e+00
1.200000000000000025e-02 1.000000000000000000e+00
1.200000000000000025e-02 1.000000000000000000e+00
1.200000000000000025e-02 1.000000000000000000e+00
1.200000000000000025e-02 1.000000000000000000e+00
1.200000000000000025e-02 1.000000000000000000e+00
1.200000000000000025e-02 1.000000000000000000e+00
1.200000000000000025e-02 1.000000000000000000e+00
1.200000000000000025e-02 1.000000000000000000e+00
1.200000000000000025e-02 1.000000000000000000e+00
1.200000000000000025e-02 1.000000000000000000e+00
1.200000000000000025e-02 1.000000000000000000e+00
1.200000000000000025e-02 1.000000000000000000e+00
1.200000000000000025e-02 1.000000000000000000e+00
1.200000000000000025e-02 1.000000000000000000e+00
1.200000000000000025e-02 1.000000000000000000e+00
1.200000000000000025e-02 1.000000000000000000e+00
1.200000000000000025e-02 1.000000000000000000e+00
1.200000000000000025e-02 1.000000000000000000e+00
1.200000000000000025e-02 1.000000000000000000e+00
1.200000000000000025e-02 1.000000000000000000e+00
1.200000000000000025e-02 1.000000000000000000e+00
1.200000000000000025e-02 1.000000000000000000e+00
1.200000000000000025e-02 1.000000000000000000e+00
1.200000000000000025e-02 1.000000000000000000e+00
1.200000000000000025e-02 1.000000000000000000e+00
1.200000000000000025e-02 1.000000000000000000e+00
1.200000000000000025e-02 1.000000000000000000e+00
1.200000000000000025e-02 1.000000000000000000e+00
1.200000000000000025e-02 1.000000000000000000e+00
1.200000000000000025e-02 1.000000000000000000e+00
1.200000000000000025e-02 1.000000000000000000e+00
1.200000000000000025e-02 1.000000000000000000e+00
1.200000000000000025e-02 1.000000000000000000e+00
1.200000000000000025e-02 1.000000000000000000e+00
1.200000000000000025e-02 1.000000000000000000e+00
1.200000000000000025e-02 1.000000000000000000e+00
1.200000000000000025e-02 1.000000000000000000e+00
1.200000000000000025e-02 1.000000000000000000e+00
1.200000000000000025e-02 1.000000000000000000e+00
1.200000000000000025e-02 1.000000000000000000e+00
1.200000000000000025e-02 1.000000000000000000e+00
1.200000000000000025e-02 1.000000000000000000e+00
1.200000000000000025e-02 1.000000000000000000e+00
1.200000000000000025e-02 1.000000000000000000e+00
1.200000000000000025e-02 1.000000000000000000e+00
1.200000000000000025e-02 1.000000000000000000e+00
1.200000000000000025e-02 1.000000000000000000e+00
1.200000000000000025e-02 1.000000000000000000e+00
1.200000000000000025e-02 1.000000000000000000e+00
1.200000000000000025e-02 1.000000000000000000e+00
1.200000000000000025e-02 1.000000000000000000e+00
1.200000000000000025e-02 1.000000000000000000e+00
1.200000000000000025e-02 1.000000000000000000e+00
1.200000000000000025e-02 1.000000000000000000e+00
1.200000000000000025e-02 1.000000000000000000e+00
1.200000000000000025e-02 1.000000000000000000e+00
1.200000000000000025e-02 1.000000000000000000e+00
1.200000000000000025e-02 1.000000000000000000e+00
1.200000000000000025e-02 1.000000000000000000e+00
1.200000000000000025e-02 1.000000000000000000e+00
1.200000000000000025e-02 1.000000000000000000e+00
1.200000000000000025e-02 1.000000000000000000e+00
1.200000000000000025e-02 1.000000000000000000e+00
1.200000000000000025e-02 1.000000000000000000e+00
1.200000000000000025e-02 1.000000000000000000e+00
1.200000000000000025e-02 1.000000000000000000e+00
1.200000000000000025e-02 1.000000000000000000e+00
1.200000000000000025e-02 1.000000000000000000e+00
1.200000000000000025e-02 1.000000000000000000e+00
1.200000000000000025e-02 1.000000000000000000e+00
1.200000000000000025e-02 1.000000000000000000e+00
1.200000000000000025e-02 1.000000000000000000e+00
1.200000000000000025e-02 1.000000000000000000e+00
1.200000000000000025e-02 1.000000000000000000e+00
1.200000000000000025e-02 1.000000000000000000e+00
1.200000000000000025e-02 1.000000000000000000e+00
1.200000000000000025e-02 1.000000000000000000e+00
1.200000000000000025e-02 1.000000000000000000e+00
1.200000000000000025e-02 1.000000000000000000e+00
1.200000000000000025e-02 1.000000000000000000e+00
1.200000000000000025e-02 1.000000000000000000e+00
1.200000000000000025e-02 1.000000000000000000e+00
1.200000000000000025e-02 1.000000000000000000e+00
1.200000000000000025e-02 1.000000000000000000e+00
1.200000000000000025e-02 1.000000000000000000e+00
1.200000000000000025e-02 1.000000000000000000e+00
1.200000000000000025e-02 1.000000000000000000e+00
1.200000000000000025e-02 1.000000000000000000e+00
1.200000000000000025e-02 1.000000000000000000e+00
1.200000000000000025e-02 1.000000000000000000e+00
1.200000000000000025e-02 1.000000000000000000e+00
1.200000000000000025e-02 1.000000000000000000e+00
1.200000000000000025e-02 1.000000000000000000e+00
1.200000000000000025e-02 1.000000000000000000e+00
1.200000000000000025e-02 1.000000000000000000e+00
1.200000000000000025e-02 1.000000000000000000e+00
1.200000000000000025e-02 1.000000000000000000e+00
1.200000000000000025e-02 1.000000000000000000e+00
1.200000000000000025e-02 1.000000000000000000e+00
1.200000000000000025e-02 1.000000000000000000e+00
1.200000000000000025e-02 1.000000000000000000e+00
1.200000000000000025e-02 1.000000000000000000e+00
1.200000000000000025e-02 1.000000000000000000e+00
1.200000000000000025e-02 1.000000000000000000e+00
1.200000000000000025e-02 1.000000000000000000e+00
1.200000000000000025e-02 1.000000000000000000e+00
1.200000000000000025e-02 1.000000000000000000e+00
1.200000000000000025e-02 1.000000000000000000e+00
1.200000000000000025e-02 1.000000000000000000e+00
1.200000000000000025e-02 1.000000000000000000e+00
1.200000000000000025e-02 1.000000000000000000e+00
1.200000000000000025e-02 1.000000000000000000e+00
1.200000000000000025e-02 1.000000000000000000e+00
1.200000000000000025e-02 1.000000000000000000e+00
1.200000000000000025e-02 1.000000000000000000e+00
1.200000000000000025e-02 1.000000000000000000e+00
1.200000000000000025e-02 1.000000000000000000e+00
1.200000000000000025e-02 1.000000000000000000e+00
1.200000000000000025e-02 1.000000000000000000e+00
1.200000000000000025e-02 1.000000000000000000e+00
1.200000000000000025e-02 1.000000000000000000e+00
1.200000000000000025e-02 1.000000000000000000e+00
1.200000000000000025e-02 1.000000000000000000e+00
1.200000000000000025e-02 1.000000000000000000e+00
1.200000000000000025e-02 1.000000000000000000e+00
1.200000000000000025e-02 1.000000000000000000e+00
1.200000000000000025e-02 1.000000000000000000e+00
1.200000000000000025e-02 1.000000000000000000e+00
1.200000000000000025e-02 1.000000000000000000e+00
1.200000000000000025e-02 1.000000000000000000e+00
1.200000000000000025e-02 1.000000000000000000e+00
1.200000000000000025e-02 1.000000000000000000e+00
1.200000000000000025e-02 1.000000000000000000e+00
1.200000000000000025e-02 1.000000000000000000e+00
1.200000000000000025e-02 1.000000000000000000e+00
1.200000000000000025e-02 1.000000000000000000e+00
1.200000000000000025e-02 1.000000000000000000e+00
1.200000000000000025e-02 1.000000000000000000e+00
1.200000000000000025e-02 1.000000000000000000e+00
1.200000000000000025e-02 1.000000000000000000e+00
1.200000000000000025e-02 1.000000000000000000e+00
1.200000000000000025e-02 1.000000000000000000e+00
1.200000000000000025e-02 1.000000000000000000e+00
1.200000000000000025e-02 1.000000000000000000e+00
1.200000000000000025e-02 1.000000000000000000e+00
1.200000000000000025e-02 1.000000000000000000e+00
1.200000000000000025e-02 1.000000000000000000e+00
1.200000000000000025e-02 1.000000000000000000e+00
1.200000000000000025e-02 1.000000000000000000e+00
1.200000000000000025e-02 1.000000000000000000e+00
1.200000000000000025e-02 1.000000000000000000e+00
1.200000000000000025e-02 1.000000000000000000e+00
1.200000000000000025e-02 1.000000000000000000e+00
1.200000000000000025e-02 1.000000000000000000e+00
1.200000000000000025e-02 1.000000000000000000e+00
1.200000000000000025e-02 1.000000000000000000e+00
1.200000000000000025e-02 1.000000000000000000e+00
1.200000000000000025e-02 1.000000000000000000e+00
1.200000000000000025e-02 1.000000000000000000e+00
1.200000000000000025e-02 1.000000000000000000e+00
1.200000000000000025e-02 1.000000000000000000e+00
1.200000000000000025e-02 1.000000000000000000e+00
1.200000000000000025e-02 1.000000000000000000e+00
1.200000000000000025e-02 1.000000000000000000e+00
1.200000000000000025e-02 1.000000000000000000e+00
1.200000000000000025e-02 1.000000000000000000e+00
1.200000000000000025e-02 1.000000000000000000e+00
1.200000000000000025e-02 1.000000000000000000e+00
1.200000000000000025e-02 1.000000000000000000e+00
1.200000000000000025e-02 1.000000000000000000e+00
1.200000000000000025e-02 1.000000000000000000e+00
1.200000000000000025e-02 1.000000000000000000e+00
1.200000000000000025e-02 1.000000000000000000e+00
1.200000000000000025e-02 1.000000000000000000e+00
1.200000000000000025e-02 1.000000000000000000e+00
1.200000000000000025e-02 1.000000000000000000e+00
1.200000000000000025e-02 1.000000000000000000e+00
1.200000000000000025e-02 1.000000000000000000e+00
1.200000000000000025e-02 1.000000000000000000e+00
1.200000000000000025e-02 1.000000000000000000e+00
1.200000000000000025e-02 1.000000000000000000e+00
1.200000000000000025e-02 1.000000000000000000e+00
1.200000000000000025e-02 1.000000000000000000e+00
1.200000000000000025e-02 1.000000000000000000e+00
1.200000000000000025e-02 1.000000000000000000e+00
1.200000000000000025e-02 1.000000000000000000e+00
1.200000000000000025e-02 1.000000000000000000e+00
1.200000000000000025e-02 1.000000000000000000e+00
1.200000000000000025e-02 1.000000000000000000e+00
1.200000000000000025e-02 1.000000000000000000e+00
1.200000000000000025e-02 1.000000000000000000e+00
1.200000000000000025e-02 1.000000000000000000e+00
1.200000000000000025e-02 1.000000000000000000e+00
1.200000000000000025e-02 1.000000000000000000e+00
1.200000000000000025e-02 1.000000000000000000e+00
1.200000000000000025e-02 1.000000000000000000e+00
1.200000000000000025e-02 1.000000000000000000e+00
1.200000000000000025e-02 1.000000000000000000e+00
1.200000000000000025e-02 1.000000000000000000e+00
1.200000000000000025e-02 1.000000000000000000e+00
1.200000000000000025e-02 1.000000000000000000e+00
1.200000000000000025e-02 1.000000000000000000e+00
1.200000000000000025e-02 1.000000000000000000e+00
1.200000000000000025e-02 1.000000000000000000e+00
1.200000000000000025e-02 1.000000000000000000e+00
1.200000000000000025e-02 1.000000000000000000e+00
1.200000000000000025e-02 1.000000000000000000e+00
1.200000000000000025e-02 1.000000000000000000e+00
1.200000000000000025e-02 1.000000000000000000e+00
1.200000000000000025e-02 1.000000000000000000e+00
1.200000000000000025e-02 1.000000000000000000e+00
1.200000000000000025e-02 1.000000000000000000e+00
1.200000000000000025e-02 1.000000000000000000e+00
1.200000000000000025e-02 1.000000000000000000e+00
1.200000000000000025e-02 1.000000000000000000e+00
1.200000000000000025e-02 1.000000000000000000e+00
1.200000000000000025e-02 1.000000000000000000e+00
1.200000000000000025e-02 1.000000000000000000e+00
1.200000000000000025e-02 1.000000000000000000e+00
1.200000000000000025e-02 1.000000000000000000e+00
1.200000000000000025e-02 1.000000000000000000e+00
1.200000000000000025e-02 1.000000000000000000e+00
1.200000000000000025e-02 1.000000000000000000e+00
1.200000000000000025e-02 1.000000000000000000e+00
1.200000000000000025e-02 1.000000000000000000e+00
1.200000000000000025e-02 1.000000000000000000e+00
1.200000000000000025e-02 1.000000000000000000e+00
1.200000000000000025e-02 1.000000000000000000e+00
1.200000000000000025e-02 1.000000000000000000e+00
1.200000000000000025e-02 1.000000000000000000e+00
1.200000000000000025e-02 1.000000000000000000e+00
1.200000000000000025e-02 1.000000000000000000e+00
1.200000000000000025e-02 1.000000000000000000e+00
1.200000000000000025e-02 1.000000000000000000e+00
1.200000000000000025e-02 1.000000000000000000e+00
1.200000000000000025e-02 1.000000000000000000e+00
1.200000000000000025e-02 1.000000000000000000e+00
1.200000000000000025e-02 1.000000000000000000e+00
1.200000000000000025e-02 1.000000000000000000e+00
1.200000000000000025e-02 1.000000000000000000e+00
1.200000000000000025e-02 1.000000000000000000e+00
1.200000000000000025e-02 1.000000000000000000e+00
1.200000000000000025e-02 1.000000000000000000e+00
1.200000000000000025e-02 1.000000000000000000e+00
1.200000000000000025e-02 1.000000000000000000e+00
1.200000000000000025e-02 1.000000000000000000e+00
1.200000000000000025e-02 1.000000000000000000e+00
1.200000000000000025e-02 1.000000000000000000e+00
1.200000000000000025e-02 1.000000000000000000e+00
1.200000000000000025e-02 1.000000000000000000e+00
1.200000000000000025e-02 1.000000000000000000e+00
1.200000000000000025e-02 1.000000000000000000e+00
1.200000000000000025e-02 1.000000000000000000e+00
1.200000000000000025e-02 1.000000000000000000e+00
1.200000000000000025e-02 1.000000000000000000e+00
1.200000000000000025e-02 1.000000000000000000e+00
1.200000000000000025e-02 1.000000000000000000e+00
1.200000000000000025e-02 1.000000000000000000e+00
1.200000000000000025e-02 1.000000000000000000e+00
1.200000000000000025e-02 1.000000000000000000e+00
1.200000000000000025e-02 1.000000000000000000e+00
1.200000000000000025e-02 1.000000000000000000e+00
1.200000000000000025e-02 1.000000000000000000e+00
1.200000000000000025e-02 1.000000000000000000e+00
1.200000000000000025e-02 1.000000000000000000e+00
1.200000000000000025e-02 1.000000000000000000e+00
1.200000000000000025e-02 1.000000000000000000e+00
1.200000000000000025e-02 1.000000000000000000e+00
1.200000000000000025e-02 1.000000000000000000e+00
1.200000000000000025e-02 1.000000000000000000e+00
1.200000000000000025e-02 1.000000000000000000e+00
1.200000000000000025e-02 1.000000000000000000e+00
1.200000000000000025e-02 1.000000000000000000e+00
1.200000000000000025e-02 1.000000000000000000e+00
1.200000000000000025e-02 1.000000000000000000e+00
1.200000000000000025e-02 1.000000000000000000e+00
1.200000000000000025e-02 1.000000000000000000e+00
1.200000000000000025e-02 1.000000000000000000e+00
1.200000000000000025e-02 1.000000000000000000e+00
1.200000000000000025e-02 1.000000000000000000e+00
1.200000000000000025e-02 1.000000000000000000e+00
1.200000000000000025e-02 1.000000000000000000e+00
1.200000000000000025e-02 1.000000000000000000e+00
1.200000000000000025e-02 1.000000000000000000e+00
1.200000000000000025e-02 1.000000000000000000e+00
1.200000000000000025e-02 1.000000000000000000e+00
1.200000000000000025e-02 1.000000000000000000e+00
1.200000000000000025e-02 1.000000000000000000e+00
1.200000000000000025e-02 1.000000000000000000e+00
1.200000000000000025e-02 1.000000000000000000e+00
1.200000000000000025e-02 1.000000000000000000e+00
1.200000000000000025e-02 1.000000000000000000e+00
1.200000000000000025e-02 1.000000000000000000e+00
1.200000000000000025e-02 1.000000000000000000e+00
1.200000000000000025e-02 1.000000000000000000e+00
1.200000000000000025e-02 1.000000000000000000e+00
1.200000000000000025e-02 1.000000000000000000e+00
1.200000000000000025e-02 1.000000000000000000e+00
1.200000000000000025e-02 1.000000000000000000e+00
1.200000000000000025e-02 1.000000000000000000e+00
1.200000000000000025e-02 1.000000000000000000e+00
1.200000000000000025e-02 1.000000000000000000e+00
1.200000000000000025e-02 1.000000000000000000e+00
1.200000000000000025e-02 1.000000000000000000e+00
1.200000000000000025e-02 1.000000000000000000e+00
1.200000000000000025e-02 1.000000000000000000e+00
1.200000000000000025e-02 1.000000000000000000e+00
1.200000000000000025e-02 1.000000000000000000e+00
1.200000000000000025e-02 1.000000000000000000e+00
1.200000000000000025e-02 1.000000000000000000e+00
1.200000000000000025e-02 1.000000000000000000e+00
1.200000000000000025e-02 1.000000000000000000e+00
1.200000000000000025e-02 1.000000000000000000e+00
1.200000000000000025e-02 1.000000000000000000e+00
1.200000000000000025e-02 1.000000000000000000e+00
1.200000000000000025e-02 1.000000000000000000e+00
1.200000000000000025e-02 1.000000000000000000e+00
1.200000000000000025e-02 1.000000000000000000e+00
1.200000000000000025e-02 1.000000000000000000e+00
1.200000000000000025e-02 1.000000000000000000e+00
1.200000000000000025e-02 1.000000000000000000e+00
1.200000000000000025e-02 1.000000000000000000e+00
1.200000000000000025e-02 1.000000000000000000e+00
1.200000000000000025e-02 1.000000000000000000e+00
1.200000000000000025e-02 1.000000000000000000e+00
1.200000000000000025e-02 1.000000000000000000e+00
1.200000000000000025e-02 1.000000000000000000e+00
1.200000000000000025e-02 1.000000000000000000e+00
1.200000000000000025e-02 1.000000000000000000e+00
1.200000000000000025e-02 1.000000000000000000e+00
1.200000000000000025e-02 1.000000000000000000e+00
1.200000000000000025e-02 1.000000000000000000e+00
1.200000000000000025e-02 1.000000000000000000e+00
1.200000000000000025e-02 1.000000000000000000e+00
1.200000000000000025e-02 1.000000000000000000e+00
1.200000000000000025e-02 1.000000000000000000e+00
1.200000000000000025e-02 1.000000000000000000e+00
1.200000000000000025e-02 1.000000000000000000e+00
1.200000000000000025e-02 1.000000000000000000e+00
1.200000000000000025e-02 1.000000000000000000e+00
1.200000000000000025e-02 1.000000000000000000e+00
1.200000000000000025e-02 1.000000000000000000e+00
1.200000000000000025e-02 1.000000000000000000e+00
1.200000000000000025e-02 1.000000000000000000e+00
1.200000000000000025e-02 1.000000000000000000e+00
1.200000000000000025e-02 1.000000000000000000e+00
1.200000000000000025e-02 1.000000000000000000e+00
1.200000000000000025e-02 1.000000000000000000e+00
1.200000000000000025e-02 1.000000000000000000e+00
1.200000000000000025e-02 1.000000000000000000e+00
1.200000000000000025e-02 1.000000000000000000e+00
1.200000000000000025e-02 1.000000000000000000e+00
1.200000000000000025e-02 1.000000000000000000e+00
1.200000000000000025e-02 1.000000000000000000e+00
1.200000000000000025e-02 1.000000000000000000e+00
1.200000000000000025e-02 1.000000000000000000e+00
1.200000000000000025e-02 1.000000000000000000e+00
1.200000000000000025e-02 1.000000000000000000e+00
1.200000000000000025e-02 1.000000000000000000e+00
1.200000000000000025e-02 1.000000000000000000e+00
1.200000000000000025e-02 1.000000000000000000e+00
1.200000000000000025e-02 1.000000000000000000e+00
1.200000000000000025e-02 1.000000000000000000e+00
1.200000000000000025e-02 1.000000000000000000e+00
1.200000000000000025e-02 1.000000000000000000e+00
1.200000000000000025e-02 1.000000000000000000e+00
1.200000000000000025e-02 1.000000000000000000e+00
1.200000000000000025e-02 1.000000000000000000e+00
1.200000000000000025e-02 1.000000000000000000e+00
1.200000000000000025e-02 1.000000000000000000e+00
1.200000000000000025e-02 1.000000000000000000e+00
1.200000000000000025e-02 1.000000000000000000e+00
1.200000000000000025e-02 1.000000000000000000e+00
1.200000000000000025e-02 1.000000000000000000e+00
1.200000000000000025e-02 1.000000000000000000e+00
1.200000000000000025e-02 1.000000000000000000e+00
1.200000000000000025e-02 1.000000000000000000e+00
1.200000000000000025e-02 1.000000000000000000e+00
1.200000000000000025e-02 1.000000000000000000e+00
1.200000000000000025e-02 1.000000000000000000e+00
1.200000000000000025e-02 1.000000000000000000e+00
1.200000000000000025e-02 1.000000000000000000e+00
1.200000000000000025e-02 1.000000000000000000e+00
1.200000000000000025e-02 1.000000000000000000e+00
1.200000000000000025e-02 1.000000000000000000e+00
1.200000000000000025e-02 1.000000000000000000e+00
1.200000000000000025e-02 1.000000000000000000e+00
1.200000000000000025e-02 1.000000000000000000e+00
1.200000000000000025e-02 1.000000000000000000e+00
1.200000000000000025e-02 1.000000000000000000e+00
1.200000000000000025e-02 1.000000000000000000e+00
1.200000000000000025e-02 1.000000000000000000e+00
1.200000000000000025e-02 1.000000000000000000e+00
1.200000000000000025e-02 1.000000000000000000e+00
1.200000000000000025e-02 1.000000000000000000e+00
1.200000000000000025e-02 1.000000000000000000e+00
1.200000000000000025e-02 1.000000000000000000e+00
1.200000000000000025e-02 1.000000000000000000e+00
1.200000000000000025e-02 1.000000000000000000e+00
1.200000000000000025e-02 1.000000000000000000e+00
1.200000000000000025e-02 1.000000000000000000e+00
1.200000000000000025e-02 1.000000000000000000e+00
1.200000000000000025e-02 1.000000000000000000e+00
1.200000000000000025e-02 1.000000000000000000e+00
1.200000000000000025e-02 1.000000000000000000e+00
1.200000000000000025e-02 1.000000000000000000e+00
1.200000000000000025e-02 1.000000000000000000e+00
1.200000000000000025e-02 1.000000000000000000e+00
1.200000000000000025e-02 1.000000000000000000e+00
1.200000000000000025e-02 1.000000000000000000e+00
1.200000000000000025e-02 1.000000000000000000e+00
1.200000000000000025e-02 1.000000000000000000e+00
1.200000000000000025e-02 1.000000000000000000e+00
1.200000000000000025e-02 1.000000000000000000e+00
1.200000000000000025e-02 1.000000000000000000e+00
1.200000000000000025e-02 1.000000000000000000e+00
1.200000000000000025e-02 1.000000000000000000e+00
1.200000000000000025e-02 1.000000000000000000e+00
1.200000000000000025e-02 1.000000000000000000e+00
1.200000000000000025e-02 1.000000000000000000e+00
1.200000000000000025e-02 1.000000000000000000e+00
1.200000000000000025e-02 1.000000000000000000e+00
1.200000000000000025e-02 1.000000000000000000e+00
1.200000000000000025e-02 1.000000000000000000e+00
1.200000000000000025e-02 1.000000000000000000e+00
1.200000000000000025e-02 1.000000000000000000e+00
1.200000000000000025e-02 1.000000000000000000e+00
1.200000000000000025e-02 1.000000000000000000e+00
1.200000000000000025e-02 1.000000000000000000e+00
1.200000000000000025e-02 1.000000000000000000e+00
1.200000000000000025e-02 1.000000000000000000e+00
1.200000000000000025e-02 1.000000000000000000e+00
1.200000000000000025e-02 1.000000000000000000e+00
1.200000000000000025e-02 1.000000000000000000e+00
1.200000000000000025e-02 1.000000000000000000e+00
1.200000000000000025e-02 1.000000000000000000e+00
1.200000000000000025e-02 1.000000000000000000e+00
1.200000000000000025e-02 1.000000000000000000e+00
1.200000000000000025e-02 1.000000000000000000e+00
1.200000000000000025e-02 1.000000000000000000e+00
1.200000000000000025e-02 1.000000000000000000e+00
1.200000000000000025e-02 1.000000000000000000e+00
1.200000000000000025e-02 1.000000000000000000e+00
1.200000000000000025e-02 1.000000000000000000e+00
1.200000000000000025e-02 1.000000000000000000e+00
1.200000000000000025e-02 1.000000000000000000e+00
1.200000000000000025e-02 1.000000000000000000e+00
1.200000000000000025e-02 1.000000000000000000e+00
1.200000000000000025e-02 1.000000000000000000e+00
1.200000000000000025e-02 1.000000000000000000e+00
1.200000000000000025e-02 1.000000000000000000e+00
1.200000000000000025e-02 1.000000000000000000e+00
1.200000000000000025e-02 1.000000000000000000e+00
1.200000000000000025e-02 1.000000000000000000e+00
1.200000000000000025e-02 1.000000000000000000e+00
1.200000000000000025e-02 1.000000000000000000e+00
1.200000000000000025e-02 1.000000000000000000e+00
1.200000000000000025e-02 1.000000000000000000e+00
1.200000000000000025e-02 1.000000000000000000e+00
1.200000000000000025e-02 1.000000000000000000e+00
1.200000000000000025e-02 1.000000000000000000e+00
1.200000000000000025e-02 1.000000000000000000e+00
1.200000000000000025e-02 1.000000000000000000e+00
1.200000000000000025e-02 1.000000000000000000e+00
1.200000000000000025e-02 1.000000000000000000e+00
1.200000000000000025e-02 1.000000000000000000e+00
1.200000000000000025e-02 1.000000000000000000e+00
1.200000000000000025e-02 1.000000000000000000e+00
1.200000000000000025e-02 1.000000000000000000e+00
1.200000000000000025e-02 1.000000000000000000e+00
1.200000000000000025e-02 1.000000000000000000e+00
1.200000000000000025e-02 1.000000000000000000e+00
1.200000000000000025e-02 1.000000000000000000e+00
1.200000000000000025e-02 1.000000000000000000e+00
1.200000000000000025e-02 1.000000000000000000e+00
1.200000000000000025e-02 1.000000000000000000e+00
1.200000000000000025e-02 1.000000000000000000e+00
1.200000000000000025e-02 1.000000000000000000e+00
1.200000000000000025e-02 1.000000000000000000e+00
1.200000000000000025e-02 1.000000000000000000e+00
1.200000000000000025e-02 1.000000000000000000e+00
1.200000000000000025e-02 1.000000000000000000e+00
1.200000000000000025e-02 1.000000000000000000e+00
1.200000000000000025e-02 1.000000000000000000e+00
1.200000000000000025e-02 1.000000000000000000e+00
1.200000000000000025e-02 1.000000000000000000e+00
1.200000000000000025e-02 1.000000000000000000e+00
1.200000000000000025e-02 1.000000000000000000e+00
1.200000000000000025e-02 1.000000000000000000e+00
1.200000000000000025e-02 1.000000000000000000e+00
1.200000000000000025e-02 1.000000000000000000e+00
1.200000000000000025e-02 1.000000000000000000e+00
1.200000000000000025e-02 1.000000000000000000e+00
1.200000000000000025e-02 1.000000000000000000e+00
1.200000000000000025e-02 1.000000000000000000e+00
1.200000000000000025e-02 1.000000000000000000e+00
1.200000000000000025e-02 1.000000000000000000e+00
1.200000000000000025e-02 1.000000000000000000e+00
1.200000000000000025e-02 1.000000000000000000e+00
1.200000000000000025e-02 1.000000000000000000e+00
1.200000000000000025e-02 1.000000000000000000e+00
1.200000000000000025e-02 1.000000000000000000e+00
1.200000000000000025e-02 1.000000000000000000e+00
1.200000000000000025e-02 1.000000000000000000e+00
1.200000000000000025e-02 1.000000000000000000e+00
1.200000000000000025e-02 1.000000000000000000e+00
1.200000000000000025e-02 1.000000000000000000e+00
1.200000000000000025e-02 1.000000000000000000e+00
1.200000000000000025e-02 1.000000000000000000e+00
1.200000000000000025e-02 1.000000000000000000e+00
1.200000000000000025e-02 1.000000000000000000e+00
1.200000000000000025e-02 1.000000000000000000e+00
1.200000000000000025e-02 1.000000000000000000e+00
1.200000000000000025e-02 1.000000000000000000e+00
1.200000000000000025e-02 1.000000000000000000e+00
1.200000000000000025e-02 1.000000000000000000e+00
1.200000000000000025e-02 1.000000000000000000e+00
1.200000000000000025e-02 1.000000000000000000e+00
1.200000000000000025e-02 1.000000000000000000e+00
1.200000000000000025e-02 1.000000000000000000e+00
1.200000000000000025e-02 1.000000000000000000e+00
1.200000000000000025e-02 1.000000000000000000e+00
1.200000000000000025e-02 1.000000000000000000e+00
1.200000000000000025e-02 1.000000000000000000e+00
1.200000000000000025e-02 1.000000000000000000e+00
1.200000000000000025e-02 1.000000000000000000e+00
1.200000000000000025e-02 1.000000000000000000e+00
1.200000000000000025e-02 1.000000000000000000e+00
1.200000000000000025e-02 1.000000000000000000e+00
1.200000000000000025e-02 1.000000000000000000e+00
1.200000000000000025e-02 1.000000000000000000e+00
1.200000000000000025e-02 1.000000000000000000e+00
1.200000000000000025e-02 1.000000000000000000e+00
1.200000000000000025e-02 1.000000000000000000e+00
1.200000000000000025e-02 1.000000000000000000e+00
1.200000000000000025e-02 1.000000000000000000e+00
1.200000000000000025e-02 1.000000000000000000e+00
1.200000000000000025e-02 1.000000000000000000e+00
1.200000000000000025e-02 1.000000000000000000e+00
1.200000000000000025e-02 1.000000000000000000e+00
1.200000000000000025e-02 1.000000000000000000e+00
1.200000000000000025e-02 1.000000000000000000e+00
1.200000000000000025e-02 1.000000000000000000e+00
1.200000000000000025e-02 1.000000000000000000e+00
1.200000000000000025e-02 1.000000000000000000e+00
1.200000000000000025e-02 1.000000000000000000e+00
1.200000000000000025e-02 1.000000000000000000e+00
1.200000000000000025e-02 1.000000000000000000e+00
1.200000000000000025e-02 1.000000000000000000e+00
1.200000000000000025e-02 1.000000000000000000e+00
1.200000000000000025e-02 1.000000000000000000e+00
1.200000000000000025e-02 1.000000000000000000e+00
1.200000000000000025e-02 1.000000000000000000e+00
1.200000000000000025e-02 1.000000000000000000e+00
1.200000000000000025e-02 1.000000000000000000e+00
1.200000000000000025e-02 1.000000000000000000e+00
1.200000000000000025e-02 1.000000000000000000e+00
1.200000000000000025e-02 1.000000000000000000e+00
1.200000000000000025e-02 1.000000000000000000e+00
1.200000000000000025e-02 1.000000000000000000e+00
1.200000000000000025e-02 1.000000000000000000e+00
1.200000000000000025e-02 1.000000000000000000e+00
1.200000000000000025e-02 1.000000000000000000e+00
1.200000000000000025e-02 1.000000000000000000e+00
1.200000000000000025e-02 1.000000000000000000e+00
1.200000000000000025e-02 1.000000000000000000e+00
1.200000000000000025e-02 1.000000000000000000e+00
1.200000000000000025e-02 1.000000000000000000e+00
1.200000000000000025e-02 1.000000000000000000e+00
1.200000000000000025e-02 1.000000000000000000e+00
1.200000000000000025e-02 1.000000000000000000e+00
1.200000000000000025e-02 1.000000000000000000e+00
1.200000000000000025e-02 1.000000000000000000e+00
1.200000000000000025e-02 1.000000000000000000e+00
1.200000000000000025e-02 1.000000000000000000e+00
1.200000000000000025e-02 1.000000000000000000e+00
1.200000000000000025e-02 1.000000000000000000e+00
1.200000000000000025e-02 1.000000000000000000e+00
1.200000000000000025e-02 1.000000000000000000e+00
1.200000000000000025e-02 1.000000000000000000e+00
1.200000000000000025e-02 1.000000000000000000e+00
1.200000000000000025e-02 1.000000000000000000e+00
1.200000000000000025e-02 1.000000000000000000e+00
1.200000000000000025e-02 1.000000000000000000e+00
1.200000000000000025e-02 1.000000000000000000e+00
1.200000000000000025e-02 1.000000000000000000e+00
1.200000000000000025e-02 1.000000000000000000e+00
1.200000000000000025e-02 1.000000000000000000e+00
1.200000000000000025e-02 1.000000000000000000e+00
1.200000000000000025e-02 1.000000000000000000e+00
1.200000000000000025e-02 1.000000000000000000e+00
1.200000000000000025e-02 1.000000000000000000e+00
1.200000000000000025e-02 1.000000000000000000e+00
1.200000000000000025e-02 1.000000000000000000e+00
1.200000000000000025e-02 1.000000000000000000e+00
1.200000000000000025e-02 1.000000000000000000e+00
1.200000000000000025e-02 1.000000000000000000e+00
1.200000000000000025e-02 1.000000000000000000e+00
1.200000000000000025e-02 1.000000000000000000e+00
1.200000000000000025e-02 1.000000000000000000e+00
1.200000000000000025e-02 1.000000000000000000e+00
1.200000000000000025e-02 1.000000000000000000e+00
1.200000000000000025e-02 1.000000000000000000e+00
1.200000000000000025e-02 1.000000000000000000e+00
1.200000000000000025e-02 1.000000000000000000e+00
1.200000000000000025e-02 1.000000000000000000e+00
1.200000000000000025e-02 1.000000000000000000e+00
1.200000000000000025e-02 1.000000000000000000e+00
1.200000000000000025e-02 1.000000000000000000e+00
1.200000000000000025e-02 1.000000000000000000e+00
1.200000000000000025e-02 1.000000000000000000e+00
1.200000000000000025e-02 1.000000000000000000e+00
1.200000000000000025e-02 1.000000000000000000e+00
1.200000000000000025e-02 1.000000000000000000e+00
1.200000000000000025e-02 1.000000000000000000e+00
1.200000000000000025e-02 1.000000000000000000e+00
1.200000000000000025e-02 1.000000000000000000e+00
1.200000000000000025e-02 1.000000000000000000e+00
1.200000000000000025e-02 1.000000000000000000e+00
1.200000000000000025e-02 1.000000000000000000e+00
1.200000000000000025e-02 1.000000000000000000e+00
1.200000000000000025e-02 1.000000000000000000e+00
1.200000000000000025e-02 1.000000000000000000e+00
1.200000000000000025e-02 1.000000000000000000e+00
1.200000000000000025e-02 1.000000000000000000e+00
1.200000000000000025e-02 1.000000000000000000e+00
1.200000000000000025e-02 1.000000000000000000e+00
1.200000000000000025e-02 1.000000000000000000e+00
1.200000000000000025e-02 1.000000000000000000e+00
1.200000000000000025e-02 1.000000000000000000e+00
1.200000000000000025e-02 1.000000000000000000e+00
1.200000000000000025e-02 1.000000000000000000e+00
1.200000000000000025e-02 1.000000000000000000e+00
1.200000000000000025e-02 1.000000000000000000e+00
1.200000000000000025e-02 1.000000000000000000e+00
1.200000000000000025e-02 1.000000000000000000e+00
1.200000000000000025e-02 1.000000000000000000e+00
1.200000000000000025e-02 1.000000000000000000e+00
1.200000000000000025e-02 1.000000000000000000e+00
1.200000000000000025e-02 1.000000000000000000e+00
1.200000000000000025e-02 1.000000000000000000e+00
1.200000000000000025e-02 1.000000000000000000e+00
1.200000000000000025e-02 1.000000000000000000e+00
1.200000000000000025e-02 1.000000000000000000e+00
1.200000000000000025e-02 1.000000000000000000e+00
1.200000000000000025e-02 1.000000000000000000e+00
1.200000000000000025e-02 1.000000000000000000e+00
1.200000000000000025e-02 1.000000000000000000e+00
1.200000000000000025e-02 1.000000000000000000e+00
1.200000000000000025e-02 1.000000000000000000e+00
1.200000000000000025e-02 1.000000000000000000e+00
1.200000000000000025e-02 1.000000000000000000e+00
1.200000000000000025e-02 1.000000000000000000e+00
1.200000000000000025e-02 1.000000000000000000e+00
1.200000000000000025e-02 1.000000000000000000e+00
1.200000000000000025e-02 1.000000000000000000e+00
1.200000000000000025e-02 1.000000000000000000e+00
1.200000000000000025e-02 1.000000000000000000e+00
1.200000000000000025e-02 1.000000000000000000e+00
1.200000000000000025e-02 1.000000000000000000e+00
1.200000000000000025e-02 1.000000000000000000e+00
1.200000000000000025e-02 1.000000000000000000e+00
1.200000000000000025e-02 1.000000000000000000e+00
1.200000000000000025e-02 1.000000000000000000e+00
1.200000000000000025e-02 1.000000000000000000e+00
1.200000000000000025e-02 1.000000000000000000e+00
1.200000000000000025e-02 1.000000000000000000e+00
1.200000000000000025e-02 1.000000000000000000e+00
1.200000000000000025e-02 1.000000000000000000e+00
1.200000000000000025e-02 1.000000000000000000e+00
1.200000000000000025e-02 1.000000000000000000e+00
1.200000000000000025e-02 1.000000000000000000e+00
1.200000000000000025e-02 1.000000000000000000e+00
1.200000000000000025e-02 1.000000000000000000e+00
1.200000000000000025e-02 1.000000000000000000e+00
1.200000000000000025e-02 1.000000000000000000e+00
1.200000000000000025e-02 1.000000000000000000e+00
1.200000000000000025e-02 1.000000000000000000e+00
1.200000000000000025e-02 1.000000000000000000e+00
1.200000000000000025e-02 1.000000000000000000e+00
1.200000000000000025e-02 1.000000000000000000e+00
1.200000000000000025e-02 1.000000000000000000e+00
1.200000000000000025e-02 1.000000000000000000e+00
1.200000000000000025e-02 1.000000000000000000e+00
1.200000000000000025e-02 1.000000000000000000e+00
1.200000000000000025e-02 1.000000000000000000e+00
1.200000000000000025e-02 1.000000000000000000e+00
1.200000000000000025e-02 1.000000000000000000e+00
1.200000000000000025e-02 1.000000000000000000e+00
1.200000000000000025e-02 1.000000000000000000e+00
1.200000000000000025e-02 1.000000000000000000e+00
1.200000000000000025e-02 1.000000000000000000e+00
1.200000000000000025e-02 1.000000000000000000e+00
1.200000000000000025e-02 1.000000000000000000e+00
1.200000000000000025e-02 1.000000000000000000e+00
1.200000000000000025e-02 1.000000000000000000e+00
1.200000000000000025e-02 1.000000000000000000e+00
1.200000000000000025e-02 1.000000000000000000e+00
1.200000000000000025e-02 1.000000000000000000e+00
1.200000000000000025e-02 1.000000000000000000e+00
1.200000000000000025e-02 1.000000000000000000e+00
1.200000000000000025e-02 1.000000000000000000e+00
1.200000000000000025e-02 1.000000000000000000e+00
1.200000000000000025e-02 1.000000000000000000e+00
1.200000000000000025e-02 1.000000000000000000e+00
1.200000000000000025e-02 1.000000000000000000e+00
1.200000000000000025e-02 1.000000000000000000e+00
1.200000000000000025e-02 1.000000000000000000e+00
1.200000000000000025e-02 1.000000000000000000e+00
1.200000000000000025e-02 1.000000000000000000e+00
1.200000000000000025e-02 1.000000000000000000e+00
1.200000000000000025e-02 1.000000000000000000e+00
1.200000000000000025e-02 1.000000000000000000e+00
1.200000000000000025e-02 1.000000000000000000e+00
1.200000000000000025e-02 1.000000000000000000e+00
1.200000000000000025e-02 1.000000000000000000e+00
1.200000000000000025e-02 1.000000000000000000e+00
1.200000000000000025e-02 1.000000000000000000e+00
1.200000000000000025e-02 1.000000000000000000e+00
1.200000000000000025e-02 1.000000000000000000e+00
1.200000000000000025e-02 1.000000000000000000e+00
1.200000000000000025e-02 1.000000000000000000e+00
1.200000000000000025e-02 1.000000000000000000e+00
1.200000000000000025e-02 1.000000000000000000e+00
1.200000000000000025e-02 1.000000000000000000e+00
1.200000000000000025e-02 1.000000000000000000e+00
1.200000000000000025e-02 1.000000000000000000e+00
1.200000000000000025e-02 1.000000000000000000e+00
1.200000000000000025e-02 1.000000000000000000e+00
1.200000000000000025e-02 1.000000000000000000e+00
1.200000000000000025e-02 1.000000000000000000e+00
1.200000000000000025e-02 1.000000000000000000e+00
1.200000000000000025e-02 1.000000000000000000e+00
1.200000000000000025e-02 1.000000000000000000e+00
1.200000000000000025e-02 1.000000000000000000e+00
1.200000000000000025e-02 1.000000000000000000e+00
1.200000000000000025e-02 1.000000000000000000e+00
1.200000000000000025e-02 1.000000000000000000e+00
1.200000000000000025e-02 1.000000000000000000e+00
1.200000000000000025e-02 1.000000000000000000e+00
1.200000000000000025e-02 1.000000000000000000e+00
1.200000000000000025e-02 1.000000000000000000e+00
1.200000000000000025e-02 1.000000000000000000e+00
1.200000000000000025e-02 1.000000000000000000e+00
1.200000000000000025e-02 1.000000000000000000e+00
1.200000000000000025e-02 1.000000000000000000e+00
1.200000000000000025e-02 1.000000000000000000e+00
1.200000000000000025e-02 1.000000000000000000e+00
1.200000000000000025e-02 1.000000000000000000e+00
1.200000000000000025e-02 1.000000000000000000e+00
1.200000000000000025e-02 1.000000000000000000e+00
1.200000000000000025e-02 1.000000000000000000e+00
1.200000000000000025e-02 1.000000000000000000e+00
1.200000000000000025e-02 1.000000000000000000e+00
1.200000000000000025e-02 1.000000000000000000e+00
1.200000000000000025e-02 1.000000000000000000e+00
1.200000000000000025e-02 1.000000000000000000e+00
1.200000000000000025e-02 1.000000000000000000e+00
1.200000000000000025e-02 1.000000000000000000e+00
1.200000000000000025e-02 1.000000000000000000e+00
1.200000000000000025e-02 1.000000000000000000e+00
1.200000000000000025e-02 1.000000000000000000e+00
1.200000000000000025e-02 1.000000000000000000e+00
1.200000000000000025e-02 1.000000000000000000e+00
1.200000000000000025e-02 1.000000000000000000e+00
1.200000000000000025e-02 1.000000000000000000e+00
1.200000000000000025e-02 1.000000000000000000e+00
1.200000000000000025e-02 1.000000000000000000e+00
1.200000000000000025e-02 1.000000000000000000e+00
1.200000000000000025e-02 1.000000000000000000e+00
1.200000000000000025e-02 1.000000000000000000e+00
1.200000000000000025e-02 1.000000000000000000e+00
1.200000000000000025e-02 1.000000000000000000e+00
1.200000000000000025e-02 1.000000000000000000e+00
1.200000000000000025e-02 1.000000000000000000e+00
1.200000000000000025e-02 1.000000000000000000e+00
1.200000000000000025e-02 1.000000000000000000e+00
1.200000000000000025e-02 1.000000000000000000e+00
1.200000000000000025e-02 1.000000000000000000e+00
1.200000000000000025e-02 1.000000000000000000e+00
1.200000000000000025e-02 1.000000000000000000e+00
1.200000000000000025e-02 1.000000000000000000e+00
1.200000000000000025e-02 1.000000000000000000e+00
1.200000000000000025e-02 1.000000000000000000e+00
1.200000000000000025e-02 1.000000000000000000e+00
1.200000000000000025e-02 1.000000000000000000e+00
1.200000000000000025e-02 1.000000000000000000e+00
1.200000000000000025e-02 1.000000000000000000e+00
1.200000000000000025e-02 1.000000000000000000e+00
1.200000000000000025e-02 1.000000000000000000e+00
1.200000000000000025e-02 1.000000000000000000e+00
1.200000000000000025e-02 1.000000000000000000e+00
1.200000000000000025e-02 1.000000000000000000e+00
1.200000000000000025e-02 1.000000000000000000e+00
1.200000000000000025e-02 1.000000000000000000e+00
1.200000000000000025e-02 1.000000000000000000e+00
1.200000000000000025e-02 1.000000000000000000e+00
1.200000000000000025e-02 1.000000000000000000e+00
1.200000000000000025e-02 1.000000000000000000e+00
1.200000000000000025e-02 1.000000000000000000e+00
1.200000000000000025e-02 1.000000000000000000e+00
1.200000000000000025e-02 1.000000000000000000e+00
1.200000000000000025e-02 1.000000000000000000e+00
1.200000000000000025e-02 1.000000000000000000e+00
1.200000000000000025e-02 1.000000000000000000e+00
1.200000000000000025e-02 1.000000000000000000e+00
1.200000000000000025e-02 1.000000000000000000e+00
1.200000000000000025e-02 1.000000000000000000e+00
1.200000000000000025e-02 1.000000000000000000e+00
1.200000000000000025e-02 1.000000000000000000e+00
1.200000000000000025e-02 1.000000000000000000e+00
1.200000000000000025e-02 1.000000000000000000e+00
1.200000000000000025e-02 1.000000000000000000e+00
1.200000000000000025e-02 1.000000000000000000e+00
1.200000000000000025e-02 1.000000000000000000e+00
1.200000000000000025e-02 1.000000000000000000e+00
1.200000000000000025e-02 1.000000000000000000e+00
1.200000000000000025e-02 1.000000000000000000e+00
1.200000000000000025e-02 1.000000000000000000e+00
1.200000000000000025e-02 1.000000000000000000e+00
1.200000000000000025e-02 1.000000000000000000e+00
1.200000000000000025e-02 1.000000000000000000e+00
1.200000000000000025e-02 1.000000000000000000e+00
1.200000000000000025e-02 1.000000000000000000e+00
1.200000000000000025e-02 1.000000000000000000e+00
1.200000000000000025e-02 1.000000000000000000e+00
1.200000000000000025e-02 1.000000000000000000e+00
1.200000000000000025e-02 1.000000000000000000e+00
1.200000000000000025e-02 1.000000000000000000e+00
1.200000000000000025e-02 1.000000000000000000e+00
1.200000000000000025e-02 1.000000000000000000e+00
1.200000000000000025e-02 1.000000000000000000e+00
1.200000000000000025e-02 1.000000000000000000e+00
1.200000000000000025e-02 1.000000000000000000e+00
1.200000000000000025e-02 1.000000000000000000e+00
1.200000000000000025e-02 1.000000000000000000e+00
1.200000000000000025e-02 1.000000000000000000e+00
1.200000000000000025e-02 1.000000000000000000e+00
1.200000000000000025e-02 1.000000000000000000e+00
1.200000000000000025e-02 1.000000000000000000e+00
1.200000000000000025e-02 1.000000000000000000e+00
1.200000000000000025e-02 1.000000000000000000e+00
1.200000000000000025e-02 1.000000000000000000e+00
1.200000000000000025e-02 1.000000000000000000e+00
1.200000000000000025e-02 1.000000000000000000e+00
1.200000000000000025e-02 1.000000000000000000e+00
1.200000000000000025e-02 1.000000000000000000e+00
1.200000000000000025e-02 1.000000000000000000e+00
1.200000000000000025e-02 1.000000000000000000e+00
1.200000000000000025e-02 1.000000000000000000e+00
1.200000000000000025e-02 1.000000000000000000e+00
1.200000000000000025e-02 1.000000000000000000e+00
1.200000000000000025e-02 1.000000000000000000e+00
1.200000000000000025e-02 1.000000000000000000e+00
1.200000000000000025e-02 1.000000000000000000e+00
1.200000000000000025e-02 1.000000000000000000e+00
1.200000000000000025e-02 1.000000000000000000e+00
1.200000000000000025e-02 1.000000000000000000e+00
1.200000000000000025e-02 1.000000000000000000e+00
1.200000000000000025e-02 1.000000000000000000e+00
1.200000000000000025e-02 1.000000000000000000e+00
1.200000000000000025e-02 1.000000000000000000e+00
1.200000000000000025e-02 1.000000000000000000e+00
1.200000000000000025e-02 1.000000000000000000e+00
1.200000000000000025e-02 1.000000000000000000e+00
1.200000000000000025e-02 1.000000000000000000e+00
1.200000000000000025e-02 1.000000000000000000e+00
1.200000000000000025e-02 1.000000000000000000e+00
1.200000000000000025e-02 1.000000000000000000e+00
1.200000000000000025e-02 1.000000000000000000e+00
1.200000000000000025e-02 1.000000000000000000e+00
1.200000000000000025e-02 1.000000000000000000e+00
1.200000000000000025e-02 1.000000000000000000e+00
1.200000000000000025e-02 1.000000000000000000e+00
1.200000000000000025e-02 1.000000000000000000e+00
1.200000000000000025e-02 1.000000000000000000e+00
1.200000000000000025e-02 1.000000000000000000e+00
1.200000000000000025e-02 1.000000000000000000e+00
1.200000000000000025e-02 1.000000000000000000e+00
1.200000000000000025e-02 1.000000000000000000e+00
1.200000000000000025e-02 1.000000000000000000e+00
1.200000000000000025e-02 1.000000000000000000e+00
1.200000000000000025e-02 1.000000000000000000e+00
1.200000000000000025e-02 1.000000000000000000e+00
1.200000000000000025e-02 1.000000000000000000e+00
1.200000000000000025e-02 1.000000000000000000e+00
1.200000000000000025e-02 1.000000000000000000e+00
1.200000000000000025e-02 1.000000000000000000e+00
1.200000000000000025e-02 1.000000000000000000e+00
1.200000000000000025e-02 1.000000000000000000e+00
1.200000000000000025e-02 1.000000000000000000e+00
1.200000000000000025e-02 1.000000000000000000e+00
1.200000000000000025e-02 1.000000000000000000e+00
1.200000000000000025e-02 1.000000000000000000e+00
1.200000000000000025e-02 1.000000000000000000e+00
1.200000000000000025e-02 1.000000000000000000e+00
1.200000000000000025e-02 1.000000000000000000e+00
1.200000000000000025e-02 1.000000000000000000e+00
1.200000000000000025e-02 1.000000000000000000e+00
1.200000000000000025e-02 1.000000000000000000e+00
1.200000000000000025e-02 1.000000000000000000e+00
1.200000000000000025e-02 1.000000000000000000e+00
1.200000000000000025e-02 1.000000000000000000e+00
1.200000000000000025e-02 1.000000000000000000e+00
1.200000000000000025e-02 1.000000000000000000e+00
1.200000000000000025e-02 1.000000000000000000e+00
1.200000000000000025e-02 1.000000000000000000e+00
1.200000000000000025e-02 1.000000000000000000e+00
1.200000000000000025e-02 1.000000000000000000e+00
1.200000000000000025e-02 1.000000000000000000e+00
1.200000000000000025e-02 1.000000000000000000e+00
1.200000000000000025e-02 1.000000000000000000e+00
1.200000000000000025e-02 1.000000000000000000e+00
1.200000000000000025e-02 1.000000000000000000e+00
1.200000000000000025e-02 1.000000000000000000e+00
1.200000000000000025e-02 1.000000000000000000e+00
1.200000000000000025e-02 1.000000000000000000e+00
1.200000000000000025e-02 1.000000000000000000e+00
1.200000000000000025e-02 1.000000000000000000e+00
1.200000000000000025e-02 1.000000000000000000e+00
1.200000000000000025e-02 1.000000000000000000e+00
1.200000000000000025e-02 1.000000000000000000e+00
1.200000000000000025e-02 1.000000000000000000e+00
1.200000000000000025e-02 1.000000000000000000e+00
1.200000000000000025e-02 1.000000000000000000e+00
1.200000000000000025e-02 1.000000000000000000e+00
1.200000000000000025e-02 1.000000000000000000e+00
1.200000000000000025e-02 1.000000000000000000e+00
1.200000000000000025e-02 1.000000000000000000e+00
1.200000000000000025e-02 1.000000000000000000e+00
1.200000000000000025e-02 1.000000000000000000e+00
1.200000000000000025e-02 1.000000000000000000e+00
1.200000000000000025e-02 1.000000000000000000e+00
1.200000000000000025e-02 1.000000000000000000e+00
1.200000000000000025e-02 1.000000000000000000e+00
1.200000000000000025e-02 1.000000000000000000e+00
1.200000000000000025e-02 1.000000000000000000e+00
1.200000000000000025e-02 1.000000000000000000e+00
1.200000000000000025e-02 1.000000000000000000e+00
1.200000000000000025e-02 1.000000000000000000e+00
1.200000000000000025e-02 1.000000000000000000e+00
1.200000000000000025e-02 1.000000000000000000e+00
1.200000000000000025e-02 1.000000000000000000e+00
1.200000000000000025e-02 1.000000000000000000e+00
1.200000000000000025e-02 1.000000000000000000e+00
1.200000000000000025e-02 1.000000000000000000e+00
1.200000000000000025e-02 1.000000000000000000e+00
1.200000000000000025e-02 1.000000000000000000e+00
1.200000000000000025e-02 1.000000000000000000e+00
1.200000000000000025e-02 1.000000000000000000e+00
1.200000000000000025e-02 1.000000000000000000e+00
1.200000000000000025e-02 1.000000000000000000e+00
1.200000000000000025e-02 1.000000000000000000e+00
1.200000000000000025e-02 1.000000000000000000e+00
1.200000000000000025e-02 1.000000000000000000e+00
1.200000000000000025e-02 1.000000000000000000e+00
1.200000000000000025e-02 1.000000000000000000e+00
1.200000000000000025e-02 1.000000000000000000e+00
1.200000000000000025e-02 1.000000000000000000e+00
1.200000000000000025e-02 1.000000000000000000e+00
1.200000000000000025e-02 1.000000000000000000e+00
1.200000000000000025e-02 1.000000000000000000e+00
1.200000000000000025e-02 1.000000000000000000e+00
1.200000000000000025e-02 1.000000000000000000e+00
1.200000000000000025e-02 1.000000000000000000e+00
1.200000000000000025e-02 1.000000000000000000e+00
1.200000000000000025e-02 1.000000000000000000e+00
1.200000000000000025e-02 1.000000000000000000e+00
1.200000000000000025e-02 1.000000000000000000e+00
1.200000000000000025e-02 1.000000000000000000e+00
1.200000000000000025e-02 1.000000000000000000e+00
1.200000000000000025e-02 1.000000000000000000e+00
1.200000000000000025e-02 1.000000000000000000e+00
1.200000000000000025e-02 1.000000000000000000e+00
1.200000000000000025e-02 1.000000000000000000e+00
1.200000000000000025e-02 1.000000000000000000e+00
1.200000000000000025e-02 1.000000000000000000e+00
1.200000000000000025e-02 1.000000000000000000e+00
1.200000000000000025e-02 1.000000000000000000e+00
1.200000000000000025e-02 1.000000000000000000e+00
1.200000000000000025e-02 1.000000000000000000e+00
1.200000000000000025e-02 1.000000000000000000e+00
1.200000000000000025e-02 1.000000000000000000e+00
1.200000000000000025e-02 1.000000000000000000e+00
1.200000000000000025e-02 1.000000000000000000e+00
1.200000000000000025e-02 1.000000000000000000e+00
1.200000000000000025e-02 1.000000000000000000e+00
1.200000000000000025e-02 1.000000000000000000e+00
1.200000000000000025e-02 1.000000000000000000e+00
1.200000000000000025e-02 1.000000000000000000e+00
1.200000000000000025e-02 1.000000000000000000e+00
1.200000000000000025e-02 1.000000000000000000e+00
1.200000000000000025e-02 1.000000000000000000e+00
1.200000000000000025e-02 1.000000000000000000e+00
1.200000000000000025e-02 1.000000000000000000e+00
1.200000000000000025e-02 1.000000000000000000e+00
1.200000000000000025e-02 1.000000000000000000e+00
1.200000000000000025e-02 1.000000000000000000e+00
1.200000000000000025e-02 1.000000000000000000e+00
1.200000000000000025e-02 1.000000000000000000e+00
1.200000000000000025e-02 1.000000000000000000e+00
1.200000000000000025e-02 1.000000000000000000e+00
1.200000000000000025e-02 1.000000000000000000e+00
1.200000000000000025e-02 1.000000000000000000e+00
1.200000000000000025e-02 1.000000000000000000e+00
1.200000000000000025e-02 1.000000000000000000e+00
1.200000000000000025e-02 1.000000000000000000e+00
1.200000000000000025e-02 1.000000000000000000e+00
1.200000000000000025e-02 1.000000000000000000e+00
1.200000000000000025e-02 1.000000000000000000e+00
1.200000000000000025e-02 1.000000000000000000e+00
1.200000000000000025e-02 1.000000000000000000e+00
1.200000000000000025e-02 1.000000000000000000e+00
1.200000000000000025e-02 1.000000000000000000e+00
1.200000000000000025e-02 1.000000000000000000e+00
1.200000000000000025e-02 1.000000000000000000e+00
1.200000000000000025e-02 1.000000000000000000e+00
1.200000000000000025e-02 1.000000000000000000e+00
1.200000000000000025e-02 1.000000000000000000e+00
1.200000000000000025e-02 1.000000000000000000e+00
1.200000000000000025e-02 1.000000000000000000e+00
1.200000000000000025e-02 1.000000000000000000e+00
1.200000000000000025e-02 1.000000000000000000e+00
1.200000000000000025e-02 1.000000000000000000e+00
1.200000000000000025e-02 1.000000000000000000e+00
1.200000000000000025e-02 1.000000000000000000e+00
1.200000000000000025e-02 1.000000000000000000e+00
1.200000000000000025e-02 1.000000000000000000e+00
1.200000000000000025e-02 1.000000000000000000e+00
1.200000000000000025e-02 1.000000000000000000e+00
1.200000000000000025e-02 1.000000000000000000e+00
1.200000000000000025e-02 1.000000000000000000e+00
1.200000000000000025e-02 1.000000000000000000e+00
1.200000000000000025e-02 1.000000000000000000e+00
1.200000000000000025e-02 1.000000000000000000e+00
1.200000000000000025e-02 1.000000000000000000e+00
1.200000000000000025e-02 1.000000000000000000e+00
1.200000000000000025e-02 1.000000000000000000e+00
1.200000000000000025e-02 1.000000000000000000e+00
1.200000000000000025e-02 1.000000000000000000e+00
1.200000000000000025e-02 1.000000000000000000e+00
1.200000000000000025e-02 1.000000000000000000e+00
1.200000000000000025e-02 1.000000000000000000e+00
1.200000000000000025e-02 1.000000000000000000e+00
1.200000000000000025e-02 1.000000000000000000e+00
1.200000000000000025e-02 1.000000000000000000e+00
1.200000000000000025e-02 1.000000000000000000e+00
1.200000000000000025e-02 1.000000000000000000e+00
1.200000000000000025e-02 1.000000000000000000e+00
1.200000000000000025e-02 1.000000000000000000e+00
1.200000000000000025e-02 1.000000000000000000e+00
1.200000000000000025e-02 1.000000000000000000e+00
1.200000000000000025e-02 1.000000000000000000e+00
1.200000000000000025e-02 1.000000000000000000e+00
1.200000000000000025e-02 1.000000000000000000e+00
1.200000000000000025e-02 1.000000000000000000e+00
1.200000000000000025e-02 1.000000000000000000e+00
1.200000000000000025e-02 1.000000000000000000e+00
1.200000000000000025e-02 1.000000000000000000e+00
1.200000000000000025e-02 1.000000000000000000e+00
1.200000000000000025e-02 1.000000000000000000e+00
1.200000000000000025e-02 1.000000000000000000e+00
1.200000000000000025e-02 1.000000000000000000e+00
1.200000000000000025e-02 1.000000000000000000e+00
1.200000000000000025e-02 1.000000000000000000e+00
1.200000000000000025e-02 1.000000000000000000e+00
1.200000000000000025e-02 1.000000000000000000e+00
1.200000000000000025e-02 1.000000000000000000e+00
1.200000000000000025e-02 1.000000000000000000e+00
1.200000000000000025e-02 1.000000000000000000e+00
1.200000000000000025e-02 1.000000000000000000e+00
1.200000000000000025e-02 1.000000000000000000e+00
1.200000000000000025e-02 1.000000000000000000e+00
1.200000000000000025e-02 1.000000000000000000e+00
1.200000000000000025e-02 1.000000000000000000e+00
1.200000000000000025e-02 1.000000000000000000e+00
1.200000000000000025e-02 1.000000000000000000e+00
1.200000000000000025e-02 1.000000000000000000e+00
1.200000000000000025e-02 1.000000000000000000e+00
1.200000000000000025e-02 1.000000000000000000e+00
1.200000000000000025e-02 1.000000000000000000e+00
1.200000000000000025e-02 1.000000000000000000e+00
1.200000000000000025e-02 1.000000000000000000e+00
1.200000000000000025e-02 1.000000000000000000e+00
1.200000000000000025e-02 1.000000000000000000e+00
1.200000000000000025e-02 1.000000000000000000e+00
1.200000000000000025e-02 1.000000000000000000e+00
1.200000000000000025e-02 1.000000000000000000e+00
1.200000000000000025e-02 1.000000000000000000e+00
1.200000000000000025e-02 1.000000000000000000e+00
1.200000000000000025e-02 1.000000000000000000e+00
1.200000000000000025e-02 1.000000000000000000e+00
1.200000000000000025e-02 1.000000000000000000e+00
1.200000000000000025e-02 1.000000000000000000e+00
1.200000000000000025e-02 1.000000000000000000e+00
1.200000000000000025e-02 1.000000000000000000e+00
1.200000000000000025e-02 1.000000000000000000e+00
1.200000000000000025e-02 1.000000000000000000e+00
1.200000000000000025e-02 1.000000000000000000e+00
1.200000000000000025e-02 1.000000000000000000e+00
1.200000000000000025e-02 1.000000000000000000e+00
1.200000000000000025e-02 1.000000000000000000e+00
1.200000000000000025e-02 1.000000000000000000e+00
1.200000000000000025e-02 1.000000000000000000e+00
1.200000000000000025e-02 1.000000000000000000e+00
1.200000000000000025e-02 1.000000000000000000e+00
1.200000000000000025e-02 1.000000000000000000e+00
1.200000000000000025e-02 1.000000000000000000e+00
1.200000000000000025e-02 1.000000000000000000e+00
1.200000000000000025e-02 1.000000000000000000e+00
1.200000000000000025e-02 1.000000000000000000e+00
1.200000000000000025e-02 1.000000000000000000e+00
1.200000000000000025e-02 1.000000000000000000e+00
1.200000000000000025e-02 1.000000000000000000e+00
1.200000000000000025e-02 1.000000000000000000e+00
1.200000000000000025e-02 1.000000000000000000e+00
1.200000000000000025e-02 1.000000000000000000e+00
1.200000000000000025e-02 1.000000000000000000e+00
1.200000000000000025e-02 1.000000000000000000e+00
1.200000000000000025e-02 1.000000000000000000e+00
1.200000000000000025e-02 1.000000000000000000e+00
1.200000000000000025e-02 1.000000000000000000e+00
1.200000000000000025e-02 1.000000000000000000e+00
1.200000000000000025e-02 1.000000000000000000e+00
1.200000000000000025e-02 1.000000000000000000e+00
1.200000000000000025e-02 1.000000000000000000e+00
1.200000000000000025e-02 1.000000000000000000e+00
1.200000000000000025e-02 1.000000000000000000e+00
1.200000000000000025e-02 1.000000000000000000e+00
1.200000000000000025e-02 1.000000000000000000e+00
1.200000000000000025e-02 1.000000000000000000e+00
1.200000000000000025e-02 1.000000000000000000e+00
1.200000000000000025e-02 1.000000000000000000e+00
1.200000000000000025e-02 1.000000000000000000e+00
1.200000000000000025e-02 1.000000000000000000e+00
1.200000000000000025e-02 1.000000000000000000e+00
1.200000000000000025e-02 1.000000000000000000e+00
1.200000000000000025e-02 1.000000000000000000e+00
1.200000000000000025e-02 1.000000000000000000e+00
1.200000000000000025e-02 1.000000000000000000e+00
1.200000000000000025e-02 1.000000000000000000e+00
1.200000000000000025e-02 1.000000000000000000e+00
1.200000000000000025e-02 1.000000000000000000e+00
1.200000000000000025e-02 1.000000000000000000e+00
1.200000000000000025e-02 1.000000000000000000e+00
1.200000000000000025e-02 1.000000000000000000e+00
1.200000000000000025e-02 1.000000000000000000e+00
1.200000000000000025e-02 1.000000000000000000e+00
1.200000000000000025e-02 1.000000000000000000e+00
1.200000000000000025e-02 1.000000000000000000e+00
1.200000000000000025e-02 1.000000000000000000e+00
1.200000000000000025e-02 1.000000000000000000e+00
1.200000000000000025e-02 1.000000000000000000e+00
1.200000000000000025e-02 1.000000000000000000e+00
1.200000000000000025e-02 1.000000000000000000e+00
1.200000000000000025e-02 1.000000000000000000e+00
1.200000000000000025e-02 1.000000000000000000e+00
1.200000000000000025e-02 1.000000000000000000e+00
1.200000000000000025e-02 1.000000000000000000e+00
1.200000000000000025e-02 1.000000000000000000e+00
1.200000000000000025e-02 1.000000000000000000e+00
1.200000000000000025e-02 1.000000000000000000e+00
1.200000000000000025e-02 1.000000000000000000e+00
1.200000000000000025e-02 1.000000000000000000e+00
1.200000000000000025e-02 1.000000000000000000e+00
1.200000000000000025e-02 1.000000000000000000e+00
1.200000000000000025e-02 1.000000000000000000e+00
1.200000000000000025e-02 1.000000000000000000e+00
1.200000000000000025e-02 1.000000000000000000e+00
1.200000000000000025e-02 1.000000000000000000e+00
1.200000000000000025e-02 1.000000000000000000e+00
1.200000000000000025e-02 1.000000000000000000e+00
1.200000000000000025e-02 1.000000000000000000e+00
1.200000000000000025e-02 1.000000000000000000e+00
1.200000000000000025e-02 1.000000000000000000e+00
1.200000000000000025e-02 1.000000000000000000e+00
1.200000000000000025e-02 1.000000000000000000e+00
1.200000000000000025e-02 1.000000000000000000e+00
1.200000000000000025e-02 1.000000000000000000e+00
1.200000000000000025e-02 1.000000000000000000e+00
1.200000000000000025e-02 1.000000000000000000e+00
1.200000000000000025e-02 1.000000000000000000e+00
1.200000000000000025e-02 1.000000000000000000e+00
1.200000000000000025e-02 1.000000000000000000e+00
1.200000000000000025e-02 1.000000000000000000e+00
1.200000000000000025e-02 1.000000000000000000e+00
1.200000000000000025e-02 1.000000000000000000e+00
1.200000000000000025e-02 1.000000000000000000e+00
1.200000000000000025e-02 1.000000000000000000e+00
1.200000000000000025e-02 1.000000000000000000e+00
1.200000000000000025e-02 1.000000000000000000e+00
1.200000000000000025e-02 1.000000000000000000e+00
1.200000000000000025e-02 1.000000000000000000e+00
1.200000000000000025e-02 1.000000000000000000e+00
1.200000000000000025e-02 1.000000000000000000e+00
1.200000000000000025e-02 1.000000000000000000e+00
1.200000000000000025e-02 1.000000000000000000e+00
1.200000000000000025e-02 1.000000000000000000e+00
1.200000000000000025e-02 1.000000000000000000e+00
1.200000000000000025e-02 1.000000000000000000e+00
1.200000000000000025e-02 1.000000000000000000e+00
1.200000000000000025e-02 1.000000000000000000e+00
1.200000000000000025e-02 1.000000000000000000e+00
1.200000000000000025e-02 1.000000000000000000e+00
1.200000000000000025e-02 1.000000000000000000e+00
1.200000000000000025e-02 1.000000000000000000e+00
1.200000000000000025e-02 1.000000000000000000e+00
1.200000000000000025e-02 1.000000000000000000e+00
1.200000000000000025e-02 1.000000000000000000e+00
1.200000000000000025e-02 1.000000000000000000e+00
1.200000000000000025e-02 1.000000000000000000e+00
1.200000000000000025e-02 1.000000000000000000e+00
1.200000000000000025e-02 1.000000000000000000e+00
1.200000000000000025e-02 1.000000000000000000e+00
1.200000000000000025e-02 1.000000000000000000e+00
1.200000000000000025e-02 1.000000000000000000e+00
1.200000000000000025e-02 1.000000000000000000e+00
1.200000000000000025e-02 1.000000000000000000e+00
1.200000000000000025e-02 1.000000000000000000e+00
1.200000000000000025e-02 1.000000000000000000e+00
1.200000000000000025e-02 1.000000000000000000e+00
1.200000000000000025e-02 1.000000000000000000e+00
1.200000000000000025e-02 1.000000000000000000e+00
1.200000000000000025e-02 1.000000000000000000e+00
1.200000000000000025e-02 1.000000000000000000e+00
1.200000000000000025e-02 1.000000000000000000e+00
1.200000000000000025e-02 1.000000000000000000e+00
1.200000000000000025e-02 1.000000000000000000e+00
1.200000000000000025e-02 1.000000000000000000e+00
1.200000000000000025e-02 1.000000000000000000e+00
1.200000000000000025e-02 1.000000000000000000e+00
1.200000000000000025e-02 1.000000000000000000e+00
1.200000000000000025e-02 1.000000000000000000e+00
1.200000000000000025e-02 1.000000000000000000e+00
1.200000000000000025e-02 1.000000000000000000e+00
1.200000000000000025e-02 1.000000000000000000e+00
1.200000000000000025e-02 1.000000000000000000e+00
1.200000000000000025e-02 1.000000000000000000e+00
1.200000000000000025e-02 1.000000000000000000e+00
1.200000000000000025e-02 1.000000000000000000e+00
1.200000000000000025e-02 1.000000000000000000e+00
1.200000000000000025e-02 1.000000000000000000e+00
1.200000000000000025e-02 1.000000000000000000e+00
1.200000000000000025e-02 1.000000000000000000e+00
1.200000000000000025e-02 1.000000000000000000e+00
1.200000000000000025e-02 1.000000000000000000e+00
1.200000000000000025e-02 1.000000000000000000e+00
1.200000000000000025e-02 1.000000000000000000e+00
1.200000000000000025e-02 1.000000000000000000e+00
1.200000000000000025e-02 1.000000000000000000e+00
1.200000000000000025e-02 1.000000000000000000e+00
1.200000000000000025e-02 1.000000000000000000e+00
1.200000000000000025e-02 1.000000000000000000e+00
1.200000000000000025e-02 1.000000000000000000e+00
1.200000000000000025e-02 1.000000000000000000e+00
1.200000000000000025e-02 1.000000000000000000e+00
1.200000000000000025e-02 1.000000000000000000e+00
1.200000000000000025e-02 1.000000000000000000e+00
1.200000000000000025e-02 1.000000000000000000e+00
1.200000000000000025e-02 1.000000000000000000e+00
1.200000000000000025e-02 1.000000000000000000e+00
1.200000000000000025e-02 1.000000000000000000e+00
1.200000000000000025e-02 1.000000000000000000e+00
1.200000000000000025e-02 1.000000000000000000e+00
1.200000000000000025e-02 1.000000000000000000e+00
1.200000000000000025e-02 1.000000000000000000e+00
1.200000000000000025e-02 1.000000000000000000e+00
1.200000000000000025e-02 1.000000000000000000e+00
1.200000000000000025e-02 1.000000000000000000e+00
1.200000000000000025e-02 1.000000000000000000e+00
1.200000000000000025e-02 1.000000000000000000e+00
1.200000000000000025e-02 1.000000000000000000e+00
1.200000000000000025e-02 1.000000000000000000e+00
1.200000000000000025e-02 1.000000000000000000e+00
1.200000000000000025e-02 1.000000000000000000e+00
1.200000000000000025e-02 1.000000000000000000e+00
1.200000000000000025e-02 1.000000000000000000e+00
1.200000000000000025e-02 1.000000000000000000e+00
1.200000000000000025e-02 1.000000000000000000e+00
1.200000000000000025e-02 1.000000000000000000e+00
1.200000000000000025e-02 1.000000000000000000e+00
1.200000000000000025e-02 1.000000000000000000e+00
1.200000000000000025e-02 1.000000000000000000e+00
1.200000000000000025e-02 1.000000000000000000e+00
1.200000000000000025e-02 1.000000000000000000e+00
1.200000000000000025e-02 1.000000000000000000e+00
1.200000000000000025e-02 1.000000000000000000e+00
1.200000000000000025e-02 1.000000000000000000e+00
1.200000000000000025e-02 1.000000000000000000e+00
1.200000000000000025e-02 1.000000000000000000e+00
1.200000000000000025e-02 1.000000000000000000e+00
1.200000000000000025e-02 1.000000000000000000e+00
1.200000000000000025e-02 1.000000000000000000e+00
1.200000000000000025e-02 1.000000000000000000e+00
1.200000000000000025e-02 1.000000000000000000e+00
1.200000000000000025e-02 1.000000000000000000e+00
1.200000000000000025e-02 1.000000000000000000e+00
1.200000000000000025e-02 1.000000000000000000e+00
1.200000000000000025e-02 1.000000000000000000e+00
1.200000000000000025e-02 1.000000000000000000e+00
1.200000000000000025e-02 1.000000000000000000e+00
1.200000000000000025e-02 1.000000000000000000e+00
1.200000000000000025e-02 1.000000000000000000e+00
1.200000000000000025e-02 1.000000000000000000e+00
1.200000000000000025e-02 1.000000000000000000e+00
1.200000000000000025e-02 1.000000000000000000e+00
1.200000000000000025e-02 1.000000000000000000e+00
1.200000000000000025e-02 1.000000000000000000e+00
1.200000000000000025e-02 1.000000000000000000e+00
1.200000000000000025e-02 1.000000000000000000e+00
1.200000000000000025e-02 1.000000000000000000e+00
1.200000000000000025e-02 1.000000000000000000e+00
1.200000000000000025e-02 1.000000000000000000e+00
1.200000000000000025e-02 1.000000000000000000e+00
1.200000000000000025e-02 1.000000000000000000e+00
1.200000000000000025e-02 1.000000000000000000e+00
1.200000000000000025e-02 1.000000000000000000e+00
1.200000000000000025e-02 1.000000000000000000e+00
1.200000000000000025e-02 1.000000000000000000e+00
1.200000000000000025e-02 1.000000000000000000e+00
1.200000000000000025e-02 1.000000000000000000e+00
1.200000000000000025e-02 1.000000000000000000e+00
1.200000000000000025e-02 1.000000000000000000e+00
1.200000000000000025e-02 1.000000000000000000e+00
1.200000000000000025e-02 1.000000000000000000e+00
1.200000000000000025e-02 1.000000000000000000e+00
1.200000000000000025e-02 1.000000000000000000e+00
1.200000000000000025e-02 1.000000000000000000e+00
1.200000000000000025e-02 1.000000000000000000e+00
1.200000000000000025e-02 1.000000000000000000e+00
1.200000000000000025e-02 1.000000000000000000e+00
1.200000000000000025e-02 1.000000000000000000e+00
1.200000000000000025e-02 1.000000000000000000e+00
